-- MySQL Administrator dump 1.4
--
-- ------------------------------------------------------
-- Server version	5.5.21


/*!40101 SET @OLD_CHARACTER_SET_CLIENT=@@CHARACTER_SET_CLIENT */;
/*!40101 SET @OLD_CHARACTER_SET_RESULTS=@@CHARACTER_SET_RESULTS */;
/*!40101 SET @OLD_COLLATION_CONNECTION=@@COLLATION_CONNECTION */;
/*!40101 SET NAMES utf8 */;

/*!40014 SET @OLD_UNIQUE_CHECKS=@@UNIQUE_CHECKS, UNIQUE_CHECKS=0 */;
/*!40014 SET @OLD_FOREIGN_KEY_CHECKS=@@FOREIGN_KEY_CHECKS, FOREIGN_KEY_CHECKS=0 */;
/*!40101 SET @OLD_SQL_MODE=@@SQL_MODE, SQL_MODE='NO_AUTO_VALUE_ON_ZERO' */;


--
-- Create schema taxview
--

CREATE DATABASE IF NOT EXISTS wxfqz;
USE wxfqz;

--
-- Definition of table `dm_dj_djzclx`
--

DROP TABLE IF EXISTS `dm_dj_djzclx`;
CREATE TABLE `dm_dj_djzclx` (
  `ID` varchar(32) NOT NULL,
  `DJZCLX_DM_DL` varchar(3) NOT NULL,
  `DJZCLXMC_DL` varchar(120) NOT NULL,
  `DJZCLX_DM_ZL` varchar(3) NOT NULL,
  `DJZCLXMC_ZL` varchar(120) NOT NULL,
  `DJZCLX_DM_XL` varchar(3) NOT NULL,
  `DJZCLXMC_XL` varchar(120) NOT NULL,
  PRIMARY KEY (`ID`)
) ENGINE=InnoDB DEFAULT CHARSET=utf8;

--
-- Dumping data for table `dm_dj_djzclx`
--

/*!40000 ALTER TABLE `dm_dj_djzclx` DISABLE KEYS */;
INSERT INTO `dm_dj_djzclx` (`ID`,`DJZCLX_DM_DL`,`DJZCLXMC_DL`,`DJZCLX_DM_ZL`,`DJZCLXMC_ZL`,`DJZCLX_DM_XL`,`DJZCLXMC_XL`) VALUES 
 ('1','100','内资企业','170','私营企业','175','个人独资及合伙企业'),
 ('10','100','内资企业','160','股份有限公司','162','国有相对控股上市企业'),
 ('11','100','内资企业','160','股份有限公司','161','国有绝对控股上市企业'),
 ('12','100','内资企业','150','有限责任公司','159','其他有限责任公司'),
 ('13','100','内资企业','150','有限责任公司','151','国有独资公司'),
 ('14','100','内资企业','140','联营企业','149','其他联营企业'),
 ('15','100','内资企业','140','联营企业','143','国有与集体联营企业'),
 ('16','100','内资企业','140','联营企业','142','集体联营企业'),
 ('17','100','内资企业','140','联营企业','141','国有联营企业'),
 ('18','200','港、澳、台商投资企业','250','（港澳台商）企业','259','其他港澳台商企业'),
 ('19','200','港、澳、台商投资企业','250','（港澳台商）企业','255','（港澳台商）金融和保险企业'),
 ('2','100','内资企业','170','私营企业','174','私营股份有限公司'),
 ('20','200','港、澳、台商投资企业','250','（港澳台商）企业','254','（港澳台商）国际运输企业'),
 ('21','200','港、澳、台商投资企业','250','（港澳台商）企业','253','（港澳台商）缴纳预提所得税的企业'),
 ('22','200','港、澳、台商投资企业','250','（港澳台商）企业','252','（港澳台商）提供劳务承包工程作业企业'),
 ('23','200','港、澳、台商投资企业','250','（港澳台商）企业','251','（港澳台商）企业常驻代表机构'),
 ('24','300','外商投资企业','350','外国企业','359','其他外国企业'),
 ('25','300','外商投资企业','350','外国企业','355','金融和保险企业'),
 ('26','300','外商投资企业','350','外国企业','354','国际运输企业'),
 ('27','300','外商投资企业','350','外国企业','353','缴纳预提所得税的企业'),
 ('28','300','外商投资企业','350','外国企业','352','提供劳务、承包工程作业企业'),
 ('29','300','外商投资企业','350','外国企业','351','外国企业常驻代表机构'),
 ('3','100','内资企业','170','私营企业','173','私营有限责任公司'),
 ('30','400','个体经营','430','个人','433','外资个人'),
 ('31','400','个体经营','430','个人','432','港澳台个人'),
 ('32','400','个体经营','430','个人','431','内资个人'),
 ('33','400','个体经营','420','个人合伙','423','外资合伙'),
 ('34','400','个体经营','420','个人合伙','422','港澳台合伙'),
 ('35','400','个体经营','420','个人合伙','421','内资合伙'),
 ('36','400','个体经营','410','个体工商户','413','外资个体'),
 ('37','400','个体经营','410','个体工商户','412','港澳台个体'),
 ('38','400','个体经营','410','个体工商户','411','内资个体'),
 ('39','500','非企业单位','520','民办非企业单位','523','民办非企业单位（个人）'),
 ('4','100','内资企业','170','私营企业','172','私营合伙企业'),
 ('40','500','非企业单位','520','民办非企业单位','522','民办非企业单位（合伙）'),
 ('41','500','非企业单位','520','民办非企业单位','521','民办非企业单位（法人）'),
 ('5','100','内资企业','170','私营企业','171','私营独资企业'),
 ('6','100','内资企业','160','股份有限公司','166','非国有控股非上市企业'),
 ('7','100','内资企业','160','股份有限公司','165','国有相对控股非上市企业'),
 ('8','100','内资企业','160','股份有限公司','164','国有绝对控股非上市企业'),
 ('9','100','内资企业','160','股份有限公司','163','非国有控股上市企业');
/*!40000 ALTER TABLE `dm_dj_djzclx` ENABLE KEYS */;


--
-- Definition of table `dm_dq_qgxzqhssx`
--

DROP TABLE IF EXISTS `dm_dq_qgxzqhssx`;
CREATE TABLE `dm_dq_qgxzqhssx` (
  `ID` varchar(32) NOT NULL,
  `XZQHSZ_DM_SHENG` varchar(6) DEFAULT NULL,
  `XZQHMC_SHENG` varchar(150) DEFAULT NULL,
  `XZQHSZ_DM_SHI` varchar(6) DEFAULT NULL,
  `XZQHMC_SHI` varchar(150) DEFAULT NULL,
  `XZQHSZ_DM_XIAN` varchar(6) DEFAULT NULL,
  `XZQHMC_XIAN` varchar(150) DEFAULT NULL,
  PRIMARY KEY (`ID`)
) ENGINE=InnoDB DEFAULT CHARSET=utf8;

--
-- Dumping data for table `dm_dq_qgxzqhssx`
--

/*!40000 ALTER TABLE `dm_dq_qgxzqhssx` DISABLE KEYS */;
INSERT INTO `dm_dq_qgxzqhssx` (`ID`,`XZQHSZ_DM_SHENG`,`XZQHMC_SHENG`,`XZQHSZ_DM_SHI`,`XZQHMC_SHI`,`XZQHSZ_DM_XIAN`,`XZQHMC_XIAN`) VALUES 
 ('1','110000','北京市','110000','北京市','110101','东城区'),
 ('10','110000','北京市','110000','北京市','110113','顺义区'),
 ('100','130000','河北省','130400','邯郸市','130434','魏县'),
 ('1000','340000','安徽省','340600','淮北市','340604','烈山区'),
 ('1001','340000','安徽省','340600','淮北市','340621','濉溪县'),
 ('1002','340000','安徽省','340700','铜陵市','340702','铜官山区'),
 ('1003','340000','安徽省','340700','铜陵市','340703','狮子山区'),
 ('1004','340000','安徽省','340700','铜陵市','340705','铜官区'),
 ('1005','340000','安徽省','340700','铜陵市','340706','义安区'),
 ('1006','340000','安徽省','340700','铜陵市','340711','郊区'),
 ('1007','340000','安徽省','340700','铜陵市','340721','铜陵县'),
 ('1008','340000','安徽省','340700','铜陵市','340722','枞阳县'),
 ('1009','340000','安徽省','340800','安庆市','340802','迎江区'),
 ('101','130000','河北省','130400','邯郸市','130435','曲周县'),
 ('1010','340000','安徽省','340800','安庆市','340803','大观区'),
 ('1011','340000','安徽省','340800','安庆市','340811','宜秀区'),
 ('1012','340000','安徽省','340800','安庆市','340822','怀宁县'),
 ('1013','340000','安徽省','340800','安庆市','340823','枞阳县'),
 ('1014','340000','安徽省','340800','安庆市','340824','潜山县'),
 ('1015','340000','安徽省','340800','安庆市','340825','太湖县'),
 ('1016','340000','安徽省','340800','安庆市','340826','宿松县'),
 ('1017','340000','安徽省','340800','安庆市','340827','望江县'),
 ('1018','340000','安徽省','340800','安庆市','340828','岳西县'),
 ('1019','340000','安徽省','340800','安庆市','340881','桐城市'),
 ('102','130000','河北省','130400','邯郸市','130481','武安市'),
 ('1020','340000','安徽省','341000','黄山市','341002','屯溪区'),
 ('1021','340000','安徽省','341000','黄山市','341003','黄山区'),
 ('1022','340000','安徽省','341000','黄山市','341004','徽州区'),
 ('1023','340000','安徽省','341000','黄山市','341021','歙县'),
 ('1024','340000','安徽省','341000','黄山市','341022','休宁县'),
 ('1025','340000','安徽省','341000','黄山市','341023','黟县'),
 ('1026','340000','安徽省','341000','黄山市','341024','祁门县'),
 ('1027','340000','安徽省','341100','滁州市','341102','琅琊区'),
 ('1028','340000','安徽省','341100','滁州市','341103','南谯区'),
 ('1029','340000','安徽省','341100','滁州市','341122','来安县'),
 ('103','130000','河北省','130500','邢台市','130502','桥东区'),
 ('1030','340000','安徽省','341100','滁州市','341124','全椒县'),
 ('1031','340000','安徽省','341100','滁州市','341125','定远县'),
 ('1032','340000','安徽省','341100','滁州市','341126','凤阳县'),
 ('1033','340000','安徽省','341100','滁州市','341181','天长市'),
 ('1034','340000','安徽省','341100','滁州市','341182','明光市'),
 ('1035','340000','安徽省','341200','阜阳市','341202','颍州区'),
 ('1036','340000','安徽省','341200','阜阳市','341203','颍东区'),
 ('1037','340000','安徽省','341200','阜阳市','341204','颍泉区'),
 ('1038','340000','安徽省','341200','阜阳市','341221','临泉县'),
 ('1039','340000','安徽省','341200','阜阳市','341222','太和县'),
 ('104','130000','河北省','130500','邢台市','130503','桥西区'),
 ('1040','340000','安徽省','341200','阜阳市','341225','阜南县'),
 ('1041','340000','安徽省','341200','阜阳市','341226','颍上县'),
 ('1042','340000','安徽省','341200','阜阳市','341282','界首市'),
 ('1043','340000','安徽省','341300','宿州市','341302','埇桥区'),
 ('1044','340000','安徽省','341300','宿州市','341321','砀山县'),
 ('1045','340000','安徽省','341300','宿州市','341322','萧县'),
 ('1046','340000','安徽省','341300','宿州市','341323','灵璧县'),
 ('1047','340000','安徽省','341300','宿州市','341324','泗县'),
 ('1048','340000','安徽省','341500','六安市','341502','金安区'),
 ('1049','340000','安徽省','341500','六安市','341503','裕安区'),
 ('105','130000','河北省','130500','邢台市','130521','邢台县'),
 ('1050','340000','安徽省','341500','六安市','341504','叶集区'),
 ('1051','340000','安徽省','341500','六安市','341521','寿县'),
 ('1052','340000','安徽省','341500','六安市','341522','霍邱县'),
 ('1053','340000','安徽省','341500','六安市','341523','舒城县'),
 ('1054','340000','安徽省','341500','六安市','341524','金寨县'),
 ('1055','340000','安徽省','341500','六安市','341525','霍山县'),
 ('1056','340000','安徽省','341600','亳州市','341602','谯城区'),
 ('1057','340000','安徽省','341600','亳州市','341621','涡阳县'),
 ('1058','340000','安徽省','341600','亳州市','341622','蒙城县'),
 ('1059','340000','安徽省','341600','亳州市','341623','利辛县'),
 ('106','130000','河北省','130500','邢台市','130522','临城县'),
 ('1060','340000','安徽省','341700','池州市','341702','贵池区'),
 ('1061','340000','安徽省','341700','池州市','341721','东至县'),
 ('1062','340000','安徽省','341700','池州市','341722','石台县'),
 ('1063','340000','安徽省','341700','池州市','341723','青阳县'),
 ('1064','340000','安徽省','341800','宣城市','341802','宣州区'),
 ('1065','340000','安徽省','341800','宣城市','341821','郎溪县'),
 ('1066','340000','安徽省','341800','宣城市','341822','广德县'),
 ('1067','340000','安徽省','341800','宣城市','341823','泾县'),
 ('1068','340000','安徽省','341800','宣城市','341824','绩溪县'),
 ('1069','340000','安徽省','341800','宣城市','341825','旌德县'),
 ('107','130000','河北省','130500','邢台市','130523','内丘县'),
 ('1070','340000','安徽省','341800','宣城市','341881','宁国市'),
 ('1071','350000','福建省','350100','福州市','350102','鼓楼区'),
 ('1072','350000','福建省','350100','福州市','350103','台江区'),
 ('1073','350000','福建省','350100','福州市','350104','仓山区'),
 ('1074','350000','福建省','350100','福州市','350105','马尾区'),
 ('1075','350000','福建省','350100','福州市','350111','晋安区'),
 ('1076','350000','福建省','350100','福州市','350121','闽侯县'),
 ('1077','350000','福建省','350100','福州市','350122','连江县'),
 ('1078','350000','福建省','350100','福州市','350123','罗源县'),
 ('1079','350000','福建省','350100','福州市','350124','闽清县'),
 ('108','130000','河北省','130500','邢台市','130524','柏乡县'),
 ('1080','350000','福建省','350100','福州市','350125','永泰县'),
 ('1081','350000','福建省','350100','福州市','350128','平潭县'),
 ('1082','350000','福建省','350100','福州市','350181','福清市'),
 ('1083','350000','福建省','350100','福州市','350182','长乐市'),
 ('1084','350000','福建省','350200','厦门市','350203','思明区'),
 ('1085','350000','福建省','350200','厦门市','350205','海沧区'),
 ('1086','350000','福建省','350200','厦门市','350206','湖里区'),
 ('1087','350000','福建省','350200','厦门市','350211','集美区'),
 ('1088','350000','福建省','350200','厦门市','350212','同安区'),
 ('1089','350000','福建省','350200','厦门市','350213','翔安区'),
 ('109','130000','河北省','130500','邢台市','130525','隆尧县'),
 ('1090','350000','福建省','350300','莆田市','350302','城厢区'),
 ('1091','350000','福建省','350300','莆田市','350303','涵江区'),
 ('1092','350000','福建省','350300','莆田市','350304','荔城区'),
 ('1093','350000','福建省','350300','莆田市','350305','秀屿区'),
 ('1094','350000','福建省','350300','莆田市','350322','仙游县'),
 ('1095','350000','福建省','350400','三明市','350402','梅列区'),
 ('1096','350000','福建省','350400','三明市','350403','三元区'),
 ('1097','350000','福建省','350400','三明市','350421','明溪县'),
 ('1098','350000','福建省','350400','三明市','350423','清流县'),
 ('1099','350000','福建省','350400','三明市','350424','宁化县'),
 ('11','110000','北京市','110000','北京市','110114','昌平区'),
 ('110','130000','河北省','130500','邢台市','130526','任县'),
 ('1100','350000','福建省','350400','三明市','350425','大田县'),
 ('1101','350000','福建省','350400','三明市','350426','尤溪县'),
 ('1102','350000','福建省','350400','三明市','350427','沙县'),
 ('1103','350000','福建省','350400','三明市','350428','将乐县'),
 ('1104','350000','福建省','350400','三明市','350429','泰宁县'),
 ('1105','350000','福建省','350400','三明市','350430','建宁县'),
 ('1106','350000','福建省','350400','三明市','350481','永安市'),
 ('1107','350000','福建省','350500','泉州市','350502','鲤城区'),
 ('1108','350000','福建省','350500','泉州市','350503','丰泽区'),
 ('1109','350000','福建省','350500','泉州市','350504','洛江区'),
 ('111','130000','河北省','130500','邢台市','130527','南和县'),
 ('1110','350000','福建省','350500','泉州市','350505','泉港区'),
 ('1111','350000','福建省','350500','泉州市','350521','惠安县'),
 ('1112','350000','福建省','350500','泉州市','350524','安溪县'),
 ('1113','350000','福建省','350500','泉州市','350525','永春县'),
 ('1114','350000','福建省','350500','泉州市','350526','德化县'),
 ('1115','350000','福建省','350500','泉州市','350527','金门县'),
 ('1116','350000','福建省','350500','泉州市','350581','石狮市'),
 ('1117','350000','福建省','350500','泉州市','350582','晋江市'),
 ('1118','350000','福建省','350500','泉州市','350583','南安市'),
 ('1119','350000','福建省','350600','漳州市','350602','芗城区'),
 ('112','130000','河北省','130500','邢台市','130528','宁晋县'),
 ('1120','350000','福建省','350600','漳州市','350603','龙文区'),
 ('1121','350000','福建省','350600','漳州市','350622','云霄县'),
 ('1122','350000','福建省','350600','漳州市','350623','漳浦县'),
 ('1123','350000','福建省','350600','漳州市','350624','诏安县'),
 ('1124','350000','福建省','350600','漳州市','350625','长泰县'),
 ('1125','350000','福建省','350600','漳州市','350626','东山县'),
 ('1126','350000','福建省','350600','漳州市','350627','南靖县'),
 ('1127','350000','福建省','350600','漳州市','350628','平和县'),
 ('1128','350000','福建省','350600','漳州市','350629','华安县'),
 ('1129','350000','福建省','350600','漳州市','350681','龙海市'),
 ('113','130000','河北省','130500','邢台市','130529','巨鹿县'),
 ('1130','350000','福建省','350700','南平市','350702','延平区'),
 ('1131','350000','福建省','350700','南平市','350721','顺昌县'),
 ('1132','350000','福建省','350700','南平市','350722','浦城县'),
 ('1133','350000','福建省','350700','南平市','350723','光泽县'),
 ('1134','350000','福建省','350700','南平市','350724','松溪县'),
 ('1135','350000','福建省','350700','南平市','350725','政和县'),
 ('1136','350000','福建省','350700','南平市','350781','邵武市'),
 ('1137','350000','福建省','350700','南平市','350782','武夷山市'),
 ('1138','350000','福建省','350700','南平市','350783','建瓯市'),
 ('1139','350000','福建省','350700','南平市','350784','建阳市'),
 ('114','130000','河北省','130500','邢台市','130530','新河县'),
 ('1140','350000','福建省','350800','龙岩市','350802','新罗区'),
 ('1141','350000','福建省','350800','龙岩市','350821','长汀县'),
 ('1142','350000','福建省','350800','龙岩市','350822','永定县'),
 ('1143','350000','福建省','350800','龙岩市','350823','上杭县'),
 ('1144','350000','福建省','350800','龙岩市','350824','武平县'),
 ('1145','350000','福建省','350800','龙岩市','350825','连城县'),
 ('1146','350000','福建省','350800','龙岩市','350881','漳平市'),
 ('1147','350000','福建省','350900','宁德市','350902','蕉城区'),
 ('1148','350000','福建省','350900','宁德市','350921','霞浦县'),
 ('1149','350000','福建省','350900','宁德市','350922','古田县'),
 ('115','130000','河北省','130500','邢台市','130531','广宗县'),
 ('1150','350000','福建省','350900','宁德市','350923','屏南县'),
 ('1151','350000','福建省','350900','宁德市','350924','寿宁县'),
 ('1152','350000','福建省','350900','宁德市','350925','周宁县'),
 ('1153','350000','福建省','350900','宁德市','350926','柘荣县'),
 ('1154','350000','福建省','350900','宁德市','350981','福安市'),
 ('1155','350000','福建省','350900','宁德市','350982','福鼎市'),
 ('1156','360000','江西省','360100','南昌市','360102','东湖区'),
 ('1157','360000','江西省','360100','南昌市','360103','西湖区'),
 ('1158','360000','江西省','360100','南昌市','360104','青云谱区'),
 ('1159','360000','江西省','360100','南昌市','360105','湾里区'),
 ('116','130000','河北省','130500','邢台市','130532','平乡县'),
 ('1160','360000','江西省','360100','南昌市','360111','青山湖区'),
 ('1161','360000','江西省','360100','南昌市','360121','南昌县'),
 ('1162','360000','江西省','360100','南昌市','360122','新建县'),
 ('1163','360000','江西省','360100','南昌市','360123','安义县'),
 ('1164','360000','江西省','360100','南昌市','360124','进贤县'),
 ('1165','360000','江西省','360200','景德镇市','360202','昌江区'),
 ('1166','360000','江西省','360200','景德镇市','360203','珠山区'),
 ('1167','360000','江西省','360200','景德镇市','360222','浮梁县'),
 ('1168','360000','江西省','360200','景德镇市','360281','乐平市'),
 ('1169','360000','江西省','360300','萍乡市','360302','安源区'),
 ('117','130000','河北省','130500','邢台市','130533','威县'),
 ('1170','360000','江西省','360300','萍乡市','360313','湘东区'),
 ('1171','360000','江西省','360300','萍乡市','360321','莲花县'),
 ('1172','360000','江西省','360300','萍乡市','360322','上栗县'),
 ('1173','360000','江西省','360300','萍乡市','360323','芦溪县'),
 ('1174','360000','江西省','360400','九江市','360402','濂溪区'),
 ('1175','360000','江西省','360400','九江市','360403','浔阳区'),
 ('1176','360000','江西省','360400','九江市','360421','九江县'),
 ('1177','360000','江西省','360400','九江市','360423','武宁县'),
 ('1178','360000','江西省','360400','九江市','360424','修水县'),
 ('1179','360000','江西省','360400','九江市','360425','永修县'),
 ('118','130000','河北省','130500','邢台市','130534','清河县'),
 ('1180','360000','江西省','360400','九江市','360426','德安县'),
 ('1181','360000','江西省','360400','九江市','360427','星子县'),
 ('1182','360000','江西省','360400','九江市','360428','都昌县'),
 ('1183','360000','江西省','360400','九江市','360429','湖口县'),
 ('1184','360000','江西省','360400','九江市','360430','彭泽县'),
 ('1185','360000','江西省','360400','九江市','360481','瑞昌市'),
 ('1186','360000','江西省','360400','九江市','360482','共青城市'),
 ('1187','360000','江西省','360400','九江市','360483','庐山市'),
 ('1188','360000','江西省','360500','新余市','360502','渝水区'),
 ('1189','360000','江西省','360500','新余市','360521','分宜县'),
 ('119','130000','河北省','130500','邢台市','130535','临西县'),
 ('1190','360000','江西省','360600','鹰潭市','360602','月湖区'),
 ('1191','360000','江西省','360600','鹰潭市','360622','余江县'),
 ('1192','360000','江西省','360600','鹰潭市','360681','贵溪市'),
 ('1193','360000','江西省','360700','赣州市','360702','章贡区'),
 ('1194','360000','江西省','360700','赣州市','360703','南康区'),
 ('1195','360000','江西省','360700','赣州市','360721','赣县'),
 ('1196','360000','江西省','360700','赣州市','360722','信丰县'),
 ('1197','360000','江西省','360700','赣州市','360723','大余县'),
 ('1198','360000','江西省','360700','赣州市','360724','上犹县'),
 ('1199','360000','江西省','360700','赣州市','360725','崇义县'),
 ('12','110000','北京市','110000','北京市','110115','大兴区'),
 ('120','130000','河北省','130500','邢台市','130581','南宫市'),
 ('1200','360000','江西省','360700','赣州市','360726','安远县'),
 ('1201','360000','江西省','360700','赣州市','360727','龙南县'),
 ('1202','360000','江西省','360700','赣州市','360728','定南县'),
 ('1203','360000','江西省','360700','赣州市','360729','全南县'),
 ('1204','360000','江西省','360700','赣州市','360730','宁都县'),
 ('1205','360000','江西省','360700','赣州市','360731','于都县'),
 ('1206','360000','江西省','360700','赣州市','360732','兴国县'),
 ('1207','360000','江西省','360700','赣州市','360733','会昌县'),
 ('1208','360000','江西省','360700','赣州市','360734','寻乌县'),
 ('1209','360000','江西省','360700','赣州市','360735','石城县'),
 ('121','130000','河北省','130500','邢台市','130582','沙河市'),
 ('1210','360000','江西省','360700','赣州市','360781','瑞金市'),
 ('1211','360000','江西省','360700','赣州市','360782','南康市'),
 ('1212','360000','江西省','360800','吉安市','360802','吉州区'),
 ('1213','360000','江西省','360800','吉安市','360803','青原区'),
 ('1214','360000','江西省','360800','吉安市','360821','吉安县'),
 ('1215','360000','江西省','360800','吉安市','360822','吉水县'),
 ('1216','360000','江西省','360800','吉安市','360823','峡江县'),
 ('1217','360000','江西省','360800','吉安市','360824','新干县'),
 ('1218','360000','江西省','360800','吉安市','360825','永丰县'),
 ('1219','360000','江西省','360800','吉安市','360826','泰和县'),
 ('122','130000','河北省','130600','保定市','130602','竞秀区'),
 ('1220','360000','江西省','360800','吉安市','360827','遂川县'),
 ('1221','360000','江西省','360800','吉安市','360828','万安县'),
 ('1222','360000','江西省','360800','吉安市','360829','安福县'),
 ('1223','360000','江西省','360800','吉安市','360830','永新县'),
 ('1224','360000','江西省','360800','吉安市','360881','井冈山市'),
 ('1225','360000','江西省','360900','宜春市','360902','袁州区'),
 ('1226','360000','江西省','360900','宜春市','360921','奉新县'),
 ('1227','360000','江西省','360900','宜春市','360922','万载县'),
 ('1228','360000','江西省','360900','宜春市','360923','上高县'),
 ('1229','360000','江西省','360900','宜春市','360924','宜丰县'),
 ('123','130000','河北省','130600','保定市','130603','北市区'),
 ('1230','360000','江西省','360900','宜春市','360925','靖安县'),
 ('1231','360000','江西省','360900','宜春市','360926','铜鼓县'),
 ('1232','360000','江西省','360900','宜春市','360981','丰城市'),
 ('1233','360000','江西省','360900','宜春市','360982','樟树市'),
 ('1234','360000','江西省','360900','宜春市','360983','高安市'),
 ('1235','360000','江西省','361000','抚州市','361002','临川区'),
 ('1236','360000','江西省','361000','抚州市','361021','南城县'),
 ('1237','360000','江西省','361000','抚州市','361022','黎川县'),
 ('1238','360000','江西省','361000','抚州市','361023','南丰县'),
 ('1239','360000','江西省','361000','抚州市','361024','崇仁县'),
 ('124','130000','河北省','130600','保定市','130604','南市区'),
 ('1240','360000','江西省','361000','抚州市','361025','乐安县'),
 ('1241','360000','江西省','361000','抚州市','361026','宜黄县'),
 ('1242','360000','江西省','361000','抚州市','361027','金溪县'),
 ('1243','360000','江西省','361000','抚州市','361028','资溪县'),
 ('1244','360000','江西省','361000','抚州市','361029','东乡县'),
 ('1245','360000','江西省','361000','抚州市','361030','广昌县'),
 ('1246','360000','江西省','361100','上饶市','361102','信州区'),
 ('1247','360000','江西省','361100','上饶市','361121','上饶县'),
 ('1248','360000','江西省','361100','上饶市','361122','广丰县'),
 ('1249','360000','江西省','361100','上饶市','361123','玉山县'),
 ('125','130000','河北省','130600','保定市','130606','莲池区'),
 ('1250','360000','江西省','361100','上饶市','361124','铅山县'),
 ('1251','360000','江西省','361100','上饶市','361125','横峰县'),
 ('1252','360000','江西省','361100','上饶市','361126','弋阳县'),
 ('1253','360000','江西省','361100','上饶市','361127','余干县'),
 ('1254','360000','江西省','361100','上饶市','361128','鄱阳县'),
 ('1255','360000','江西省','361100','上饶市','361129','万年县'),
 ('1256','360000','江西省','361100','上饶市','361130','婺源县'),
 ('1257','360000','江西省','361100','上饶市','361181','德兴市'),
 ('1258','370000','山东省','370100','济南市','370102','历下区'),
 ('1259','370000','山东省','370100','济南市','370103','市中区'),
 ('126','130000','河北省','130600','保定市','130607','满城区'),
 ('1260','370000','山东省','370100','济南市','370104','槐荫区'),
 ('1261','370000','山东省','370100','济南市','370105','天桥区'),
 ('1262','370000','山东省','370100','济南市','370112','历城区'),
 ('1263','370000','山东省','370100','济南市','370113','长清区'),
 ('1264','370000','山东省','370100','济南市','370124','平阴县'),
 ('1265','370000','山东省','370100','济南市','370125','济阳县'),
 ('1266','370000','山东省','370100','济南市','370126','商河县'),
 ('1267','370000','山东省','370100','济南市','370181','章丘市'),
 ('1268','370000','山东省','370200','青岛市','370202','市南区'),
 ('1269','370000','山东省','370200','青岛市','370203','市北区'),
 ('127','130000','河北省','130600','保定市','130608','清苑区'),
 ('1270','370000','山东省','370200','青岛市','370205','四方区'),
 ('1271','370000','山东省','370200','青岛市','370211','黄岛区'),
 ('1272','370000','山东省','370200','青岛市','370212','崂山区'),
 ('1273','370000','山东省','370200','青岛市','370213','李沧区'),
 ('1274','370000','山东省','370200','青岛市','370214','城阳区'),
 ('1275','370000','山东省','370200','青岛市','370281','胶州市'),
 ('1276','370000','山东省','370200','青岛市','370282','即墨市'),
 ('1277','370000','山东省','370200','青岛市','370283','平度市'),
 ('1278','370000','山东省','370200','青岛市','370284','胶南市'),
 ('1279','370000','山东省','370200','青岛市','370285','莱西市'),
 ('128','130000','河北省','130600','保定市','130609','徐水区'),
 ('1280','370000','山东省','370300','淄博市','370302','淄川区'),
 ('1281','370000','山东省','370300','淄博市','370303','张店区'),
 ('1282','370000','山东省','370300','淄博市','370304','博山区'),
 ('1283','370000','山东省','370300','淄博市','370305','临淄区'),
 ('1284','370000','山东省','370300','淄博市','370306','周村区'),
 ('1285','370000','山东省','370300','淄博市','370321','桓台县'),
 ('1286','370000','山东省','370300','淄博市','370322','高青县'),
 ('1287','370000','山东省','370300','淄博市','370323','沂源县'),
 ('1288','370000','山东省','370400','枣庄市','370402','市中区'),
 ('1289','370000','山东省','370400','枣庄市','370403','薛城区'),
 ('129','130000','河北省','130600','保定市','130621','满城县'),
 ('1290','370000','山东省','370400','枣庄市','370404','峄城区'),
 ('1291','370000','山东省','370400','枣庄市','370405','台儿庄区'),
 ('1292','370000','山东省','370400','枣庄市','370406','山亭区'),
 ('1293','370000','山东省','370400','枣庄市','370481','滕州市'),
 ('1294','370000','山东省','370500','东营市','370502','东营区'),
 ('1295','370000','山东省','370500','东营市','370503','河口区'),
 ('1296','370000','山东省','370500','东营市','370521','垦利县'),
 ('1297','370000','山东省','370500','东营市','370522','利津县'),
 ('1298','370000','山东省','370500','东营市','370523','广饶县'),
 ('1299','370000','山东省','370600','烟台市','370602','芝罘区'),
 ('13','110000','北京市','110000','北京市','110116','怀柔区'),
 ('130','130000','河北省','130600','保定市','130622','清苑县'),
 ('1300','370000','山东省','370600','烟台市','370611','福山区'),
 ('1301','370000','山东省','370600','烟台市','370612','牟平区'),
 ('1302','370000','山东省','370600','烟台市','370613','莱山区'),
 ('1303','370000','山东省','370600','烟台市','370634','长岛县'),
 ('1304','370000','山东省','370600','烟台市','370681','龙口市'),
 ('1305','370000','山东省','370600','烟台市','370682','莱阳市'),
 ('1306','370000','山东省','370600','烟台市','370683','莱州市'),
 ('1307','370000','山东省','370600','烟台市','370684','蓬莱市'),
 ('1308','370000','山东省','370600','烟台市','370685','招远市'),
 ('1309','370000','山东省','370600','烟台市','370686','栖霞市'),
 ('131','130000','河北省','130600','保定市','130623','涞水县'),
 ('1310','370000','山东省','370600','烟台市','370687','海阳市'),
 ('1311','370000','山东省','370700','潍坊市','370702','潍城区'),
 ('1312','370000','山东省','370700','潍坊市','370703','寒亭区'),
 ('1313','370000','山东省','370700','潍坊市','370704','坊子区'),
 ('1314','370000','山东省','370700','潍坊市','370705','奎文区'),
 ('1315','370000','山东省','370700','潍坊市','370724','临朐县'),
 ('1316','370000','山东省','370700','潍坊市','370725','昌乐县'),
 ('1317','370000','山东省','370700','潍坊市','370781','青州市'),
 ('1318','370000','山东省','370700','潍坊市','370782','诸城市'),
 ('1319','370000','山东省','370700','潍坊市','370783','寿光市'),
 ('132','130000','河北省','130600','保定市','130624','阜平县'),
 ('1320','370000','山东省','370700','潍坊市','370784','安丘市'),
 ('1321','370000','山东省','370700','潍坊市','370785','高密市'),
 ('1322','370000','山东省','370700','潍坊市','370786','昌邑市'),
 ('1323','370000','山东省','370800','济宁市','370802','市中区'),
 ('1324','370000','山东省','370800','济宁市','370811','任城区'),
 ('1325','370000','山东省','370800','济宁市','370826','微山县'),
 ('1326','370000','山东省','370800','济宁市','370827','鱼台县'),
 ('1327','370000','山东省','370800','济宁市','370828','金乡县'),
 ('1328','370000','山东省','370800','济宁市','370829','嘉祥县'),
 ('1329','370000','山东省','370800','济宁市','370830','汶上县'),
 ('133','130000','河北省','130600','保定市','130625','徐水县'),
 ('1330','370000','山东省','370800','济宁市','370831','泗水县'),
 ('1331','370000','山东省','370800','济宁市','370832','梁山县'),
 ('1332','370000','山东省','370800','济宁市','370881','曲阜市'),
 ('1333','370000','山东省','370800','济宁市','370882','兖州市'),
 ('1334','370000','山东省','370800','济宁市','370883','邹城市'),
 ('1335','370000','山东省','370900','泰安市','370902','泰山区'),
 ('1336','370000','山东省','370900','泰安市','370911','岱岳区'),
 ('1337','370000','山东省','370900','泰安市','370921','宁阳县'),
 ('1338','370000','山东省','370900','泰安市','370923','东平县'),
 ('1339','370000','山东省','370900','泰安市','370982','新泰市'),
 ('134','130000','河北省','130600','保定市','130626','定兴县'),
 ('1340','370000','山东省','370900','泰安市','370983','肥城市'),
 ('1341','370000','山东省','371000','威海市','371002','环翠区'),
 ('1342','370000','山东省','371000','威海市','371081','文登市'),
 ('1343','370000','山东省','371000','威海市','371082','荣成市'),
 ('1344','370000','山东省','371000','威海市','371083','乳山市'),
 ('1345','370000','山东省','371100','日照市','371102','东港区'),
 ('1346','370000','山东省','371100','日照市','371103','岚山区'),
 ('1347','370000','山东省','371100','日照市','371121','五莲县'),
 ('1348','370000','山东省','371100','日照市','371122','莒县'),
 ('1349','370000','山东省','371200','莱芜市','371202','莱城区'),
 ('135','130000','河北省','130600','保定市','130627','唐县'),
 ('1350','370000','山东省','371200','莱芜市','371203','钢城区'),
 ('1351','370000','山东省','371300','临沂市','371302','兰山区'),
 ('1352','370000','山东省','371300','临沂市','371311','罗庄区'),
 ('1353','370000','山东省','371300','临沂市','371312','河东区'),
 ('1354','370000','山东省','371300','临沂市','371321','沂南县'),
 ('1355','370000','山东省','371300','临沂市','371322','郯城县'),
 ('1356','370000','山东省','371300','临沂市','371323','沂水县'),
 ('1357','370000','山东省','371300','临沂市','371324','兰陵县'),
 ('1358','370000','山东省','371300','临沂市','371325','费县'),
 ('1359','370000','山东省','371300','临沂市','371326','平邑县'),
 ('136','130000','河北省','130600','保定市','130628','高阳县'),
 ('1360','370000','山东省','371300','临沂市','371327','莒南县'),
 ('1361','370000','山东省','371300','临沂市','371328','蒙阴县'),
 ('1362','370000','山东省','371300','临沂市','371329','临沭县'),
 ('1363','370000','山东省','371400','德州市','371402','德城区'),
 ('1364','370000','山东省','371400','德州市','371421','陵县'),
 ('1365','370000','山东省','371400','德州市','371422','宁津县'),
 ('1366','370000','山东省','371400','德州市','371423','庆云县'),
 ('1367','370000','山东省','371400','德州市','371424','临邑县'),
 ('1368','370000','山东省','371400','德州市','371425','齐河县'),
 ('1369','370000','山东省','371400','德州市','371426','平原县'),
 ('137','130000','河北省','130600','保定市','130629','容城县'),
 ('1370','370000','山东省','371400','德州市','371427','夏津县'),
 ('1371','370000','山东省','371400','德州市','371428','武城县'),
 ('1372','370000','山东省','371400','德州市','371481','乐陵市'),
 ('1373','370000','山东省','371400','德州市','371482','禹城市'),
 ('1374','370000','山东省','371500','聊城市','371502','东昌府区'),
 ('1375','370000','山东省','371500','聊城市','371521','阳谷县'),
 ('1376','370000','山东省','371500','聊城市','371522','莘县'),
 ('1377','370000','山东省','371500','聊城市','371523','茌平县'),
 ('1378','370000','山东省','371500','聊城市','371524','东阿县'),
 ('1379','370000','山东省','371500','聊城市','371525','冠县'),
 ('138','130000','河北省','130600','保定市','130630','涞源县'),
 ('1380','370000','山东省','371500','聊城市','371526','高唐县'),
 ('1381','370000','山东省','371500','聊城市','371581','临清市'),
 ('1382','370000','山东省','371600','滨州市','371602','滨城区'),
 ('1383','370000','山东省','371600','滨州市','371603','沾化区'),
 ('1384','370000','山东省','371600','滨州市','371621','惠民县'),
 ('1385','370000','山东省','371600','滨州市','371622','阳信县'),
 ('1386','370000','山东省','371600','滨州市','371623','无棣县'),
 ('1387','370000','山东省','371600','滨州市','371624','沾化县'),
 ('1388','370000','山东省','371600','滨州市','371625','博兴县'),
 ('1389','370000','山东省','371600','滨州市','371626','邹平县'),
 ('139','130000','河北省','130600','保定市','130631','望都县'),
 ('1390','370000','山东省','371700','菏泽市','371702','牡丹区'),
 ('1391','370000','山东省','371700','菏泽市','371721','曹县'),
 ('1392','370000','山东省','371700','菏泽市','371722','单县'),
 ('1393','370000','山东省','371700','菏泽市','371723','成武县'),
 ('1394','370000','山东省','371700','菏泽市','371724','巨野县'),
 ('1395','370000','山东省','371700','菏泽市','371725','郓城县'),
 ('1396','370000','山东省','371700','菏泽市','371726','鄄城县'),
 ('1397','370000','山东省','371700','菏泽市','371727','定陶县'),
 ('1398','370000','山东省','371700','菏泽市','371728','东明县'),
 ('1399','410000','河南省','410100','郑州市','410102','中原区'),
 ('14','110000','北京市','110000','北京市','110117','平谷区'),
 ('140','130000','河北省','130600','保定市','130632','安新县'),
 ('1400','410000','河南省','410100','郑州市','410103','二七区'),
 ('1401','410000','河南省','410100','郑州市','410104','管城回族区'),
 ('1402','410000','河南省','410100','郑州市','410105','金水区'),
 ('1403','410000','河南省','410100','郑州市','410106','上街区'),
 ('1404','410000','河南省','410100','郑州市','410108','惠济区'),
 ('1405','410000','河南省','410100','郑州市','410122','中牟县'),
 ('1406','410000','河南省','410100','郑州市','410181','巩义市'),
 ('1407','410000','河南省','410100','郑州市','410182','荥阳市'),
 ('1408','410000','河南省','410100','郑州市','410183','新密市'),
 ('1409','410000','河南省','410100','郑州市','410184','新郑市'),
 ('141','130000','河北省','130600','保定市','130633','易县'),
 ('1410','410000','河南省','410100','郑州市','410185','登封市'),
 ('1411','410000','河南省','410200','开封市','410202','龙亭区'),
 ('1412','410000','河南省','410200','开封市','410203','顺河回族区'),
 ('1413','410000','河南省','410200','开封市','410204','鼓楼区'),
 ('1414','410000','河南省','410200','开封市','410205','禹王台区'),
 ('1415','410000','河南省','410200','开封市','410211','金明区'),
 ('1416','410000','河南省','410200','开封市','410221','杞县'),
 ('1417','410000','河南省','410200','开封市','410222','通许县'),
 ('1418','410000','河南省','410200','开封市','410223','尉氏县'),
 ('1419','410000','河南省','410200','开封市','410224','开封县'),
 ('142','130000','河北省','130600','保定市','130634','曲阳县'),
 ('1420','410000','河南省','410200','开封市','410225','兰考县'),
 ('1421','410000','河南省','410300','洛阳市','410302','老城区'),
 ('1422','410000','河南省','410300','洛阳市','410303','西工区'),
 ('1423','410000','河南省','410300','洛阳市','410304','瀍河回族区'),
 ('1424','410000','河南省','410300','洛阳市','410305','涧西区'),
 ('1425','410000','河南省','410300','洛阳市','410306','吉利区'),
 ('1426','410000','河南省','410300','洛阳市','410311','洛龙区'),
 ('1427','410000','河南省','410300','洛阳市','410322','孟津县'),
 ('1428','410000','河南省','410300','洛阳市','410323','新安县'),
 ('1429','410000','河南省','410300','洛阳市','410324','栾川县'),
 ('143','130000','河北省','130600','保定市','130635','蠡县'),
 ('1430','410000','河南省','410300','洛阳市','410325','嵩县'),
 ('1431','410000','河南省','410300','洛阳市','410326','汝阳县'),
 ('1432','410000','河南省','410300','洛阳市','410327','宜阳县'),
 ('1433','410000','河南省','410300','洛阳市','410328','洛宁县'),
 ('1434','410000','河南省','410300','洛阳市','410329','伊川县'),
 ('1435','410000','河南省','410300','洛阳市','410381','偃师市'),
 ('1436','410000','河南省','410400','平顶山市','410402','新华区'),
 ('1437','410000','河南省','410400','平顶山市','410403','卫东区'),
 ('1438','410000','河南省','410400','平顶山市','410404','石龙区'),
 ('1439','410000','河南省','410400','平顶山市','410411','湛河区'),
 ('144','130000','河北省','130600','保定市','130636','顺平县'),
 ('1440','410000','河南省','410400','平顶山市','410421','宝丰县'),
 ('1441','410000','河南省','410400','平顶山市','410422','叶县'),
 ('1442','410000','河南省','410400','平顶山市','410423','鲁山县'),
 ('1443','410000','河南省','410400','平顶山市','410425','郏县'),
 ('1444','410000','河南省','410400','平顶山市','410481','舞钢市'),
 ('1445','410000','河南省','410400','平顶山市','410482','汝州市'),
 ('1446','410000','河南省','410500','安阳市','410502','文峰区'),
 ('1447','410000','河南省','410500','安阳市','410503','北关区'),
 ('1448','410000','河南省','410500','安阳市','410505','殷都区'),
 ('1449','410000','河南省','410500','安阳市','410506','龙安区'),
 ('145','130000','河北省','130600','保定市','130637','博野县'),
 ('1450','410000','河南省','410500','安阳市','410522','安阳县'),
 ('1451','410000','河南省','410500','安阳市','410523','汤阴县'),
 ('1452','410000','河南省','410500','安阳市','410526','滑县'),
 ('1453','410000','河南省','410500','安阳市','410527','内黄县'),
 ('1454','410000','河南省','410500','安阳市','410581','林州市'),
 ('1455','410000','河南省','410600','鹤壁市','410602','鹤山区'),
 ('1456','410000','河南省','410600','鹤壁市','410603','山城区'),
 ('1457','410000','河南省','410600','鹤壁市','410611','淇滨区'),
 ('1458','410000','河南省','410600','鹤壁市','410621','浚县'),
 ('1459','410000','河南省','410600','鹤壁市','410622','淇县'),
 ('146','130000','河北省','130600','保定市','130638','雄县'),
 ('1460','410000','河南省','410700','新乡市','410702','红旗区'),
 ('1461','410000','河南省','410700','新乡市','410703','卫滨区'),
 ('1462','410000','河南省','410700','新乡市','410704','凤泉区'),
 ('1463','410000','河南省','410700','新乡市','410711','牧野区'),
 ('1464','410000','河南省','410700','新乡市','410721','新乡县'),
 ('1465','410000','河南省','410700','新乡市','410724','获嘉县'),
 ('1466','410000','河南省','410700','新乡市','410725','原阳县'),
 ('1467','410000','河南省','410700','新乡市','410726','延津县'),
 ('1468','410000','河南省','410700','新乡市','410727','封丘县'),
 ('1469','410000','河南省','410700','新乡市','410728','长垣县'),
 ('147','130000','河北省','130600','保定市','130681','涿州市'),
 ('1470','410000','河南省','410700','新乡市','410781','卫辉市'),
 ('1471','410000','河南省','410700','新乡市','410782','辉县市'),
 ('1472','410000','河南省','410800','焦作市','410802','解放区'),
 ('1473','410000','河南省','410800','焦作市','410803','中站区'),
 ('1474','410000','河南省','410800','焦作市','410804','马村区'),
 ('1475','410000','河南省','410800','焦作市','410811','山阳区'),
 ('1476','410000','河南省','410800','焦作市','410821','修武县'),
 ('1477','410000','河南省','410800','焦作市','410822','博爱县'),
 ('1478','410000','河南省','410800','焦作市','410823','武陟县'),
 ('1479','410000','河南省','410800','焦作市','410825','温县'),
 ('148','130000','河北省','130000','河北省','130682','定州市'),
 ('1480','410000','河南省','410800','焦作市','410882','沁阳市'),
 ('1481','410000','河南省','410800','焦作市','410883','孟州市'),
 ('1482','410000','河南省','410900','濮阳市','410902','华龙区'),
 ('1483','410000','河南省','410900','濮阳市','410922','清丰县'),
 ('1484','410000','河南省','410900','濮阳市','410923','南乐县'),
 ('1485','410000','河南省','410900','濮阳市','410926','范县'),
 ('1486','410000','河南省','410900','濮阳市','410927','台前县'),
 ('1487','410000','河南省','410900','濮阳市','410928','濮阳县'),
 ('1488','410000','河南省','411000','许昌市','411002','魏都区'),
 ('1489','410000','河南省','411000','许昌市','411023','许昌县'),
 ('149','130000','河北省','130600','保定市','130683','安国市'),
 ('1490','410000','河南省','411000','许昌市','411024','鄢陵县'),
 ('1491','410000','河南省','411000','许昌市','411025','襄城县'),
 ('1492','410000','河南省','411000','许昌市','411081','禹州市'),
 ('1493','410000','河南省','411000','许昌市','411082','长葛市'),
 ('1494','410000','河南省','411100','漯河市','411102','源汇区'),
 ('1495','410000','河南省','411100','漯河市','411103','郾城区'),
 ('1496','410000','河南省','411100','漯河市','411104','召陵区'),
 ('1497','410000','河南省','411100','漯河市','411121','舞阳县'),
 ('1498','410000','河南省','411100','漯河市','411122','临颍县'),
 ('1499','410000','河南省','411200','三门峡市','411202','湖滨区'),
 ('15','110000','北京市','110000','北京市','110228','密云县'),
 ('150','130000','河北省','130600','保定市','130684','高碑店市'),
 ('1500','410000','河南省','411200','三门峡市','411221','渑池县'),
 ('1501','410000','河南省','411200','三门峡市','411222','陕县'),
 ('1502','410000','河南省','411200','三门峡市','411224','卢氏县'),
 ('1503','410000','河南省','411200','三门峡市','411281','义马市'),
 ('1504','410000','河南省','411200','三门峡市','411282','灵宝市'),
 ('1505','410000','河南省','411300','南阳市','411302','宛城区'),
 ('1506','410000','河南省','411300','南阳市','411303','卧龙区'),
 ('1507','410000','河南省','411300','南阳市','411321','南召县'),
 ('1508','410000','河南省','411300','南阳市','411322','方城县'),
 ('1509','410000','河南省','411300','南阳市','411323','西峡县'),
 ('151','130000','河北省','130700','张家口市','130702','桥东区'),
 ('1510','410000','河南省','411300','南阳市','411324','镇平县'),
 ('1511','410000','河南省','411300','南阳市','411325','内乡县'),
 ('1512','410000','河南省','411300','南阳市','411326','淅川县'),
 ('1513','410000','河南省','411300','南阳市','411327','社旗县'),
 ('1514','410000','河南省','411300','南阳市','411328','唐河县'),
 ('1515','410000','河南省','411300','南阳市','411329','新野县'),
 ('1516','410000','河南省','411300','南阳市','411330','桐柏县'),
 ('1517','410000','河南省','411300','南阳市','411381','邓州市'),
 ('1518','410000','河南省','411400','商丘市','411402','梁园区'),
 ('1519','410000','河南省','411400','商丘市','411403','睢阳区'),
 ('152','130000','河北省','130700','张家口市','130703','桥西区'),
 ('1520','410000','河南省','411400','商丘市','411421','民权县'),
 ('1521','410000','河南省','411400','商丘市','411422','睢县'),
 ('1522','410000','河南省','411400','商丘市','411423','宁陵县'),
 ('1523','410000','河南省','411400','商丘市','411424','柘城县'),
 ('1524','410000','河南省','411400','商丘市','411425','虞城县'),
 ('1525','410000','河南省','411400','商丘市','411426','夏邑县'),
 ('1526','410000','河南省','411400','商丘市','411481','永城市'),
 ('1527','410000','河南省','411500','信阳市','411502','浉河区'),
 ('1528','410000','河南省','411500','信阳市','411503','平桥区'),
 ('1529','410000','河南省','411500','信阳市','411521','罗山县'),
 ('153','130000','河北省','130700','张家口市','130705','宣化区'),
 ('1530','410000','河南省','411500','信阳市','411522','光山县'),
 ('1531','410000','河南省','411500','信阳市','411523','新县'),
 ('1532','410000','河南省','411500','信阳市','411524','商城县'),
 ('1533','410000','河南省','411500','信阳市','411525','固始县'),
 ('1534','410000','河南省','411500','信阳市','411526','潢川县'),
 ('1535','410000','河南省','411500','信阳市','411527','淮滨县'),
 ('1536','410000','河南省','411500','信阳市','411528','息县'),
 ('1537','410000','河南省','411600','周口市','411602','川汇区'),
 ('1538','410000','河南省','411600','周口市','411621','扶沟县'),
 ('1539','410000','河南省','411600','周口市','411622','西华县'),
 ('154','130000','河北省','130700','张家口市','130706','下花园区'),
 ('1540','410000','河南省','411600','周口市','411623','商水县'),
 ('1541','410000','河南省','411600','周口市','411624','沈丘县'),
 ('1542','410000','河南省','411600','周口市','411625','郸城县'),
 ('1543','410000','河南省','411600','周口市','411626','淮阳县'),
 ('1544','410000','河南省','411600','周口市','411627','太康县'),
 ('1545','410000','河南省','411600','周口市','411628','鹿邑县'),
 ('1546','410000','河南省','411600','周口市','411681','项城市'),
 ('1547','410000','河南省','411700','驻马店市','411702','驿城区'),
 ('1548','410000','河南省','411700','驻马店市','411721','西平县'),
 ('1549','410000','河南省','411700','驻马店市','411722','上蔡县'),
 ('155','130000','河北省','130700','张家口市','130721','宣化县'),
 ('1550','410000','河南省','411700','驻马店市','411723','平舆县'),
 ('1551','410000','河南省','411700','驻马店市','411724','正阳县'),
 ('1552','410000','河南省','411700','驻马店市','411725','确山县'),
 ('1553','410000','河南省','411700','驻马店市','411726','泌阳县'),
 ('1554','410000','河南省','411700','驻马店市','411727','汝南县'),
 ('1555','410000','河南省','411700','驻马店市','411728','遂平县'),
 ('1556','410000','河南省','411700','驻马店市','411729','新蔡县'),
 ('1557','410000','河南省','410000','河南省','419001','济源市'),
 ('1558','420000','湖北省','420100','武汉市','420102','江岸区'),
 ('1559','420000','湖北省','420100','武汉市','420103','江汉区'),
 ('156','130000','河北省','130700','张家口市','130722','张北县'),
 ('1560','420000','湖北省','420100','武汉市','420104','硚口区'),
 ('1561','420000','湖北省','420100','武汉市','420105','汉阳区'),
 ('1562','420000','湖北省','420100','武汉市','420106','武昌区'),
 ('1563','420000','湖北省','420100','武汉市','420107','青山区'),
 ('1564','420000','湖北省','420100','武汉市','420111','洪山区'),
 ('1565','420000','湖北省','420100','武汉市','420112','东西湖区'),
 ('1566','420000','湖北省','420100','武汉市','420113','汉南区'),
 ('1567','420000','湖北省','420100','武汉市','420114','蔡甸区'),
 ('1568','420000','湖北省','420100','武汉市','420115','江夏区'),
 ('1569','420000','湖北省','420100','武汉市','420116','黄陂区'),
 ('157','130000','河北省','130700','张家口市','130723','康保县'),
 ('1570','420000','湖北省','420100','武汉市','420117','新洲区'),
 ('1571','420000','湖北省','420200','黄石市','420202','黄石港区'),
 ('1572','420000','湖北省','420200','黄石市','420203','西塞山区'),
 ('1573','420000','湖北省','420200','黄石市','420204','下陆区'),
 ('1574','420000','湖北省','420200','黄石市','420205','铁山区'),
 ('1575','420000','湖北省','420200','黄石市','420222','阳新县'),
 ('1576','420000','湖北省','420200','黄石市','420281','大冶市'),
 ('1577','420000','湖北省','420300','十堰市','420302','茅箭区'),
 ('1578','420000','湖北省','420300','十堰市','420303','张湾区'),
 ('1579','420000','湖北省','420300','十堰市','420304','郧阳区'),
 ('158','130000','河北省','130700','张家口市','130724','沽源县'),
 ('1580','420000','湖北省','420300','十堰市','420321','郧县'),
 ('1581','420000','湖北省','420300','十堰市','420322','郧西县'),
 ('1582','420000','湖北省','420300','十堰市','420323','竹山县'),
 ('1583','420000','湖北省','420300','十堰市','420324','竹溪县'),
 ('1584','420000','湖北省','420300','十堰市','420325','房县'),
 ('1585','420000','湖北省','420300','十堰市','420381','丹江口市'),
 ('1586','420000','湖北省','420500','宜昌市','420502','西陵区'),
 ('1587','420000','湖北省','420500','宜昌市','420503','伍家岗区'),
 ('1588','420000','湖北省','420500','宜昌市','420504','点军区'),
 ('1589','420000','湖北省','420500','宜昌市','420505','猇亭区'),
 ('159','130000','河北省','130700','张家口市','130725','尚义县'),
 ('1590','420000','湖北省','420500','宜昌市','420506','夷陵区'),
 ('1591','420000','湖北省','420500','宜昌市','420525','远安县'),
 ('1592','420000','湖北省','420500','宜昌市','420526','兴山县'),
 ('1593','420000','湖北省','420500','宜昌市','420527','秭归县'),
 ('1594','420000','湖北省','420500','宜昌市','420528','长阳土家族自治县'),
 ('1595','420000','湖北省','420500','宜昌市','420529','五峰土家族自治县'),
 ('1596','420000','湖北省','420500','宜昌市','420581','宜都市'),
 ('1597','420000','湖北省','420500','宜昌市','420582','当阳市'),
 ('1598','420000','湖北省','420500','宜昌市','420583','枝江市'),
 ('1599','420000','湖北省','420600','襄阳市','420602','襄城区'),
 ('16','110000','北京市','110000','北京市','110229','延庆县'),
 ('160','130000','河北省','130700','张家口市','130726','蔚县'),
 ('1600','420000','湖北省','420600','襄阳市','420606','樊城区'),
 ('1601','420000','湖北省','420600','襄阳市','420607','襄州区'),
 ('1602','420000','湖北省','420600','襄阳市','420624','南漳县'),
 ('1603','420000','湖北省','420600','襄阳市','420625','谷城县'),
 ('1604','420000','湖北省','420600','襄阳市','420626','保康县'),
 ('1605','420000','湖北省','420600','襄阳市','420682','老河口市'),
 ('1606','420000','湖北省','420600','襄阳市','420683','枣阳市'),
 ('1607','420000','湖北省','420600','襄阳市','420684','宜城市'),
 ('1608','420000','湖北省','420700','鄂州市','420702','梁子湖区'),
 ('1609','420000','湖北省','420700','鄂州市','420703','华容区'),
 ('161','130000','河北省','130700','张家口市','130727','阳原县'),
 ('1610','420000','湖北省','420700','鄂州市','420704','鄂城区'),
 ('1611','420000','湖北省','420800','荆门市','420802','东宝区'),
 ('1612','420000','湖北省','420800','荆门市','420804','掇刀区'),
 ('1613','420000','湖北省','420800','荆门市','420821','京山县'),
 ('1614','420000','湖北省','420800','荆门市','420822','沙洋县'),
 ('1615','420000','湖北省','420800','荆门市','420881','钟祥市'),
 ('1616','420000','湖北省','420900','孝感市','420902','孝南区'),
 ('1617','420000','湖北省','420900','孝感市','420921','孝昌县'),
 ('1618','420000','湖北省','420900','孝感市','420922','大悟县'),
 ('1619','420000','湖北省','420900','孝感市','420923','云梦县'),
 ('162','130000','河北省','130700','张家口市','130728','怀安县'),
 ('1620','420000','湖北省','420900','孝感市','420981','应城市'),
 ('1621','420000','湖北省','420900','孝感市','420982','安陆市'),
 ('1622','420000','湖北省','420900','孝感市','420984','汉川市'),
 ('1623','420000','湖北省','421000','荆州市','421002','沙市区'),
 ('1624','420000','湖北省','421000','荆州市','421003','荆州区'),
 ('1625','420000','湖北省','421000','荆州市','421022','公安县'),
 ('1626','420000','湖北省','421000','荆州市','421023','监利县'),
 ('1627','420000','湖北省','421000','荆州市','421024','江陵县'),
 ('1628','420000','湖北省','421000','荆州市','421081','石首市'),
 ('1629','420000','湖北省','421000','荆州市','421083','洪湖市'),
 ('163','130000','河北省','130700','张家口市','130729','万全县'),
 ('1630','420000','湖北省','421000','荆州市','421087','松滋市'),
 ('1631','420000','湖北省','421100','黄冈市','421102','黄州区'),
 ('1632','420000','湖北省','421100','黄冈市','421121','团风县'),
 ('1633','420000','湖北省','421100','黄冈市','421122','红安县'),
 ('1634','420000','湖北省','421100','黄冈市','421123','罗田县'),
 ('1635','420000','湖北省','421100','黄冈市','421124','英山县'),
 ('1636','420000','湖北省','421100','黄冈市','421125','浠水县'),
 ('1637','420000','湖北省','421100','黄冈市','421126','蕲春县'),
 ('1638','420000','湖北省','421100','黄冈市','421127','黄梅县'),
 ('1639','420000','湖北省','421100','黄冈市','421181','麻城市'),
 ('164','130000','河北省','130700','张家口市','130730','怀来县'),
 ('1640','420000','湖北省','421100','黄冈市','421182','武穴市'),
 ('1641','420000','湖北省','421200','咸宁市','421202','咸安区'),
 ('1642','420000','湖北省','421200','咸宁市','421221','嘉鱼县'),
 ('1643','420000','湖北省','421200','咸宁市','421222','通城县'),
 ('1644','420000','湖北省','421200','咸宁市','421223','崇阳县'),
 ('1645','420000','湖北省','421200','咸宁市','421224','通山县'),
 ('1646','420000','湖北省','421200','咸宁市','421281','赤壁市'),
 ('1647','420000','湖北省','421300','随州市','421303','曾都区（新）'),
 ('1648','420000','湖北省','421300','随州市','421321','随县'),
 ('1649','420000','湖北省','421300','随州市','421381','广水市'),
 ('165','130000','河北省','130700','张家口市','130731','涿鹿县'),
 ('1650','420000','湖北省','422800','恩施土家族苗族自治州','422801','恩施市'),
 ('1651','420000','湖北省','422800','恩施土家族苗族自治州','422802','利川市'),
 ('1652','420000','湖北省','422800','恩施土家族苗族自治州','422822','建始县'),
 ('1653','420000','湖北省','422800','恩施土家族苗族自治州','422823','巴东县'),
 ('1654','420000','湖北省','422800','恩施土家族苗族自治州','422825','宣恩县'),
 ('1655','420000','湖北省','422800','恩施土家族苗族自治州','422826','咸丰县'),
 ('1656','420000','湖北省','422800','恩施土家族苗族自治州','422827','来凤县'),
 ('1657','420000','湖北省','422800','恩施土家族苗族自治州','422828','鹤峰县'),
 ('1658','420000','湖北省','420000','湖北省','429004','仙桃市'),
 ('1659','420000','湖北省','420000','湖北省','429005','潜江市'),
 ('166','130000','河北省','130700','张家口市','130732','赤城县'),
 ('1660','420000','湖北省','420000','湖北省','429006','天门市'),
 ('1661','420000','湖北省','420000','湖北省','429021','神农架林区'),
 ('1662','430000','湖南省','430100','长沙市','430102','芙蓉区'),
 ('1663','430000','湖南省','430100','长沙市','430103','天心区'),
 ('1664','430000','湖南省','430100','长沙市','430104','岳麓区'),
 ('1665','430000','湖南省','430100','长沙市','430105','开福区'),
 ('1666','430000','湖南省','430100','长沙市','430111','雨花区'),
 ('1667','430000','湖南省','430100','长沙市','430112','望城区'),
 ('1668','430000','湖南省','430100','长沙市','430121','长沙县'),
 ('1669','430000','湖南省','430100','长沙市','430124','宁乡县'),
 ('167','130000','河北省','130700','张家口市','130733','崇礼县'),
 ('1670','430000','湖南省','430100','长沙市','430181','浏阳市'),
 ('1671','430000','湖南省','430200','株洲市','430202','荷塘区'),
 ('1672','430000','湖南省','430200','株洲市','430203','芦淞区'),
 ('1673','430000','湖南省','430200','株洲市','430204','石峰区'),
 ('1674','430000','湖南省','430200','株洲市','430211','天元区'),
 ('1675','430000','湖南省','430200','株洲市','430221','株洲县'),
 ('1676','430000','湖南省','430200','株洲市','430223','攸县'),
 ('1677','430000','湖南省','430200','株洲市','430224','茶陵县'),
 ('1678','430000','湖南省','430200','株洲市','430225','炎陵县'),
 ('1679','430000','湖南省','430200','株洲市','430281','醴陵市'),
 ('168','130000','河北省','130800','承德市','130802','双桥区'),
 ('1680','430000','湖南省','430300','湘潭市','430302','雨湖区'),
 ('1681','430000','湖南省','430300','湘潭市','430304','岳塘区'),
 ('1682','430000','湖南省','430300','湘潭市','430321','湘潭县'),
 ('1683','430000','湖南省','430300','湘潭市','430381','湘乡市'),
 ('1684','430000','湖南省','430300','湘潭市','430382','韶山市'),
 ('1685','430000','湖南省','430400','衡阳市','430405','珠晖区'),
 ('1686','430000','湖南省','430400','衡阳市','430406','雁峰区'),
 ('1687','430000','湖南省','430400','衡阳市','430407','石鼓区'),
 ('1688','430000','湖南省','430400','衡阳市','430408','蒸湘区'),
 ('1689','430000','湖南省','430400','衡阳市','430412','南岳区'),
 ('169','130000','河北省','130800','承德市','130803','双滦区'),
 ('1690','430000','湖南省','430400','衡阳市','430421','衡阳县'),
 ('1691','430000','湖南省','430400','衡阳市','430422','衡南县'),
 ('1692','430000','湖南省','430400','衡阳市','430423','衡山县'),
 ('1693','430000','湖南省','430400','衡阳市','430424','衡东县'),
 ('1694','430000','湖南省','430400','衡阳市','430426','祁东县'),
 ('1695','430000','湖南省','430400','衡阳市','430481','耒阳市'),
 ('1696','430000','湖南省','430400','衡阳市','430482','常宁市'),
 ('1697','430000','湖南省','430500','邵阳市','430502','双清区'),
 ('1698','430000','湖南省','430500','邵阳市','430503','大祥区'),
 ('1699','430000','湖南省','430500','邵阳市','430511','北塔区'),
 ('17','120000','天津市','120000','天津市','120101','和平区'),
 ('170','130000','河北省','130800','承德市','130804','鹰手营子矿区'),
 ('1700','430000','湖南省','430500','邵阳市','430521','邵东县'),
 ('1701','430000','湖南省','430500','邵阳市','430522','新邵县'),
 ('1702','430000','湖南省','430500','邵阳市','430523','邵阳县'),
 ('1703','430000','湖南省','430500','邵阳市','430524','隆回县'),
 ('1704','430000','湖南省','430500','邵阳市','430525','洞口县'),
 ('1705','430000','湖南省','430500','邵阳市','430527','绥宁县'),
 ('1706','430000','湖南省','430500','邵阳市','430528','新宁县'),
 ('1707','430000','湖南省','430500','邵阳市','430529','城步苗族自治县'),
 ('1708','430000','湖南省','430500','邵阳市','430581','武冈市'),
 ('1709','430000','湖南省','430600','岳阳市','430602','岳阳楼区'),
 ('171','130000','河北省','130800','承德市','130821','承德县'),
 ('1710','430000','湖南省','430600','岳阳市','430603','云溪区'),
 ('1711','430000','湖南省','430600','岳阳市','430611','君山区'),
 ('1712','430000','湖南省','430600','岳阳市','430621','岳阳县'),
 ('1713','430000','湖南省','430600','岳阳市','430623','华容县'),
 ('1714','430000','湖南省','430600','岳阳市','430624','湘阴县'),
 ('1715','430000','湖南省','430600','岳阳市','430626','平江县'),
 ('1716','430000','湖南省','430600','岳阳市','430681','汨罗市'),
 ('1717','430000','湖南省','430600','岳阳市','430682','临湘市'),
 ('1718','430000','湖南省','430700','常德市','430702','武陵区'),
 ('1719','430000','湖南省','430700','常德市','430703','鼎城区'),
 ('172','130000','河北省','130800','承德市','130822','兴隆县'),
 ('1720','430000','湖南省','430700','常德市','430721','安乡县'),
 ('1721','430000','湖南省','430700','常德市','430722','汉寿县'),
 ('1722','430000','湖南省','430700','常德市','430723','澧县'),
 ('1723','430000','湖南省','430700','常德市','430724','临澧县'),
 ('1724','430000','湖南省','430700','常德市','430725','桃源县'),
 ('1725','430000','湖南省','430700','常德市','430726','石门县'),
 ('1726','430000','湖南省','430700','常德市','430781','津市市'),
 ('1727','430000','湖南省','430800','张家界市','430802','永定区'),
 ('1728','430000','湖南省','430800','张家界市','430811','武陵源区'),
 ('1729','430000','湖南省','430800','张家界市','430821','慈利县'),
 ('173','130000','河北省','130800','承德市','130823','平泉县'),
 ('1730','430000','湖南省','430800','张家界市','430822','桑植县'),
 ('1731','430000','湖南省','430900','益阳市','430902','资阳区'),
 ('1732','430000','湖南省','430900','益阳市','430903','赫山区'),
 ('1733','430000','湖南省','430900','益阳市','430921','南县'),
 ('1734','430000','湖南省','430900','益阳市','430922','桃江县'),
 ('1735','430000','湖南省','430900','益阳市','430923','安化县'),
 ('1736','430000','湖南省','430900','益阳市','430981','沅江市'),
 ('1737','430000','湖南省','431000','郴州市','431002','北湖区'),
 ('1738','430000','湖南省','431000','郴州市','431003','苏仙区'),
 ('1739','430000','湖南省','431000','郴州市','431021','桂阳县'),
 ('174','130000','河北省','130800','承德市','130824','滦平县'),
 ('1740','430000','湖南省','431000','郴州市','431022','宜章县'),
 ('1741','430000','湖南省','431000','郴州市','431023','永兴县'),
 ('1742','430000','湖南省','431000','郴州市','431024','嘉禾县'),
 ('1743','430000','湖南省','431000','郴州市','431025','临武县'),
 ('1744','430000','湖南省','431000','郴州市','431026','汝城县'),
 ('1745','430000','湖南省','431000','郴州市','431027','桂东县'),
 ('1746','430000','湖南省','431000','郴州市','431028','安仁县'),
 ('1747','430000','湖南省','431000','郴州市','431081','资兴市'),
 ('1748','430000','湖南省','431100','永州市','431102','零陵区'),
 ('1749','430000','湖南省','431100','永州市','431103','冷水滩区'),
 ('175','130000','河北省','130800','承德市','130825','隆化县'),
 ('1750','430000','湖南省','431100','永州市','431121','祁阳县'),
 ('1751','430000','湖南省','431100','永州市','431122','东安县'),
 ('1752','430000','湖南省','431100','永州市','431123','双牌县'),
 ('1753','430000','湖南省','431100','永州市','431124','道县'),
 ('1754','430000','湖南省','431100','永州市','431125','江永县'),
 ('1755','430000','湖南省','431100','永州市','431126','宁远县'),
 ('1756','430000','湖南省','431100','永州市','431127','蓝山县'),
 ('1757','430000','湖南省','431100','永州市','431128','新田县'),
 ('1758','430000','湖南省','431100','永州市','431129','江华瑶族自治县'),
 ('1759','430000','湖南省','431200','怀化市','431202','鹤城区'),
 ('176','130000','河北省','130800','承德市','130826','丰宁满族自治县'),
 ('1760','430000','湖南省','431200','怀化市','431221','中方县'),
 ('1761','430000','湖南省','431200','怀化市','431222','沅陵县'),
 ('1762','430000','湖南省','431200','怀化市','431223','辰溪县'),
 ('1763','430000','湖南省','431200','怀化市','431224','溆浦县'),
 ('1764','430000','湖南省','431200','怀化市','431225','会同县'),
 ('1765','430000','湖南省','431200','怀化市','431226','麻阳苗族自治县'),
 ('1766','430000','湖南省','431200','怀化市','431227','新晃侗族自治县'),
 ('1767','430000','湖南省','431200','怀化市','431228','芷江侗族自治县'),
 ('1768','430000','湖南省','431200','怀化市','431229','靖州苗族侗族自治县'),
 ('1769','430000','湖南省','431200','怀化市','431230','通道侗族自治县'),
 ('177','130000','河北省','130800','承德市','130827','宽城满族自治县'),
 ('1770','430000','湖南省','431200','怀化市','431281','洪江市'),
 ('1771','430000','湖南省','431300','娄底市','431302','娄星区'),
 ('1772','430000','湖南省','431300','娄底市','431321','双峰县');
INSERT INTO `dm_dq_qgxzqhssx` (`ID`,`XZQHSZ_DM_SHENG`,`XZQHMC_SHENG`,`XZQHSZ_DM_SHI`,`XZQHMC_SHI`,`XZQHSZ_DM_XIAN`,`XZQHMC_XIAN`) VALUES 
 ('1773','430000','湖南省','431300','娄底市','431322','新化县'),
 ('1774','430000','湖南省','431300','娄底市','431381','冷水江市'),
 ('1775','430000','湖南省','431300','娄底市','431382','涟源市'),
 ('1776','430000','湖南省','433100','湘西土家族苗族自治州','433101','吉首市'),
 ('1777','430000','湖南省','433100','湘西土家族苗族自治州','433122','泸溪县'),
 ('1778','430000','湖南省','433100','湘西土家族苗族自治州','433123','凤凰县'),
 ('1779','430000','湖南省','433100','湘西土家族苗族自治州','433124','花垣县'),
 ('178','130000','河北省','130800','承德市','130828','围场满族蒙古族自治县'),
 ('1780','430000','湖南省','433100','湘西土家族苗族自治州','433125','保靖县'),
 ('1781','430000','湖南省','433100','湘西土家族苗族自治州','433126','古丈县'),
 ('1782','430000','湖南省','433100','湘西土家族苗族自治州','433127','永顺县'),
 ('1783','430000','湖南省','433100','湘西土家族苗族自治州','433130','龙山县'),
 ('1784','440000','广东省','440100','广州市','440103','荔湾区'),
 ('1785','440000','广东省','440100','广州市','440104','越秀区'),
 ('1786','440000','广东省','440100','广州市','440105','海珠区'),
 ('1787','440000','广东省','440100','广州市','440106','天河区'),
 ('1788','440000','广东省','440100','广州市','440111','白云区'),
 ('1789','440000','广东省','440100','广州市','440112','黄埔区'),
 ('179','130000','河北省','130900','沧州市','130902','新华区'),
 ('1790','440000','广东省','440100','广州市','440113','番禺区'),
 ('1791','440000','广东省','440100','广州市','440114','花都区'),
 ('1792','440000','广东省','440100','广州市','440115','南沙区'),
 ('1793','440000','广东省','440100','广州市','440116','萝岗区'),
 ('1794','440000','广东省','440100','广州市','440183','增城市'),
 ('1795','440000','广东省','440100','广州市','440184','从化市'),
 ('1796','440000','广东省','440200','韶关市','440203','武江区'),
 ('1797','440000','广东省','440200','韶关市','440204','浈江区'),
 ('1798','440000','广东省','440200','韶关市','440205','曲江区'),
 ('1799','440000','广东省','440200','韶关市','440222','始兴县'),
 ('18','120000','天津市','120000','天津市','120102','河东区'),
 ('180','130000','河北省','130900','沧州市','130903','运河区'),
 ('1800','440000','广东省','440200','韶关市','440224','仁化县'),
 ('1801','440000','广东省','440200','韶关市','440229','翁源县'),
 ('1802','440000','广东省','440200','韶关市','440232','乳源瑶族自治县'),
 ('1803','440000','广东省','440200','韶关市','440233','新丰县'),
 ('1804','440000','广东省','440200','韶关市','440281','乐昌市'),
 ('1805','440000','广东省','440200','韶关市','440282','南雄市'),
 ('1806','440000','广东省','440300','深圳市','440303','罗湖区'),
 ('1807','440000','广东省','440300','深圳市','440304','福田区'),
 ('1808','440000','广东省','440300','深圳市','440305','南山区'),
 ('1809','440000','广东省','440300','深圳市','440306','宝安区'),
 ('181','130000','河北省','130900','沧州市','130921','沧县'),
 ('1810','440000','广东省','440300','深圳市','440307','龙岗区'),
 ('1811','440000','广东省','440300','深圳市','440308','盐田区'),
 ('1812','440000','广东省','440300','深圳市','440309','龙华区'),
 ('1813','440000','广东省','440300','深圳市','440310','坪山区'),
 ('1814','440000','广东省','440400','珠海市','440402','香洲区'),
 ('1815','440000','广东省','440400','珠海市','440403','斗门区'),
 ('1816','440000','广东省','440400','珠海市','440404','金湾区'),
 ('1817','440000','广东省','440500','汕头市','440507','龙湖区'),
 ('1818','440000','广东省','440500','汕头市','440511','金平区'),
 ('1819','440000','广东省','440500','汕头市','440512','濠江区'),
 ('182','130000','河北省','130900','沧州市','130922','青县'),
 ('1820','440000','广东省','440500','汕头市','440513','潮阳区'),
 ('1821','440000','广东省','440500','汕头市','440514','潮南区'),
 ('1822','440000','广东省','440500','汕头市','440515','澄海区'),
 ('1823','440000','广东省','440500','汕头市','440523','南澳县'),
 ('1824','440000','广东省','440600','佛山市','440604','禅城区'),
 ('1825','440000','广东省','440600','佛山市','440605','南海区'),
 ('1826','440000','广东省','440600','佛山市','440606','顺德区'),
 ('1827','440000','广东省','440600','佛山市','440607','三水区'),
 ('1828','440000','广东省','440600','佛山市','440608','高明区'),
 ('1829','440000','广东省','440700','江门市','440703','蓬江区'),
 ('183','130000','河北省','130900','沧州市','130923','东光县'),
 ('1830','440000','广东省','440700','江门市','440704','江海区'),
 ('1831','440000','广东省','440700','江门市','440705','新会区'),
 ('1832','440000','广东省','440700','江门市','440781','台山市'),
 ('1833','440000','广东省','440700','江门市','440783','开平市'),
 ('1834','440000','广东省','440700','江门市','440784','鹤山市'),
 ('1835','440000','广东省','440700','江门市','440785','恩平市'),
 ('1836','440000','广东省','440800','湛江市','440802','赤坎区'),
 ('1837','440000','广东省','440800','湛江市','440803','霞山区'),
 ('1838','440000','广东省','440800','湛江市','440804','坡头区'),
 ('1839','440000','广东省','440800','湛江市','440811','麻章区'),
 ('184','130000','河北省','130900','沧州市','130924','海兴县'),
 ('1840','440000','广东省','440800','湛江市','440823','遂溪县'),
 ('1841','440000','广东省','440800','湛江市','440825','徐闻县'),
 ('1842','440000','广东省','440800','湛江市','440881','廉江市'),
 ('1843','440000','广东省','440800','湛江市','440882','雷州市'),
 ('1844','440000','广东省','440800','湛江市','440883','吴川市'),
 ('1845','440000','广东省','440900','茂名市','440902','茂南区'),
 ('1846','440000','广东省','440900','茂名市','440903','茂港区'),
 ('1847','440000','广东省','440900','茂名市','440904','电白区'),
 ('1848','440000','广东省','440900','茂名市','440923','电白县'),
 ('1849','440000','广东省','440900','茂名市','440981','高州市'),
 ('185','130000','河北省','130900','沧州市','130925','盐山县'),
 ('1850','440000','广东省','440900','茂名市','440982','化州市'),
 ('1851','440000','广东省','440900','茂名市','440983','信宜市'),
 ('1852','440000','广东省','441200','肇庆市','441202','端州区'),
 ('1853','440000','广东省','441200','肇庆市','441203','鼎湖区'),
 ('1854','440000','广东省','441200','肇庆市','441223','广宁县'),
 ('1855','440000','广东省','441200','肇庆市','441224','怀集县'),
 ('1856','440000','广东省','441200','肇庆市','441225','封开县'),
 ('1857','440000','广东省','441200','肇庆市','441226','德庆县'),
 ('1858','440000','广东省','441200','肇庆市','441283','高要市'),
 ('1859','440000','广东省','441200','肇庆市','441284','四会市'),
 ('186','130000','河北省','130900','沧州市','130926','肃宁县'),
 ('1860','440000','广东省','441300','惠州市','441302','惠城区'),
 ('1861','440000','广东省','441300','惠州市','441303','惠阳区'),
 ('1862','440000','广东省','441300','惠州市','441322','博罗县'),
 ('1863','440000','广东省','441300','惠州市','441323','惠东县'),
 ('1864','440000','广东省','441300','惠州市','441324','龙门县'),
 ('1865','440000','广东省','441400','梅州市','441402','梅江区'),
 ('1866','440000','广东省','441400','梅州市','441403','梅县区'),
 ('1867','440000','广东省','441400','梅州市','441421','梅县'),
 ('1868','440000','广东省','441400','梅州市','441422','大埔县'),
 ('1869','440000','广东省','441400','梅州市','441423','丰顺县'),
 ('187','130000','河北省','130900','沧州市','130927','南皮县'),
 ('1870','440000','广东省','441400','梅州市','441424','五华县'),
 ('1871','440000','广东省','441400','梅州市','441426','平远县'),
 ('1872','440000','广东省','441400','梅州市','441427','蕉岭县'),
 ('1873','440000','广东省','441400','梅州市','441481','兴宁市'),
 ('1874','440000','广东省','441500','汕尾市','441502','城区'),
 ('1875','440000','广东省','441500','汕尾市','441521','海丰县'),
 ('1876','440000','广东省','441500','汕尾市','441523','陆河县'),
 ('1877','440000','广东省','441500','汕尾市','441581','陆丰市'),
 ('1878','440000','广东省','441600','河源市','441602','源城区'),
 ('1879','440000','广东省','441600','河源市','441621','紫金县'),
 ('188','130000','河北省','130900','沧州市','130928','吴桥县'),
 ('1880','440000','广东省','441600','河源市','441622','龙川县'),
 ('1881','440000','广东省','441600','河源市','441623','连平县'),
 ('1882','440000','广东省','441600','河源市','441624','和平县'),
 ('1883','440000','广东省','441600','河源市','441625','东源县'),
 ('1884','440000','广东省','441700','阳江市','441702','江城区'),
 ('1885','440000','广东省','441700','阳江市','441721','阳西县'),
 ('1886','440000','广东省','441700','阳江市','441723','阳东县'),
 ('1887','440000','广东省','441700','阳江市','441781','阳春市'),
 ('1888','440000','广东省','441800','清远市','441802','清城区'),
 ('1889','440000','广东省','441800','清远市','441803','清新区'),
 ('189','130000','河北省','130900','沧州市','130929','献县'),
 ('1890','440000','广东省','441800','清远市','441821','佛冈县'),
 ('1891','440000','广东省','441800','清远市','441823','阳山县'),
 ('1892','440000','广东省','441800','清远市','441825','连山壮族瑶族自治县'),
 ('1893','440000','广东省','441800','清远市','441826','连南瑶族自治县'),
 ('1894','440000','广东省','441800','清远市','441827','清新县'),
 ('1895','440000','广东省','441800','清远市','441881','英德市'),
 ('1896','440000','广东省','441800','清远市','441882','连州市'),
 ('1897','440000','广东省','441900','东莞市','441901','中堂镇'),
 ('1898','440000','广东省','441900','东莞市','441902','望牛墩镇'),
 ('1899','440000','广东省','441900','东莞市','441903','麻涌镇'),
 ('19','120000','天津市','120000','天津市','120103','河西区'),
 ('190','130000','河北省','130900','沧州市','130930','孟村回族自治县'),
 ('1900','440000','广东省','441900','东莞市','441904','高埗镇'),
 ('1901','440000','广东省','441900','东莞市','441905','石碣镇'),
 ('1902','440000','广东省','441900','东莞市','441906','道窖镇'),
 ('1903','440000','广东省','441900','东莞市','441907','洪梅镇'),
 ('1904','440000','广东省','441900','东莞市','441908','厚街镇'),
 ('1905','440000','广东省','441900','东莞市','441909','沙田镇'),
 ('1906','440000','广东省','441900','东莞市','441910','松山湖'),
 ('1907','440000','广东省','441900','东莞市','441911','长安镇'),
 ('1908','440000','广东省','441900','东莞市','441912','寮步镇'),
 ('1909','440000','广东省','441900','东莞市','441913','大岭山镇'),
 ('191','130000','河北省','130900','沧州市','130981','泊头市'),
 ('1910','440000','广东省','441900','东莞市','441914','大朗镇'),
 ('1911','440000','广东省','441900','东莞市','441915','黄江镇'),
 ('1912','440000','广东省','441900','东莞市','441916','樟木头镇'),
 ('1913','440000','广东省','441900','东莞市','441917','清溪镇'),
 ('1914','440000','广东省','441900','东莞市','441918','塘厦镇'),
 ('1915','440000','广东省','441900','东莞市','441919','凤岗镇'),
 ('1916','440000','广东省','441900','东莞市','441920','谢岗镇'),
 ('1917','440000','广东省','441900','东莞市','441921','常平镇'),
 ('1918','440000','广东省','441900','东莞市','441922','桥头镇'),
 ('1919','440000','广东省','441900','东莞市','441923','横沥镇'),
 ('192','130000','河北省','130900','沧州市','130982','任丘市'),
 ('1920','440000','广东省','441900','东莞市','441924','东坑镇'),
 ('1921','440000','广东省','441900','东莞市','441925','企石镇'),
 ('1922','440000','广东省','441900','东莞市','441926','石排镇'),
 ('1923','440000','广东省','441900','东莞市','441927','茶山镇'),
 ('1924','440000','广东省','441900','东莞市','441928','南城区'),
 ('1925','440000','广东省','441900','东莞市','441929','万江区'),
 ('1926','440000','广东省','441900','东莞市','441930','东城区'),
 ('1927','440000','广东省','441900','东莞市','441931','莞城区'),
 ('1928','440000','广东省','441900','东莞市','441932','石龙镇'),
 ('1929','440000','广东省','441900','东莞市','441933','虎门镇'),
 ('193','130000','河北省','130900','沧州市','130983','黄骅市'),
 ('1930','440000','广东省','445100','潮州市','445102','湘桥区'),
 ('1931','440000','广东省','445100','潮州市','445103','潮安区'),
 ('1932','440000','广东省','445100','潮州市','445121','潮安县'),
 ('1933','440000','广东省','445100','潮州市','445122','饶平县'),
 ('1934','440000','广东省','445200','揭阳市','445202','榕城区'),
 ('1935','440000','广东省','445200','揭阳市','445203','揭东区'),
 ('1936','440000','广东省','445200','揭阳市','445221','揭东县'),
 ('1937','440000','广东省','445200','揭阳市','445222','揭西县'),
 ('1938','440000','广东省','445200','揭阳市','445224','惠来县'),
 ('1939','440000','广东省','445200','揭阳市','445281','普宁市'),
 ('194','130000','河北省','130900','沧州市','130984','河间市'),
 ('1940','440000','广东省','445300','云浮市','445302','云城区'),
 ('1941','440000','广东省','445300','云浮市','445303','云安区'),
 ('1942','440000','广东省','445300','云浮市','445321','新兴县'),
 ('1943','440000','广东省','445300','云浮市','445322','郁南县'),
 ('1944','440000','广东省','445300','云浮市','445323','云安县'),
 ('1945','440000','广东省','445300','云浮市','445381','罗定市'),
 ('1946','450000','广西壮族自治区','450100','南宁市','450102','兴宁区'),
 ('1947','450000','广西壮族自治区','450100','南宁市','450103','青秀区'),
 ('1948','450000','广西壮族自治区','450100','南宁市','450105','江南区'),
 ('1949','450000','广西壮族自治区','450100','南宁市','450107','西乡塘区'),
 ('195','130000','河北省','131000','廊坊市','131002','安次区'),
 ('1950','450000','广西壮族自治区','450100','南宁市','450108','良庆区'),
 ('1951','450000','广西壮族自治区','450100','南宁市','450109','邕宁区'),
 ('1952','450000','广西壮族自治区','450100','南宁市','450122','武鸣县'),
 ('1953','450000','广西壮族自治区','450100','南宁市','450123','隆安县'),
 ('1954','450000','广西壮族自治区','450100','南宁市','450124','马山县'),
 ('1955','450000','广西壮族自治区','450100','南宁市','450125','上林县'),
 ('1956','450000','广西壮族自治区','450100','南宁市','450126','宾阳县'),
 ('1957','450000','广西壮族自治区','450100','南宁市','450127','横县'),
 ('1958','450000','广西壮族自治区','450200','柳州市','450202','城中区'),
 ('1959','450000','广西壮族自治区','450200','柳州市','450203','鱼峰区'),
 ('196','130000','河北省','131000','廊坊市','131003','广阳区'),
 ('1960','450000','广西壮族自治区','450200','柳州市','450204','柳南区'),
 ('1961','450000','广西壮族自治区','450200','柳州市','450205','柳北区'),
 ('1962','450000','广西壮族自治区','450200','柳州市','450221','柳江县'),
 ('1963','450000','广西壮族自治区','450200','柳州市','450222','柳城县'),
 ('1964','450000','广西壮族自治区','450200','柳州市','450223','鹿寨县'),
 ('1965','450000','广西壮族自治区','450200','柳州市','450224','融安县'),
 ('1966','450000','广西壮族自治区','450200','柳州市','450225','融水苗族自治县'),
 ('1967','450000','广西壮族自治区','450200','柳州市','450226','三江侗族自治县'),
 ('1968','450000','广西壮族自治区','450300','桂林市','450302','秀峰区'),
 ('1969','450000','广西壮族自治区','450300','桂林市','450303','叠彩区'),
 ('197','130000','河北省','131000','廊坊市','131022','固安县'),
 ('1970','450000','广西壮族自治区','450300','桂林市','450304','象山区'),
 ('1971','450000','广西壮族自治区','450300','桂林市','450305','七星区'),
 ('1972','450000','广西壮族自治区','450300','桂林市','450311','雁山区'),
 ('1973','450000','广西壮族自治区','450300','桂林市','450321','阳朔县'),
 ('1974','450000','广西壮族自治区','450300','桂林市','450322','临桂县'),
 ('1975','450000','广西壮族自治区','450300','桂林市','450323','灵川县'),
 ('1976','450000','广西壮族自治区','450300','桂林市','450324','全州县'),
 ('1977','450000','广西壮族自治区','450300','桂林市','450325','兴安县'),
 ('1978','450000','广西壮族自治区','450300','桂林市','450326','永福县'),
 ('1979','450000','广西壮族自治区','450300','桂林市','450327','灌阳县'),
 ('198','130000','河北省','131000','廊坊市','131023','永清县'),
 ('1980','450000','广西壮族自治区','450300','桂林市','450328','龙胜各族自治县'),
 ('1981','450000','广西壮族自治区','450300','桂林市','450329','资源县'),
 ('1982','450000','广西壮族自治区','450300','桂林市','450330','平乐县'),
 ('1983','450000','广西壮族自治区','450300','桂林市','450331','荔浦县'),
 ('1984','450000','广西壮族自治区','450300','桂林市','450332','恭城瑶族自治县'),
 ('1985','450000','广西壮族自治区','450400','梧州市','450403','万秀区'),
 ('1986','450000','广西壮族自治区','450400','梧州市','450404','蝶山区'),
 ('1987','450000','广西壮族自治区','450400','梧州市','450405','长洲区'),
 ('1988','450000','广西壮族自治区','450400','梧州市','450421','苍梧县'),
 ('1989','450000','广西壮族自治区','450400','梧州市','450422','藤县'),
 ('199','130000','河北省','131000','廊坊市','131024','香河县'),
 ('1990','450000','广西壮族自治区','450400','梧州市','450423','蒙山县'),
 ('1991','450000','广西壮族自治区','450400','梧州市','450481','岑溪市'),
 ('1992','450000','广西壮族自治区','450500','北海市','450502','海城区'),
 ('1993','450000','广西壮族自治区','450500','北海市','450503','银海区'),
 ('1994','450000','广西壮族自治区','450500','北海市','450512','铁山港区'),
 ('1995','450000','广西壮族自治区','450500','北海市','450521','合浦县'),
 ('1996','450000','广西壮族自治区','450600','防城港市','450602','港口区'),
 ('1997','450000','广西壮族自治区','450600','防城港市','450603','防城区'),
 ('1998','450000','广西壮族自治区','450600','防城港市','450621','上思县'),
 ('1999','450000','广西壮族自治区','450600','防城港市','450681','东兴市'),
 ('2','110000','北京市','110000','北京市','110102','西城区'),
 ('20','120000','天津市','120000','天津市','120104','南开区'),
 ('200','130000','河北省','131000','廊坊市','131025','大城县'),
 ('2000','450000','广西壮族自治区','450700','钦州市','450702','钦南区'),
 ('2001','450000','广西壮族自治区','450700','钦州市','450703','钦北区'),
 ('2002','450000','广西壮族自治区','450700','钦州市','450721','灵山县'),
 ('2003','450000','广西壮族自治区','450700','钦州市','450722','浦北县'),
 ('2004','450000','广西壮族自治区','450800','贵港市','450802','港北区'),
 ('2005','450000','广西壮族自治区','450800','贵港市','450803','港南区'),
 ('2006','450000','广西壮族自治区','450800','贵港市','450804','覃塘区'),
 ('2007','450000','广西壮族自治区','450800','贵港市','450821','平南县'),
 ('2008','450000','广西壮族自治区','450800','贵港市','450881','桂平市'),
 ('2009','450000','广西壮族自治区','450900','玉林市','450902','玉州区'),
 ('201','130000','河北省','131000','廊坊市','131026','文安县'),
 ('2010','450000','广西壮族自治区','450900','玉林市','450921','容县'),
 ('2011','450000','广西壮族自治区','450900','玉林市','450922','陆川县'),
 ('2012','450000','广西壮族自治区','450900','玉林市','450923','博白县'),
 ('2013','450000','广西壮族自治区','450900','玉林市','450924','兴业县'),
 ('2014','450000','广西壮族自治区','450900','玉林市','450981','北流市'),
 ('2015','450000','广西壮族自治区','451000','百色市','451002','右江区'),
 ('2016','450000','广西壮族自治区','451000','百色市','451021','田阳县'),
 ('2017','450000','广西壮族自治区','451000','百色市','451022','田东县'),
 ('2018','450000','广西壮族自治区','451000','百色市','451023','平果县'),
 ('2019','450000','广西壮族自治区','451000','百色市','451024','德保县'),
 ('202','130000','河北省','131000','廊坊市','131028','大厂回族自治县'),
 ('2020','450000','广西壮族自治区','451000','百色市','451025','靖西县'),
 ('2021','450000','广西壮族自治区','451000','百色市','451026','那坡县'),
 ('2022','450000','广西壮族自治区','451000','百色市','451027','凌云县'),
 ('2023','450000','广西壮族自治区','451000','百色市','451028','乐业县'),
 ('2024','450000','广西壮族自治区','451000','百色市','451029','田林县'),
 ('2025','450000','广西壮族自治区','451000','百色市','451030','西林县'),
 ('2026','450000','广西壮族自治区','451000','百色市','451031','隆林各族自治县'),
 ('2027','450000','广西壮族自治区','451100','贺州市','451102','八步区'),
 ('2028','450000','广西壮族自治区','451100','贺州市','451103','平桂区'),
 ('2029','450000','广西壮族自治区','451100','贺州市','451121','昭平县'),
 ('203','130000','河北省','131000','廊坊市','131081','霸州市'),
 ('2030','450000','广西壮族自治区','451100','贺州市','451122','钟山县'),
 ('2031','450000','广西壮族自治区','451100','贺州市','451123','富川瑶族自治县'),
 ('2032','450000','广西壮族自治区','451200','河池市','451202','金城江区'),
 ('2033','450000','广西壮族自治区','451200','河池市','451221','南丹县'),
 ('2034','450000','广西壮族自治区','451200','河池市','451222','天峨县'),
 ('2035','450000','广西壮族自治区','451200','河池市','451223','凤山县'),
 ('2036','450000','广西壮族自治区','451200','河池市','451224','东兰县'),
 ('2037','450000','广西壮族自治区','451200','河池市','451225','罗城仫佬族自治县'),
 ('2038','450000','广西壮族自治区','451200','河池市','451226','环江毛南族自治县'),
 ('2039','450000','广西壮族自治区','451200','河池市','451227','巴马瑶族自治县'),
 ('204','130000','河北省','131000','廊坊市','131082','三河市'),
 ('2040','450000','广西壮族自治区','451200','河池市','451228','都安瑶族自治县'),
 ('2041','450000','广西壮族自治区','451200','河池市','451229','大化瑶族自治县'),
 ('2042','450000','广西壮族自治区','451200','河池市','451281','宜州市'),
 ('2043','450000','广西壮族自治区','451300','来宾市','451302','兴宾区'),
 ('2044','450000','广西壮族自治区','451300','来宾市','451321','忻城县'),
 ('2045','450000','广西壮族自治区','451300','来宾市','451322','象州县'),
 ('2046','450000','广西壮族自治区','451300','来宾市','451323','武宣县'),
 ('2047','450000','广西壮族自治区','451300','来宾市','451324','金秀瑶族自治县'),
 ('2048','450000','广西壮族自治区','451300','来宾市','451381','合山市'),
 ('2049','450000','广西壮族自治区','451400','崇左市','451402','江州区'),
 ('205','130000','河北省','131100','衡水市','131102','桃城区'),
 ('2050','450000','广西壮族自治区','451400','崇左市','451421','扶绥县'),
 ('2051','450000','广西壮族自治区','451400','崇左市','451422','宁明县'),
 ('2052','450000','广西壮族自治区','451400','崇左市','451423','龙州县'),
 ('2053','450000','广西壮族自治区','451400','崇左市','451424','大新县'),
 ('2054','450000','广西壮族自治区','451400','崇左市','451425','天等县'),
 ('2055','450000','广西壮族自治区','451400','崇左市','451481','凭祥市'),
 ('2056','460000','海南省','460100','海口市','460105','秀英区'),
 ('2057','460000','海南省','460100','海口市','460106','龙华区'),
 ('2058','460000','海南省','460100','海口市','460107','琼山区'),
 ('2059','460000','海南省','460100','海口市','460108','美兰区'),
 ('206','130000','河北省','131100','衡水市','131121','枣强县'),
 ('2060','460000','海南省','460300','三沙市','460321','西沙群岛'),
 ('2061','460000','海南省','460300','三沙市','460322','南沙群岛'),
 ('2062','460000','海南省','460300','三沙市','460323','中沙群岛的岛礁及其海域'),
 ('2063','460000','海南省','460000','海南省','469001','五指山市'),
 ('2064','460000','海南省','460000','海南省','469002','琼海市'),
 ('2065','460000','海南省','460000','海南省','469003','儋州市'),
 ('2066','460000','海南省','460000','海南省','469005','文昌市'),
 ('2067','460000','海南省','460000','海南省','469006','万宁市'),
 ('2068','460000','海南省','460000','海南省','469007','东方市'),
 ('2069','460000','海南省','460000','海南省','469021','定安县'),
 ('207','130000','河北省','131100','衡水市','131122','武邑县'),
 ('2070','460000','海南省','460000','海南省','469022','屯昌县'),
 ('2071','460000','海南省','460000','海南省','469023','澄迈县'),
 ('2072','460000','海南省','460000','海南省','469024','临高县'),
 ('2073','460000','海南省','460000','海南省','469025','白沙黎族自治县'),
 ('2074','460000','海南省','460000','海南省','469026','昌江黎族自治县'),
 ('2075','460000','海南省','460000','海南省','469027','乐东黎族自治县'),
 ('2076','460000','海南省','460000','海南省','469028','陵水黎族自治县'),
 ('2077','460000','海南省','460000','海南省','469029','保亭黎族苗族自治县'),
 ('2078','460000','海南省','460000','海南省','469030','琼中黎族苗族自治县'),
 ('2079','460000','海南省','460000','海南省','469031','西沙群岛'),
 ('208','130000','河北省','131100','衡水市','131123','武强县'),
 ('2080','460000','海南省','460000','海南省','469032','南沙群岛'),
 ('2081','460000','海南省','460000','海南省','469033','中沙群岛的岛礁及其海域'),
 ('2082','500000','重庆市','500000','重庆市','500101','万州区'),
 ('2083','500000','重庆市','500000','重庆市','500102','涪陵区'),
 ('2084','500000','重庆市','500000','重庆市','500103','渝中区'),
 ('2085','500000','重庆市','500000','重庆市','500104','大渡口区'),
 ('2086','500000','重庆市','500000','重庆市','500105','江北区'),
 ('2087','500000','重庆市','500000','重庆市','500106','沙坪坝区'),
 ('2088','500000','重庆市','500000','重庆市','500107','九龙坡区'),
 ('2089','500000','重庆市','500000','重庆市','500108','南岸区'),
 ('209','130000','河北省','131100','衡水市','131124','饶阳县'),
 ('2090','500000','重庆市','500000','重庆市','500109','北碚区'),
 ('2091','500000','重庆市','500000','重庆市','500110','綦江区'),
 ('2092','500000','重庆市','500000','重庆市','500111','大足区'),
 ('2093','500000','重庆市','500000','重庆市','500112','渝北区'),
 ('2094','500000','重庆市','500000','重庆市','500113','巴南区'),
 ('2095','500000','重庆市','500000','重庆市','500114','黔江区'),
 ('2096','500000','重庆市','500000','重庆市','500115','长寿区'),
 ('2097','500000','重庆市','500000','重庆市','500116','江津区'),
 ('2098','500000','重庆市','500000','重庆市','500117','合川区'),
 ('2099','500000','重庆市','500000','重庆市','500118','永川区'),
 ('21','120000','天津市','120000','天津市','120105','河北区'),
 ('210','130000','河北省','131100','衡水市','131125','安平县'),
 ('2100','500000','重庆市','500000','重庆市','500119','南川区'),
 ('2101','500000','重庆市','500000','重庆市','500223','潼南县'),
 ('2102','500000','重庆市','500000','重庆市','500224','铜梁县'),
 ('2103','500000','重庆市','500000','重庆市','500226','荣昌县'),
 ('2104','500000','重庆市','500000','重庆市','500227','璧山县'),
 ('2105','500000','重庆市','500000','重庆市','500228','梁平县'),
 ('2106','500000','重庆市','500000','重庆市','500229','城口县'),
 ('2107','500000','重庆市','500000','重庆市','500230','丰都县'),
 ('2108','500000','重庆市','500000','重庆市','500231','垫江县'),
 ('2109','500000','重庆市','500000','重庆市','500232','武隆县'),
 ('211','130000','河北省','131100','衡水市','131126','故城县'),
 ('2110','500000','重庆市','500000','重庆市','500233','忠县'),
 ('2111','500000','重庆市','500000','重庆市','500234','开县'),
 ('2112','500000','重庆市','500000','重庆市','500235','云阳县'),
 ('2113','500000','重庆市','500000','重庆市','500236','奉节县'),
 ('2114','500000','重庆市','500000','重庆市','500237','巫山县'),
 ('2115','500000','重庆市','500000','重庆市','500238','巫溪县'),
 ('2116','500000','重庆市','500000','重庆市','500240','石柱土家族自治县'),
 ('2117','500000','重庆市','500000','重庆市','500241','秀山土家族苗族自治县'),
 ('2118','500000','重庆市','500000','重庆市','500242','酉阳土家族苗族自治县'),
 ('2119','500000','重庆市','500000','重庆市','500243','彭水苗族土家族自治县'),
 ('212','130000','河北省','131100','衡水市','131127','景县'),
 ('2120','510000','四川省','510100','成都市','510104','锦江区'),
 ('2121','510000','四川省','510100','成都市','510105','青羊区'),
 ('2122','510000','四川省','510100','成都市','510106','金牛区'),
 ('2123','510000','四川省','510100','成都市','510107','武侯区'),
 ('2124','510000','四川省','510100','成都市','510108','成华区'),
 ('2125','510000','四川省','510100','成都市','510112','龙泉驿区'),
 ('2126','510000','四川省','510100','成都市','510113','青白江区'),
 ('2127','510000','四川省','510100','成都市','510114','新都区'),
 ('2128','510000','四川省','510100','成都市','510115','温江区'),
 ('2129','510000','四川省','510100','成都市','510121','金堂县'),
 ('213','130000','河北省','131100','衡水市','131128','阜城县'),
 ('2130','510000','四川省','510100','成都市','510122','双流县'),
 ('2131','510000','四川省','510100','成都市','510124','郫县'),
 ('2132','510000','四川省','510100','成都市','510129','大邑县'),
 ('2133','510000','四川省','510100','成都市','510131','蒲江县'),
 ('2134','510000','四川省','510100','成都市','510132','新津县'),
 ('2135','510000','四川省','510100','成都市','510181','都江堰市'),
 ('2136','510000','四川省','510100','成都市','510182','彭州市'),
 ('2137','510000','四川省','510100','成都市','510183','邛崃市'),
 ('2138','510000','四川省','510100','成都市','510184','崇州市'),
 ('2139','510000','四川省','510300','自贡市','510302','自流井区'),
 ('214','130000','河北省','131100','衡水市','131181','冀州市'),
 ('2140','510000','四川省','510300','自贡市','510303','贡井区'),
 ('2141','510000','四川省','510300','自贡市','510304','大安区'),
 ('2142','510000','四川省','510300','自贡市','510311','沿滩区'),
 ('2143','510000','四川省','510300','自贡市','510321','荣县'),
 ('2144','510000','四川省','510300','自贡市','510322','富顺县'),
 ('2145','510000','四川省','510400','攀枝花市','510402','东区'),
 ('2146','510000','四川省','510400','攀枝花市','510403','西区'),
 ('2147','510000','四川省','510400','攀枝花市','510411','仁和区'),
 ('2148','510000','四川省','510400','攀枝花市','510421','米易县'),
 ('2149','510000','四川省','510400','攀枝花市','510422','盐边县'),
 ('215','130000','河北省','131100','衡水市','131182','深州市'),
 ('2150','510000','四川省','510500','泸州市','510502','江阳区'),
 ('2151','510000','四川省','510500','泸州市','510503','纳溪区'),
 ('2152','510000','四川省','510500','泸州市','510504','龙马潭区'),
 ('2153','510000','四川省','510500','泸州市','510521','泸县'),
 ('2154','510000','四川省','510500','泸州市','510522','合江县'),
 ('2155','510000','四川省','510500','泸州市','510524','叙永县'),
 ('2156','510000','四川省','510500','泸州市','510525','古蔺县'),
 ('2157','510000','四川省','510600','德阳市','510603','旌阳区'),
 ('2158','510000','四川省','510600','德阳市','510623','中江县'),
 ('2159','510000','四川省','510600','德阳市','510626','罗江县'),
 ('216','140000','山西省','140100','太原市','140105','小店区'),
 ('2160','510000','四川省','510600','德阳市','510681','广汉市'),
 ('2161','510000','四川省','510600','德阳市','510682','什邡市'),
 ('2162','510000','四川省','510600','德阳市','510683','绵竹市'),
 ('2163','510000','四川省','510700','绵阳市','510703','涪城区'),
 ('2164','510000','四川省','510700','绵阳市','510704','游仙区'),
 ('2165','510000','四川省','510700','绵阳市','510722','三台县'),
 ('2166','510000','四川省','510700','绵阳市','510723','盐亭县'),
 ('2167','510000','四川省','510700','绵阳市','510724','安县'),
 ('2168','510000','四川省','510700','绵阳市','510725','梓潼县'),
 ('2169','510000','四川省','510700','绵阳市','510726','北川羌族自治县'),
 ('217','140000','山西省','140100','太原市','140106','迎泽区'),
 ('2170','510000','四川省','510700','绵阳市','510727','平武县'),
 ('2171','510000','四川省','510700','绵阳市','510781','江油市'),
 ('2172','510000','四川省','510800','广元市','510802','利州区'),
 ('2173','510000','四川省','510800','广元市','510811','昭化区'),
 ('2174','510000','四川省','510800','广元市','510812','朝天区'),
 ('2175','510000','四川省','510800','广元市','510821','旺苍县'),
 ('2176','510000','四川省','510800','广元市','510822','青川县'),
 ('2177','510000','四川省','510800','广元市','510823','剑阁县'),
 ('2178','510000','四川省','510800','广元市','510824','苍溪县'),
 ('2179','510000','四川省','510900','遂宁市','510903','船山区'),
 ('218','140000','山西省','140100','太原市','140107','杏花岭区'),
 ('2180','510000','四川省','510900','遂宁市','510904','安居区'),
 ('2181','510000','四川省','510900','遂宁市','510921','蓬溪县'),
 ('2182','510000','四川省','510900','遂宁市','510922','射洪县'),
 ('2183','510000','四川省','510900','遂宁市','510923','大英县'),
 ('2184','510000','四川省','511000','内江市','511002','市中区'),
 ('2185','510000','四川省','511000','内江市','511011','东兴区'),
 ('2186','510000','四川省','511000','内江市','511024','威远县'),
 ('2187','510000','四川省','511000','内江市','511025','资中县'),
 ('2188','510000','四川省','511000','内江市','511028','隆昌县'),
 ('2189','510000','四川省','511100','乐山市','511102','市中区'),
 ('219','140000','山西省','140100','太原市','140108','尖草坪区'),
 ('2190','510000','四川省','511100','乐山市','511111','沙湾区'),
 ('2191','510000','四川省','511100','乐山市','511112','五通桥区'),
 ('2192','510000','四川省','511100','乐山市','511113','金口河区'),
 ('2193','510000','四川省','511100','乐山市','511123','犍为县'),
 ('2194','510000','四川省','511100','乐山市','511124','井研县'),
 ('2195','510000','四川省','511100','乐山市','511126','夹江县'),
 ('2196','510000','四川省','511100','乐山市','511129','沐川县'),
 ('2197','510000','四川省','511100','乐山市','511132','峨边彝族自治县'),
 ('2198','510000','四川省','511100','乐山市','511133','马边彝族自治县'),
 ('2199','510000','四川省','511100','乐山市','511181','峨眉山市'),
 ('22','120000','天津市','120000','天津市','120106','红桥区'),
 ('220','140000','山西省','140100','太原市','140109','万柏林区'),
 ('2200','510000','四川省','511300','南充市','511302','顺庆区'),
 ('2201','510000','四川省','511300','南充市','511303','高坪区'),
 ('2202','510000','四川省','511300','南充市','511304','嘉陵区'),
 ('2203','510000','四川省','511300','南充市','511321','南部县'),
 ('2204','510000','四川省','511300','南充市','511322','营山县'),
 ('2205','510000','四川省','511300','南充市','511323','蓬安县'),
 ('2206','510000','四川省','511300','南充市','511324','仪陇县'),
 ('2207','510000','四川省','511300','南充市','511325','西充县'),
 ('2208','510000','四川省','511300','南充市','511381','阆中市'),
 ('2209','510000','四川省','511400','眉山市','511402','东坡区'),
 ('221','140000','山西省','140100','太原市','140110','晋源区'),
 ('2210','510000','四川省','511400','眉山市','511403','彭山区'),
 ('2211','510000','四川省','511400','眉山市','511421','仁寿县'),
 ('2212','510000','四川省','511400','眉山市','511423','洪雅县'),
 ('2213','510000','四川省','511400','眉山市','511424','丹棱县'),
 ('2214','510000','四川省','511400','眉山市','511425','青神县'),
 ('2215','510000','四川省','511500','宜宾市','511502','翠屏区'),
 ('2216','510000','四川省','511500','宜宾市','511503','南溪区'),
 ('2217','510000','四川省','511500','宜宾市','511521','宜宾县'),
 ('2218','510000','四川省','511500','宜宾市','511523','江安县'),
 ('2219','510000','四川省','511500','宜宾市','511524','长宁县'),
 ('222','140000','山西省','140100','太原市','140121','清徐县'),
 ('2220','510000','四川省','511500','宜宾市','511525','高县'),
 ('2221','510000','四川省','511500','宜宾市','511526','珙县'),
 ('2222','510000','四川省','511500','宜宾市','511527','筠连县'),
 ('2223','510000','四川省','511500','宜宾市','511528','兴文县'),
 ('2224','510000','四川省','511500','宜宾市','511529','屏山县'),
 ('2225','510000','四川省','511600','广安市','511602','广安区'),
 ('2226','510000','四川省','511600','广安市','511603','前锋区'),
 ('2227','510000','四川省','511600','广安市','511621','岳池县'),
 ('2228','510000','四川省','511600','广安市','511622','武胜县'),
 ('2229','510000','四川省','511600','广安市','511623','邻水县'),
 ('223','140000','山西省','140100','太原市','140122','阳曲县'),
 ('2230','510000','四川省','511600','广安市','511681','华蓥市'),
 ('2231','510000','四川省','511700','达州市','511702','通川区'),
 ('2232','510000','四川省','511700','达州市','511703','达川区'),
 ('2233','510000','四川省','511700','达州市','511721','达县'),
 ('2234','510000','四川省','511700','达州市','511722','宣汉县'),
 ('2235','510000','四川省','511700','达州市','511723','开江县'),
 ('2236','510000','四川省','511700','达州市','511724','大竹县'),
 ('2237','510000','四川省','511700','达州市','511725','渠县'),
 ('2238','510000','四川省','511700','达州市','511781','万源市'),
 ('2239','510000','四川省','511800','雅安市','511802','雨城区'),
 ('224','140000','山西省','140100','太原市','140123','娄烦县'),
 ('2240','510000','四川省','511800','雅安市','511803','名山区'),
 ('2241','510000','四川省','511800','雅安市','511821','名山县'),
 ('2242','510000','四川省','511800','雅安市','511822','荥经县'),
 ('2243','510000','四川省','511800','雅安市','511823','汉源县'),
 ('2244','510000','四川省','511800','雅安市','511824','石棉县'),
 ('2245','510000','四川省','511800','雅安市','511825','天全县'),
 ('2246','510000','四川省','511800','雅安市','511826','芦山县'),
 ('2247','510000','四川省','511800','雅安市','511827','宝兴县'),
 ('2248','510000','四川省','511900','巴中市','511902','巴州区'),
 ('2249','510000','四川省','511900','巴中市','511903','恩阳区'),
 ('225','140000','山西省','140100','太原市','140181','古交市'),
 ('2250','510000','四川省','511900','巴中市','511921','通江县'),
 ('2251','510000','四川省','511900','巴中市','511922','南江县'),
 ('2252','510000','四川省','511900','巴中市','511923','平昌县'),
 ('2253','510000','四川省','512000','资阳市','512002','雁江区'),
 ('2254','510000','四川省','512000','资阳市','512021','安岳县'),
 ('2255','510000','四川省','512000','资阳市','512022','乐至县'),
 ('2256','510000','四川省','512000','资阳市','512081','简阳市'),
 ('2257','510000','四川省','513200','阿坝藏族羌族自治州','513221','汶川县'),
 ('2258','510000','四川省','513200','阿坝藏族羌族自治州','513222','理县'),
 ('2259','510000','四川省','513200','阿坝藏族羌族自治州','513223','茂县'),
 ('226','140000','山西省','140200','大同市','140202','城区'),
 ('2260','510000','四川省','513200','阿坝藏族羌族自治州','513224','松潘县'),
 ('2261','510000','四川省','513200','阿坝藏族羌族自治州','513225','九寨沟县'),
 ('2262','510000','四川省','513200','阿坝藏族羌族自治州','513226','金川县'),
 ('2263','510000','四川省','513200','阿坝藏族羌族自治州','513227','小金县'),
 ('2264','510000','四川省','513200','阿坝藏族羌族自治州','513228','黑水县'),
 ('2265','510000','四川省','513200','阿坝藏族羌族自治州','513229','马尔康县'),
 ('2266','510000','四川省','513200','阿坝藏族羌族自治州','513230','壤塘县'),
 ('2267','510000','四川省','513200','阿坝藏族羌族自治州','513231','阿坝县'),
 ('2268','510000','四川省','513200','阿坝藏族羌族自治州','513232','若尔盖县'),
 ('2269','510000','四川省','513200','阿坝藏族羌族自治州','513233','红原县'),
 ('227','140000','山西省','140200','大同市','140203','矿区'),
 ('2270','510000','四川省','513300','甘孜藏族自治州','513301','康定市'),
 ('2271','510000','四川省','513300','甘孜藏族自治州','513321','康定县'),
 ('2272','510000','四川省','513300','甘孜藏族自治州','513322','泸定县'),
 ('2273','510000','四川省','513300','甘孜藏族自治州','513323','丹巴县'),
 ('2274','510000','四川省','513300','甘孜藏族自治州','513324','九龙县'),
 ('2275','510000','四川省','513300','甘孜藏族自治州','513325','雅江县'),
 ('2276','510000','四川省','513300','甘孜藏族自治州','513326','道孚县'),
 ('2277','510000','四川省','513300','甘孜藏族自治州','513327','炉霍县'),
 ('2278','510000','四川省','513300','甘孜藏族自治州','513328','甘孜县'),
 ('2279','510000','四川省','513300','甘孜藏族自治州','513329','新龙县'),
 ('228','140000','山西省','140200','大同市','140211','南郊区'),
 ('2280','510000','四川省','513300','甘孜藏族自治州','513330','德格县'),
 ('2281','510000','四川省','513300','甘孜藏族自治州','513331','白玉县'),
 ('2282','510000','四川省','513300','甘孜藏族自治州','513332','石渠县'),
 ('2283','510000','四川省','513300','甘孜藏族自治州','513333','色达县'),
 ('2284','510000','四川省','513300','甘孜藏族自治州','513334','理塘县'),
 ('2285','510000','四川省','513300','甘孜藏族自治州','513335','巴塘县'),
 ('2286','510000','四川省','513300','甘孜藏族自治州','513336','乡城县'),
 ('2287','510000','四川省','513300','甘孜藏族自治州','513337','稻城县'),
 ('2288','510000','四川省','513300','甘孜藏族自治州','513338','得荣县'),
 ('2289','510000','四川省','513400','凉山彝族自治州','513401','西昌市'),
 ('229','140000','山西省','140200','大同市','140212','新荣区'),
 ('2290','510000','四川省','513400','凉山彝族自治州','513422','木里藏族自治县'),
 ('2291','510000','四川省','513400','凉山彝族自治州','513423','盐源县'),
 ('2292','510000','四川省','513400','凉山彝族自治州','513424','德昌县'),
 ('2293','510000','四川省','513400','凉山彝族自治州','513425','会理县'),
 ('2294','510000','四川省','513400','凉山彝族自治州','513426','会东县'),
 ('2295','510000','四川省','513400','凉山彝族自治州','513427','宁南县'),
 ('2296','510000','四川省','513400','凉山彝族自治州','513428','普格县'),
 ('2297','510000','四川省','513400','凉山彝族自治州','513429','布拖县'),
 ('2298','510000','四川省','513400','凉山彝族自治州','513430','金阳县'),
 ('2299','510000','四川省','513400','凉山彝族自治州','513431','昭觉县'),
 ('23','120000','天津市','120000','天津市','120110','东丽区'),
 ('230','140000','山西省','140200','大同市','140221','阳高县'),
 ('2300','510000','四川省','513400','凉山彝族自治州','513432','喜德县'),
 ('2301','510000','四川省','513400','凉山彝族自治州','513433','冕宁县'),
 ('2302','510000','四川省','513400','凉山彝族自治州','513434','越西县'),
 ('2303','510000','四川省','513400','凉山彝族自治州','513435','甘洛县'),
 ('2304','510000','四川省','513400','凉山彝族自治州','513436','美姑县'),
 ('2305','510000','四川省','513400','凉山彝族自治州','513437','雷波县'),
 ('2306','520000','贵州省','520100','贵阳市','520102','南明区'),
 ('2307','520000','贵州省','520100','贵阳市','520103','云岩区'),
 ('2308','520000','贵州省','520100','贵阳市','520111','花溪区'),
 ('2309','520000','贵州省','520100','贵阳市','520112','乌当区'),
 ('231','140000','山西省','140200','大同市','140222','天镇县'),
 ('2310','520000','贵州省','520100','贵阳市','520113','白云区'),
 ('2311','520000','贵州省','520100','贵阳市','520114','小河区'),
 ('2312','520000','贵州省','520100','贵阳市','520115','观山湖区'),
 ('2313','520000','贵州省','520100','贵阳市','520121','开阳县'),
 ('2314','520000','贵州省','520100','贵阳市','520122','息烽县'),
 ('2315','520000','贵州省','520100','贵阳市','520123','修文县'),
 ('2316','520000','贵州省','520100','贵阳市','520181','清镇市'),
 ('2317','520000','贵州省','520200','六盘水市','520201','钟山区'),
 ('2318','520000','贵州省','520200','六盘水市','520203','六枝特区'),
 ('2319','520000','贵州省','520200','六盘水市','520221','水城县'),
 ('232','140000','山西省','140200','大同市','140223','广灵县'),
 ('2320','520000','贵州省','520200','六盘水市','520222','盘县'),
 ('2321','520000','贵州省','520300','遵义市','520302','红花岗区'),
 ('2322','520000','贵州省','520300','遵义市','520303','汇川区'),
 ('2323','520000','贵州省','520300','遵义市','520321','遵义县'),
 ('2324','520000','贵州省','520300','遵义市','520322','桐梓县'),
 ('2325','520000','贵州省','520300','遵义市','520323','绥阳县'),
 ('2326','520000','贵州省','520300','遵义市','520324','正安县'),
 ('2327','520000','贵州省','520300','遵义市','520325','道真仡佬族苗族自治县'),
 ('2328','520000','贵州省','520300','遵义市','520326','务川仡佬族苗族自治县'),
 ('2329','520000','贵州省','520300','遵义市','520327','凤冈县'),
 ('233','140000','山西省','140200','大同市','140224','灵丘县'),
 ('2330','520000','贵州省','520300','遵义市','520328','湄潭县'),
 ('2331','520000','贵州省','520300','遵义市','520329','余庆县'),
 ('2332','520000','贵州省','520300','遵义市','520330','习水县'),
 ('2333','520000','贵州省','520300','遵义市','520381','赤水市'),
 ('2334','520000','贵州省','520300','遵义市','520382','仁怀市'),
 ('2335','520000','贵州省','520400','安顺市','520402','西秀区'),
 ('2336','520000','贵州省','520400','安顺市','520421','平坝区'),
 ('2337','520000','贵州省','520400','安顺市','520422','普定县'),
 ('2338','520000','贵州省','520400','安顺市','520423','镇宁布依族苗族自治县'),
 ('2339','520000','贵州省','520400','安顺市','520424','关岭布依族苗族自治县'),
 ('234','140000','山西省','140200','大同市','140225','浑源县'),
 ('2340','520000','贵州省','520400','安顺市','520425','紫云苗族布依族自治县'),
 ('2341','520000','贵州省','520500','毕节市','520502','七星关区'),
 ('2342','520000','贵州省','520500','毕节市','520521','大方县'),
 ('2343','520000','贵州省','520500','毕节市','520522','黔西县'),
 ('2344','520000','贵州省','520500','毕节市','520523','金沙县'),
 ('2345','520000','贵州省','520500','毕节市','520524','织金县'),
 ('2346','520000','贵州省','520500','毕节市','520525','纳雍县'),
 ('2347','520000','贵州省','520500','毕节市','520526','威宁彝族回族苗族自治县'),
 ('2348','520000','贵州省','520500','毕节市','520527','赫章县'),
 ('2349','520000','贵州省','520600','铜仁市','520602','碧江区'),
 ('235','140000','山西省','140200','大同市','140226','左云县'),
 ('2350','520000','贵州省','520600','铜仁市','520603','万山区'),
 ('2351','520000','贵州省','520600','铜仁市','520621','江口县'),
 ('2352','520000','贵州省','520600','铜仁市','520622','玉屏侗族自治县'),
 ('2353','520000','贵州省','520600','铜仁市','520623','石阡县'),
 ('2354','520000','贵州省','520600','铜仁市','520624','思南县'),
 ('2355','520000','贵州省','520600','铜仁市','520625','印江土家族苗族自治县'),
 ('2356','520000','贵州省','520600','铜仁市','520626','德江县'),
 ('2357','520000','贵州省','520600','铜仁市','520627','沿河土家族自治县'),
 ('2358','520000','贵州省','520600','铜仁市','520628','松桃苗族自治县'),
 ('2359','520000','贵州省','522300','黔西南布依族苗族自治州','522301','兴义市'),
 ('236','140000','山西省','140200','大同市','140227','大同县'),
 ('2360','520000','贵州省','522300','黔西南布依族苗族自治州','522322','兴仁县'),
 ('2361','520000','贵州省','522300','黔西南布依族苗族自治州','522323','普安县'),
 ('2362','520000','贵州省','522300','黔西南布依族苗族自治州','522324','晴隆县'),
 ('2363','520000','贵州省','522300','黔西南布依族苗族自治州','522325','贞丰县'),
 ('2364','520000','贵州省','522300','黔西南布依族苗族自治州','522326','望谟县'),
 ('2365','520000','贵州省','522300','黔西南布依族苗族自治州','522327','册亨县'),
 ('2366','520000','贵州省','522300','黔西南布依族苗族自治州','522328','安龙县'),
 ('2367','520000','贵州省','522600','黔东南苗族侗族自治州','522601','凯里市'),
 ('2368','520000','贵州省','522600','黔东南苗族侗族自治州','522622','黄平县'),
 ('2369','520000','贵州省','522600','黔东南苗族侗族自治州','522623','施秉县'),
 ('237','140000','山西省','140300','阳泉市','140302','城区'),
 ('2370','520000','贵州省','522600','黔东南苗族侗族自治州','522624','三穗县'),
 ('2371','520000','贵州省','522600','黔东南苗族侗族自治州','522625','镇远县'),
 ('2372','520000','贵州省','522600','黔东南苗族侗族自治州','522626','岑巩县'),
 ('2373','520000','贵州省','522600','黔东南苗族侗族自治州','522627','天柱县'),
 ('2374','520000','贵州省','522600','黔东南苗族侗族自治州','522628','锦屏县'),
 ('2375','520000','贵州省','522600','黔东南苗族侗族自治州','522629','剑河县'),
 ('2376','520000','贵州省','522600','黔东南苗族侗族自治州','522630','台江县'),
 ('2377','520000','贵州省','522600','黔东南苗族侗族自治州','522631','黎平县'),
 ('2378','520000','贵州省','522600','黔东南苗族侗族自治州','522632','榕江县'),
 ('2379','520000','贵州省','522600','黔东南苗族侗族自治州','522633','从江县'),
 ('238','140000','山西省','140300','阳泉市','140303','矿区'),
 ('2380','520000','贵州省','522600','黔东南苗族侗族自治州','522634','雷山县'),
 ('2381','520000','贵州省','522600','黔东南苗族侗族自治州','522635','麻江县'),
 ('2382','520000','贵州省','522600','黔东南苗族侗族自治州','522636','丹寨县'),
 ('2383','520000','贵州省','522700','黔南布依族苗族自治州','522701','都匀市'),
 ('2384','520000','贵州省','522700','黔南布依族苗族自治州','522702','福泉市'),
 ('2385','520000','贵州省','522700','黔南布依族苗族自治州','522722','荔波县'),
 ('2386','520000','贵州省','522700','黔南布依族苗族自治州','522723','贵定县'),
 ('2387','520000','贵州省','522700','黔南布依族苗族自治州','522725','瓮安县'),
 ('2388','520000','贵州省','522700','黔南布依族苗族自治州','522726','独山县'),
 ('2389','520000','贵州省','522700','黔南布依族苗族自治州','522727','平塘县'),
 ('239','140000','山西省','140300','阳泉市','140311','郊区'),
 ('2390','520000','贵州省','522700','黔南布依族苗族自治州','522728','罗甸县'),
 ('2391','520000','贵州省','522700','黔南布依族苗族自治州','522729','长顺县'),
 ('2392','520000','贵州省','522700','黔南布依族苗族自治州','522730','龙里县'),
 ('2393','520000','贵州省','522700','黔南布依族苗族自治州','522731','惠水县'),
 ('2394','520000','贵州省','522700','黔南布依族苗族自治州','522732','三都水族自治县'),
 ('2395','530000','云南省','530100','昆明市','530102','五华区'),
 ('2396','530000','云南省','530100','昆明市','530103','盘龙区'),
 ('2397','530000','云南省','530100','昆明市','530111','官渡区'),
 ('2398','530000','云南省','530100','昆明市','530112','西山区'),
 ('2399','530000','云南省','530100','昆明市','530113','东川区'),
 ('24','120000','天津市','120000','天津市','120111','西青区'),
 ('240','140000','山西省','140300','阳泉市','140321','平定县'),
 ('2400','530000','云南省','530100','昆明市','530114','呈贡区'),
 ('2401','530000','云南省','530100','昆明市','530122','晋宁县'),
 ('2402','530000','云南省','530100','昆明市','530124','富民县'),
 ('2403','530000','云南省','530100','昆明市','530125','宜良县'),
 ('2404','530000','云南省','530100','昆明市','530126','石林彝族自治县'),
 ('2405','530000','云南省','530100','昆明市','530127','嵩明县'),
 ('2406','530000','云南省','530100','昆明市','530128','禄劝彝族苗族自治县'),
 ('2407','530000','云南省','530100','昆明市','530129','寻甸回族彝族自治县'),
 ('2408','530000','云南省','530100','昆明市','530181','安宁市'),
 ('2409','530000','云南省','530300','曲靖市','530302','麒麟区'),
 ('241','140000','山西省','140300','阳泉市','140322','盂县'),
 ('2410','530000','云南省','530300','曲靖市','530303','沾益区'),
 ('2411','530000','云南省','530300','曲靖市','530321','马龙县'),
 ('2412','530000','云南省','530300','曲靖市','530322','陆良县'),
 ('2413','530000','云南省','530300','曲靖市','530323','师宗县'),
 ('2414','530000','云南省','530300','曲靖市','530324','罗平县'),
 ('2415','530000','云南省','530300','曲靖市','530325','富源县'),
 ('2416','530000','云南省','530300','曲靖市','530326','会泽县'),
 ('2417','530000','云南省','530300','曲靖市','530328','沾益县'),
 ('2418','530000','云南省','530300','曲靖市','530381','宣威市'),
 ('2419','530000','云南省','530400','玉溪市','530402','红塔区'),
 ('242','140000','山西省','140400','长治市','140402','城区'),
 ('2420','530000','云南省','530400','玉溪市','530403','江川区'),
 ('2421','530000','云南省','530400','玉溪市','530421','江川县'),
 ('2422','530000','云南省','530400','玉溪市','530422','澄江县'),
 ('2423','530000','云南省','530400','玉溪市','530423','通海县'),
 ('2424','530000','云南省','530400','玉溪市','530424','华宁县'),
 ('2425','530000','云南省','530400','玉溪市','530425','易门县'),
 ('2426','530000','云南省','530400','玉溪市','530426','峨山彝族自治县'),
 ('2427','530000','云南省','530400','玉溪市','530427','新平彝族傣族自治县'),
 ('2428','530000','云南省','530400','玉溪市','530428','元江哈尼族彝族傣族自治县'),
 ('2429','530000','云南省','530500','保山市','530502','隆阳区'),
 ('243','140000','山西省','140400','长治市','140411','郊区'),
 ('2430','530000','云南省','530500','保山市','530521','施甸县'),
 ('2431','530000','云南省','530500','保山市','530522','腾冲县'),
 ('2432','530000','云南省','530500','保山市','530523','龙陵县'),
 ('2433','530000','云南省','530500','保山市','530524','昌宁县'),
 ('2434','530000','云南省','530600','昭通市','530602','昭阳区'),
 ('2435','530000','云南省','530600','昭通市','530621','鲁甸县'),
 ('2436','530000','云南省','530600','昭通市','530622','巧家县'),
 ('2437','530000','云南省','530600','昭通市','530623','盐津县'),
 ('2438','530000','云南省','530600','昭通市','530624','大关县'),
 ('2439','530000','云南省','530600','昭通市','530625','永善县'),
 ('244','140000','山西省','140400','长治市','140421','长治县'),
 ('2440','530000','云南省','530600','昭通市','530626','绥江县'),
 ('2441','530000','云南省','530600','昭通市','530627','镇雄县'),
 ('2442','530000','云南省','530600','昭通市','530628','彝良县'),
 ('2443','530000','云南省','530600','昭通市','530629','威信县'),
 ('2444','530000','云南省','530600','昭通市','530630','水富县'),
 ('2445','530000','云南省','530700','丽江市','530702','古城区'),
 ('2446','530000','云南省','530700','丽江市','530721','玉龙纳西族自治县'),
 ('2447','530000','云南省','530700','丽江市','530722','永胜县'),
 ('2448','530000','云南省','530700','丽江市','530723','华坪县'),
 ('2449','530000','云南省','530700','丽江市','530724','宁蒗彝族自治县'),
 ('245','140000','山西省','140400','长治市','140423','襄垣县'),
 ('2450','530000','云南省','530800','普洱市','530802','思茅区'),
 ('2451','530000','云南省','530800','普洱市','530821','宁洱哈尼族彝族自治县'),
 ('2452','530000','云南省','530800','普洱市','530822','墨江哈尼族自治县'),
 ('2453','530000','云南省','530800','普洱市','530823','景东彝族自治县'),
 ('2454','530000','云南省','530800','普洱市','530824','景谷傣族彝族自治县'),
 ('2455','530000','云南省','530800','普洱市','530825','镇沅彝族哈尼族拉祜族自治县'),
 ('2456','530000','云南省','530800','普洱市','530826','江城哈尼族彝族自治县'),
 ('2457','530000','云南省','530800','普洱市','530827','孟连傣族拉祜族佤族自治县'),
 ('2458','530000','云南省','530800','普洱市','530828','澜沧拉祜族自治县'),
 ('2459','530000','云南省','530800','普洱市','530829','西盟佤族自治县'),
 ('246','140000','山西省','140400','长治市','140424','屯留县'),
 ('2460','530000','云南省','530900','临沧市','530902','临翔区'),
 ('2461','530000','云南省','530900','临沧市','530921','凤庆县'),
 ('2462','530000','云南省','530900','临沧市','530922','云县'),
 ('2463','530000','云南省','530900','临沧市','530923','永德县'),
 ('2464','530000','云南省','530900','临沧市','530924','镇康县'),
 ('2465','530000','云南省','530900','临沧市','530925','双江拉祜族佤族布朗族傣族自治县'),
 ('2466','530000','云南省','530900','临沧市','530926','耿马傣族佤族自治县'),
 ('2467','530000','云南省','530900','临沧市','530927','沧源佤族自治县'),
 ('2468','530000','云南省','532300','楚雄彝族自治州','532301','楚雄市'),
 ('2469','530000','云南省','532300','楚雄彝族自治州','532322','双柏县'),
 ('247','140000','山西省','140400','长治市','140425','平顺县'),
 ('2470','530000','云南省','532300','楚雄彝族自治州','532323','牟定县'),
 ('2471','530000','云南省','532300','楚雄彝族自治州','532324','南华县'),
 ('2472','530000','云南省','532300','楚雄彝族自治州','532325','姚安县'),
 ('2473','530000','云南省','532300','楚雄彝族自治州','532326','大姚县'),
 ('2474','530000','云南省','532300','楚雄彝族自治州','532327','永仁县'),
 ('2475','530000','云南省','532300','楚雄彝族自治州','532328','元谋县'),
 ('2476','530000','云南省','532300','楚雄彝族自治州','532329','武定县'),
 ('2477','530000','云南省','532300','楚雄彝族自治州','532331','禄丰县'),
 ('2478','530000','云南省','532500','红河哈尼族彝族自治州','532501','个旧市'),
 ('2479','530000','云南省','532500','红河哈尼族彝族自治州','532502','开远市'),
 ('248','140000','山西省','140400','长治市','140426','黎城县'),
 ('2480','530000','云南省','532500','红河哈尼族彝族自治州','532503','蒙自市'),
 ('2481','530000','云南省','532500','红河哈尼族彝族自治州','532523','屏边苗族自治县'),
 ('2482','530000','云南省','532500','红河哈尼族彝族自治州','532524','建水县'),
 ('2483','530000','云南省','532500','红河哈尼族彝族自治州','532525','石屏县'),
 ('2484','530000','云南省','532500','红河哈尼族彝族自治州','532526','弥勒县'),
 ('2485','530000','云南省','532500','红河哈尼族彝族自治州','532527','泸西县'),
 ('2486','530000','云南省','532500','红河哈尼族彝族自治州','532528','元阳县'),
 ('2487','530000','云南省','532500','红河哈尼族彝族自治州','532529','红河县'),
 ('2488','530000','云南省','532500','红河哈尼族彝族自治州','532530','金平苗族瑶族傣族自治县'),
 ('2489','530000','云南省','532500','红河哈尼族彝族自治州','532531','绿春县'),
 ('249','140000','山西省','140400','长治市','140427','壶关县'),
 ('2490','530000','云南省','532500','红河哈尼族彝族自治州','532532','河口瑶族自治县'),
 ('2491','530000','云南省','532600','文山壮族苗族自治州','532601','文山市'),
 ('2492','530000','云南省','532600','文山壮族苗族自治州','532622','砚山县'),
 ('2493','530000','云南省','532600','文山壮族苗族自治州','532623','西畴县'),
 ('2494','530000','云南省','532600','文山壮族苗族自治州','532624','麻栗坡县'),
 ('2495','530000','云南省','532600','文山壮族苗族自治州','532625','马关县'),
 ('2496','530000','云南省','532600','文山壮族苗族自治州','532626','丘北县');
INSERT INTO `dm_dq_qgxzqhssx` (`ID`,`XZQHSZ_DM_SHENG`,`XZQHMC_SHENG`,`XZQHSZ_DM_SHI`,`XZQHMC_SHI`,`XZQHSZ_DM_XIAN`,`XZQHMC_XIAN`) VALUES 
 ('2497','530000','云南省','532600','文山壮族苗族自治州','532627','广南县'),
 ('2498','530000','云南省','532600','文山壮族苗族自治州','532628','富宁县'),
 ('2499','530000','云南省','532800','西双版纳傣族自治州','532801','景洪市'),
 ('25','120000','天津市','120000','天津市','120112','津南区'),
 ('250','140000','山西省','140400','长治市','140428','长子县'),
 ('2500','530000','云南省','532800','西双版纳傣族自治州','532822','勐海县'),
 ('2501','530000','云南省','532800','西双版纳傣族自治州','532823','勐腊县'),
 ('2502','530000','云南省','532900','大理白族自治州','532901','大理市'),
 ('2503','530000','云南省','532900','大理白族自治州','532922','漾濞彝族自治县'),
 ('2504','530000','云南省','532900','大理白族自治州','532923','祥云县'),
 ('2505','530000','云南省','532900','大理白族自治州','532924','宾川县'),
 ('2506','530000','云南省','532900','大理白族自治州','532925','弥渡县'),
 ('2507','530000','云南省','532900','大理白族自治州','532926','南涧彝族自治县'),
 ('2508','530000','云南省','532900','大理白族自治州','532927','巍山彝族回族自治县'),
 ('2509','530000','云南省','532900','大理白族自治州','532928','永平县'),
 ('251','140000','山西省','140400','长治市','140429','武乡县'),
 ('2510','530000','云南省','532900','大理白族自治州','532929','云龙县'),
 ('2511','530000','云南省','532900','大理白族自治州','532930','洱源县'),
 ('2512','530000','云南省','532900','大理白族自治州','532931','剑川县'),
 ('2513','530000','云南省','532900','大理白族自治州','532932','鹤庆县'),
 ('2514','530000','云南省','533100','德宏傣族景颇族自治州','533102','瑞丽市'),
 ('2515','530000','云南省','533100','德宏傣族景颇族自治州','533103','芒市'),
 ('2516','530000','云南省','533100','德宏傣族景颇族自治州','533122','梁河县'),
 ('2517','530000','云南省','533100','德宏傣族景颇族自治州','533123','盈江县'),
 ('2518','530000','云南省','533100','德宏傣族景颇族自治州','533124','陇川县'),
 ('2519','530000','云南省','533300','怒江傈僳族自治州','533301','泸水市'),
 ('252','140000','山西省','140400','长治市','140430','沁县'),
 ('2520','530000','云南省','533300','怒江傈僳族自治州','533321','泸水县'),
 ('2521','530000','云南省','533300','怒江傈僳族自治州','533323','福贡县'),
 ('2522','530000','云南省','533300','怒江傈僳族自治州','533324','贡山独龙族怒族自治县'),
 ('2523','530000','云南省','533300','怒江傈僳族自治州','533325','兰坪白族普米族自治县'),
 ('2524','530000','云南省','533400','迪庆藏族自治州','533421','香格里拉县'),
 ('2525','530000','云南省','533400','迪庆藏族自治州','533422','德钦县'),
 ('2526','530000','云南省','533400','迪庆藏族自治州','533423','维西傈僳族自治县'),
 ('2527','540000','西藏自治区','540100','拉萨市','540102','城关区'),
 ('2528','540000','西藏自治区','540100','拉萨市','540121','林周县'),
 ('2529','540000','西藏自治区','540100','拉萨市','540122','当雄县'),
 ('253','140000','山西省','140400','长治市','140431','沁源县'),
 ('2530','540000','西藏自治区','540100','拉萨市','540123','尼木县'),
 ('2531','540000','西藏自治区','540100','拉萨市','540124','曲水县'),
 ('2532','540000','西藏自治区','540100','拉萨市','540125','堆龙德庆县'),
 ('2533','540000','西藏自治区','540100','拉萨市','540126','达孜县'),
 ('2534','540000','西藏自治区','540100','拉萨市','540127','墨竹工卡县'),
 ('2535','540000','西藏自治区','540200','日喀则市','540202','桑珠孜区'),
 ('2536','540000','西藏自治区','540200','日喀则市','540221','南木林县'),
 ('2537','540000','西藏自治区','540200','日喀则市','540222','江孜县'),
 ('2538','540000','西藏自治区','540200','日喀则市','540223','定日县'),
 ('2539','540000','西藏自治区','540200','日喀则市','540224','萨迦县'),
 ('254','140000','山西省','140400','长治市','140481','潞城市'),
 ('2540','540000','西藏自治区','540200','日喀则市','540225','拉孜县'),
 ('2541','540000','西藏自治区','540200','日喀则市','540226','昂仁县'),
 ('2542','540000','西藏自治区','540200','日喀则市','540227','谢通门县'),
 ('2543','540000','西藏自治区','540200','日喀则市','540228','白朗县'),
 ('2544','540000','西藏自治区','540200','日喀则市','540229','仁布县'),
 ('2545','540000','西藏自治区','540200','日喀则市','540230','康马县'),
 ('2546','540000','西藏自治区','540200','日喀则市','540231','定结县'),
 ('2547','540000','西藏自治区','540200','日喀则市','540232','仲巴县'),
 ('2548','540000','西藏自治区','540200','日喀则市','540233','亚东县'),
 ('2549','540000','西藏自治区','540200','日喀则市','540234','吉隆县'),
 ('255','140000','山西省','140500','晋城市','140502','城区'),
 ('2550','540000','西藏自治区','540200','日喀则市','540235','聂拉木县'),
 ('2551','540000','西藏自治区','540200','日喀则市','540236','萨嘎县'),
 ('2552','540000','西藏自治区','540200','日喀则市','540237','岗巴县'),
 ('2553','540000','西藏自治区','540300','昌都市','540302','卡若区'),
 ('2554','540000','西藏自治区','540300','昌都市','540321','江达县'),
 ('2555','540000','西藏自治区','540300','昌都市','540322','贡觉县'),
 ('2556','540000','西藏自治区','540300','昌都市','540323','类乌齐县'),
 ('2557','540000','西藏自治区','540300','昌都市','540324','丁青县'),
 ('2558','540000','西藏自治区','540300','昌都市','540325','察雅县'),
 ('2559','540000','西藏自治区','540300','昌都市','540326','八宿县'),
 ('256','140000','山西省','140500','晋城市','140521','沁水县'),
 ('2560','540000','西藏自治区','540300','昌都市','540327','左贡县'),
 ('2561','540000','西藏自治区','540300','昌都市','540328','芒康县'),
 ('2562','540000','西藏自治区','540300','昌都市','540329','洛隆县'),
 ('2563','540000','西藏自治区','540300','昌都市','540330','边坝县'),
 ('2564','540000','西藏自治区','542200','山南地区','542221','乃东县'),
 ('2565','540000','西藏自治区','542200','山南地区','542222','扎囊县'),
 ('2566','540000','西藏自治区','542200','山南地区','542223','贡嘎县'),
 ('2567','540000','西藏自治区','542200','山南地区','542224','桑日县'),
 ('2568','540000','西藏自治区','542200','山南地区','542225','琼结县'),
 ('2569','540000','西藏自治区','542200','山南地区','542226','曲松县'),
 ('257','140000','山西省','140500','晋城市','140522','阳城县'),
 ('2570','540000','西藏自治区','542200','山南地区','542227','措美县'),
 ('2571','540000','西藏自治区','542200','山南地区','542228','洛扎县'),
 ('2572','540000','西藏自治区','542200','山南地区','542229','加查县'),
 ('2573','540000','西藏自治区','542200','山南地区','542231','隆子县'),
 ('2574','540000','西藏自治区','542200','山南地区','542232','错那县'),
 ('2575','540000','西藏自治区','542200','山南地区','542233','浪卡子县'),
 ('2576','540000','西藏自治区','542400','那曲地区','542421','那曲县'),
 ('2577','540000','西藏自治区','542400','那曲地区','542422','嘉黎县'),
 ('2578','540000','西藏自治区','542400','那曲地区','542423','比如县'),
 ('2579','540000','西藏自治区','542400','那曲地区','542424','聂荣县'),
 ('258','140000','山西省','140500','晋城市','140524','陵川县'),
 ('2580','540000','西藏自治区','542400','那曲地区','542425','安多县'),
 ('2581','540000','西藏自治区','542400','那曲地区','542426','申扎县'),
 ('2582','540000','西藏自治区','542400','那曲地区','542427','索县'),
 ('2583','540000','西藏自治区','542400','那曲地区','542428','班戈县'),
 ('2584','540000','西藏自治区','542400','那曲地区','542429','巴青县'),
 ('2585','540000','西藏自治区','542400','那曲地区','542430','尼玛县'),
 ('2586','540000','西藏自治区','542400','那曲地区','542431','双湖县'),
 ('2587','540000','西藏自治区','542500','阿里地区','542521','普兰县'),
 ('2588','540000','西藏自治区','542500','阿里地区','542522','札达县'),
 ('2589','540000','西藏自治区','542500','阿里地区','542523','噶尔县'),
 ('259','140000','山西省','140500','晋城市','140525','泽州县'),
 ('2590','540000','西藏自治区','542500','阿里地区','542524','日土县'),
 ('2591','540000','西藏自治区','542500','阿里地区','542525','革吉县'),
 ('2592','540000','西藏自治区','542500','阿里地区','542526','改则县'),
 ('2593','540000','西藏自治区','542500','阿里地区','542527','措勤县'),
 ('2594','540000','西藏自治区','542600','林芝地区','542621','林芝县'),
 ('2595','540000','西藏自治区','542600','林芝地区','542622','工布江达县'),
 ('2596','540000','西藏自治区','542600','林芝地区','542623','米林县'),
 ('2597','540000','西藏自治区','542600','林芝地区','542624','墨脱县'),
 ('2598','540000','西藏自治区','542600','林芝地区','542625','波密县'),
 ('2599','540000','西藏自治区','542600','林芝地区','542626','察隅县'),
 ('26','120000','天津市','120000','天津市','120113','北辰区'),
 ('260','140000','山西省','140500','晋城市','140581','高平市'),
 ('2600','540000','西藏自治区','542600','林芝地区','542627','朗县'),
 ('2601','610000','陕西省','610100','西安市','610102','新城区'),
 ('2602','610000','陕西省','610100','西安市','610103','碑林区'),
 ('2603','610000','陕西省','610100','西安市','610104','莲湖区'),
 ('2604','610000','陕西省','610100','西安市','610111','灞桥区'),
 ('2605','610000','陕西省','610100','西安市','610112','未央区'),
 ('2606','610000','陕西省','610100','西安市','610113','雁塔区'),
 ('2607','610000','陕西省','610100','西安市','610114','阎良区'),
 ('2608','610000','陕西省','610100','西安市','610115','临潼区'),
 ('2609','610000','陕西省','610100','西安市','610116','长安区'),
 ('261','140000','山西省','140600','朔州市','140602','朔城区'),
 ('2610','610000','陕西省','610100','西安市','610117','高陵区'),
 ('2611','610000','陕西省','610100','西安市','610122','蓝田县'),
 ('2612','610000','陕西省','610100','西安市','610124','周至县'),
 ('2613','610000','陕西省','610100','西安市','610125','户县'),
 ('2614','610000','陕西省','610100','西安市','610126','高陵县'),
 ('2615','610000','陕西省','610200','铜川市','610202','王益区'),
 ('2616','610000','陕西省','610200','铜川市','610203','印台区'),
 ('2617','610000','陕西省','610200','铜川市','610204','耀州区'),
 ('2618','610000','陕西省','610200','铜川市','610222','宜君县'),
 ('2619','610000','陕西省','610300','宝鸡市','610302','渭滨区'),
 ('262','140000','山西省','140600','朔州市','140603','平鲁区'),
 ('2620','610000','陕西省','610300','宝鸡市','610303','金台区'),
 ('2621','610000','陕西省','610300','宝鸡市','610304','陈仓区'),
 ('2622','610000','陕西省','610300','宝鸡市','610322','凤翔县'),
 ('2623','610000','陕西省','610300','宝鸡市','610323','岐山县'),
 ('2624','610000','陕西省','610300','宝鸡市','610324','扶风县'),
 ('2625','610000','陕西省','610300','宝鸡市','610326','眉县'),
 ('2626','610000','陕西省','610300','宝鸡市','610327','陇县'),
 ('2627','610000','陕西省','610300','宝鸡市','610328','千阳县'),
 ('2628','610000','陕西省','610300','宝鸡市','610329','麟游县'),
 ('2629','610000','陕西省','610300','宝鸡市','610330','凤县'),
 ('263','140000','山西省','140600','朔州市','140621','山阴县'),
 ('2630','610000','陕西省','610300','宝鸡市','610331','太白县'),
 ('2631','610000','陕西省','610400','咸阳市','610402','秦都区'),
 ('2632','610000','陕西省','610400','咸阳市','610403','杨陵区'),
 ('2633','610000','陕西省','610400','咸阳市','610404','渭城区'),
 ('2634','610000','陕西省','610400','咸阳市','610422','三原县'),
 ('2635','610000','陕西省','610400','咸阳市','610423','泾阳县'),
 ('2636','610000','陕西省','610400','咸阳市','610424','乾县'),
 ('2637','610000','陕西省','610400','咸阳市','610425','礼泉县'),
 ('2638','610000','陕西省','610400','咸阳市','610426','永寿县'),
 ('2639','610000','陕西省','610400','咸阳市','610427','彬县'),
 ('264','140000','山西省','140600','朔州市','140622','应县'),
 ('2640','610000','陕西省','610400','咸阳市','610428','长武县'),
 ('2641','610000','陕西省','610400','咸阳市','610429','旬邑县'),
 ('2642','610000','陕西省','610400','咸阳市','610430','淳化县'),
 ('2643','610000','陕西省','610400','咸阳市','610431','武功县'),
 ('2644','610000','陕西省','610400','咸阳市','610481','兴平市'),
 ('2645','610000','陕西省','610500','渭南市','610502','临渭区'),
 ('2646','610000','陕西省','610500','渭南市','610503','华州区'),
 ('2647','610000','陕西省','610500','渭南市','610521','华县'),
 ('2648','610000','陕西省','610500','渭南市','610522','潼关县'),
 ('2649','610000','陕西省','610500','渭南市','610523','大荔县'),
 ('265','140000','山西省','140600','朔州市','140623','右玉县'),
 ('2650','610000','陕西省','610500','渭南市','610524','合阳县'),
 ('2651','610000','陕西省','610500','渭南市','610525','澄城县'),
 ('2652','610000','陕西省','610500','渭南市','610526','蒲城县'),
 ('2653','610000','陕西省','610500','渭南市','610527','白水县'),
 ('2654','610000','陕西省','610500','渭南市','610528','富平县'),
 ('2655','610000','陕西省','610500','渭南市','610581','韩城市'),
 ('2656','610000','陕西省','610500','渭南市','610582','华阴市'),
 ('2657','610000','陕西省','610600','延安市','610602','宝塔区'),
 ('2658','610000','陕西省','610600','延安市','610621','延长县'),
 ('2659','610000','陕西省','610600','延安市','610622','延川县'),
 ('266','140000','山西省','140600','朔州市','140624','怀仁县'),
 ('2660','610000','陕西省','610600','延安市','610623','子长县'),
 ('2661','610000','陕西省','610600','延安市','610624','安塞县'),
 ('2662','610000','陕西省','610600','延安市','610625','志丹县'),
 ('2663','610000','陕西省','610600','延安市','610626','吴起县'),
 ('2664','610000','陕西省','610600','延安市','610627','甘泉县'),
 ('2665','610000','陕西省','610600','延安市','610628','富县'),
 ('2666','610000','陕西省','610600','延安市','610629','洛川县'),
 ('2667','610000','陕西省','610600','延安市','610630','宜川县'),
 ('2668','610000','陕西省','610600','延安市','610631','黄龙县'),
 ('2669','610000','陕西省','610600','延安市','610632','黄陵县'),
 ('267','140000','山西省','140700','晋中市','140702','榆次区'),
 ('2670','610000','陕西省','610700','汉中市','610702','汉台区'),
 ('2671','610000','陕西省','610700','汉中市','610721','南郑县'),
 ('2672','610000','陕西省','610700','汉中市','610722','城固县'),
 ('2673','610000','陕西省','610700','汉中市','610723','洋县'),
 ('2674','610000','陕西省','610700','汉中市','610724','西乡县'),
 ('2675','610000','陕西省','610700','汉中市','610725','勉县'),
 ('2676','610000','陕西省','610700','汉中市','610726','宁强县'),
 ('2677','610000','陕西省','610700','汉中市','610727','略阳县'),
 ('2678','610000','陕西省','610700','汉中市','610728','镇巴县'),
 ('2679','610000','陕西省','610700','汉中市','610729','留坝县'),
 ('268','140000','山西省','140700','晋中市','140721','榆社县'),
 ('2680','610000','陕西省','610700','汉中市','610730','佛坪县'),
 ('2681','610000','陕西省','610800','榆林市','610802','榆阳区'),
 ('2682','610000','陕西省','610800','榆林市','610821','神木县'),
 ('2683','610000','陕西省','610800','榆林市','610822','府谷县'),
 ('2684','610000','陕西省','610800','榆林市','610823','横山县'),
 ('2685','610000','陕西省','610800','榆林市','610824','靖边县'),
 ('2686','610000','陕西省','610800','榆林市','610825','定边县'),
 ('2687','610000','陕西省','610800','榆林市','610826','绥德县'),
 ('2688','610000','陕西省','610800','榆林市','610827','米脂县'),
 ('2689','610000','陕西省','610800','榆林市','610828','佳县'),
 ('269','140000','山西省','140700','晋中市','140722','左权县'),
 ('2690','610000','陕西省','610800','榆林市','610829','吴堡县'),
 ('2691','610000','陕西省','610800','榆林市','610830','清涧县'),
 ('2692','610000','陕西省','610800','榆林市','610831','子洲县'),
 ('2693','610000','陕西省','610900','安康市','610902','汉滨区'),
 ('2694','610000','陕西省','610900','安康市','610921','汉阴县'),
 ('2695','610000','陕西省','610900','安康市','610922','石泉县'),
 ('2696','610000','陕西省','610900','安康市','610923','宁陕县'),
 ('2697','610000','陕西省','610900','安康市','610924','紫阳县'),
 ('2698','610000','陕西省','610900','安康市','610925','岚皋县'),
 ('2699','610000','陕西省','610900','安康市','610926','平利县'),
 ('27','120000','天津市','120000','天津市','120114','武清区'),
 ('270','140000','山西省','140700','晋中市','140723','和顺县'),
 ('2700','610000','陕西省','610900','安康市','610927','镇坪县'),
 ('2701','610000','陕西省','610900','安康市','610928','旬阳县'),
 ('2702','610000','陕西省','610900','安康市','610929','白河县'),
 ('2703','610000','陕西省','611000','商洛市','611002','商州区'),
 ('2704','610000','陕西省','611000','商洛市','611021','洛南县'),
 ('2705','610000','陕西省','611000','商洛市','611022','丹凤县'),
 ('2706','610000','陕西省','611000','商洛市','611023','商南县'),
 ('2707','610000','陕西省','611000','商洛市','611024','山阳县'),
 ('2708','610000','陕西省','611000','商洛市','611025','镇安县'),
 ('2709','610000','陕西省','611000','商洛市','611026','柞水县'),
 ('271','140000','山西省','140700','晋中市','140724','昔阳县'),
 ('2710','620000','甘肃省','620100','兰州市','620102','城关区'),
 ('2711','620000','甘肃省','620100','兰州市','620103','七里河区'),
 ('2712','620000','甘肃省','620100','兰州市','620104','西固区'),
 ('2713','620000','甘肃省','620100','兰州市','620105','安宁区'),
 ('2714','620000','甘肃省','620100','兰州市','620111','红古区'),
 ('2715','620000','甘肃省','620100','兰州市','620121','永登县'),
 ('2716','620000','甘肃省','620100','兰州市','620122','皋兰县'),
 ('2717','620000','甘肃省','620100','兰州市','620123','榆中县'),
 ('2718','620000','甘肃省','620300','金昌市','620302','金川区'),
 ('2719','620000','甘肃省','620300','金昌市','620321','永昌县'),
 ('272','140000','山西省','140700','晋中市','140725','寿阳县'),
 ('2720','620000','甘肃省','620400','白银市','620402','白银区'),
 ('2721','620000','甘肃省','620400','白银市','620403','平川区'),
 ('2722','620000','甘肃省','620400','白银市','620421','靖远县'),
 ('2723','620000','甘肃省','620400','白银市','620422','会宁县'),
 ('2724','620000','甘肃省','620400','白银市','620423','景泰县'),
 ('2725','620000','甘肃省','620500','天水市','620502','秦州区'),
 ('2726','620000','甘肃省','620500','天水市','620503','麦积区'),
 ('2727','620000','甘肃省','620500','天水市','620521','清水县'),
 ('2728','620000','甘肃省','620500','天水市','620522','秦安县'),
 ('2729','620000','甘肃省','620500','天水市','620523','甘谷县'),
 ('273','140000','山西省','140700','晋中市','140726','太谷县'),
 ('2730','620000','甘肃省','620500','天水市','620524','武山县'),
 ('2731','620000','甘肃省','620500','天水市','620525','张家川回族自治县'),
 ('2732','620000','甘肃省','620600','武威市','620602','凉州区'),
 ('2733','620000','甘肃省','620600','武威市','620621','民勤县'),
 ('2734','620000','甘肃省','620600','武威市','620622','古浪县'),
 ('2735','620000','甘肃省','620600','武威市','620623','天祝藏族自治县'),
 ('2736','620000','甘肃省','620700','张掖市','620702','甘州区'),
 ('2737','620000','甘肃省','620700','张掖市','620721','肃南裕固族自治县'),
 ('2738','620000','甘肃省','620700','张掖市','620722','民乐县'),
 ('2739','620000','甘肃省','620700','张掖市','620723','临泽县'),
 ('274','140000','山西省','140700','晋中市','140727','祁县'),
 ('2740','620000','甘肃省','620700','张掖市','620724','高台县'),
 ('2741','620000','甘肃省','620700','张掖市','620725','山丹县'),
 ('2742','620000','甘肃省','620800','平凉市','620802','崆峒区'),
 ('2743','620000','甘肃省','620800','平凉市','620821','泾川县'),
 ('2744','620000','甘肃省','620800','平凉市','620822','灵台县'),
 ('2745','620000','甘肃省','620800','平凉市','620823','崇信县'),
 ('2746','620000','甘肃省','620800','平凉市','620824','华亭县'),
 ('2747','620000','甘肃省','620800','平凉市','620825','庄浪县'),
 ('2748','620000','甘肃省','620800','平凉市','620826','静宁县'),
 ('2749','620000','甘肃省','620900','酒泉市','620902','肃州区'),
 ('275','140000','山西省','140700','晋中市','140728','平遥县'),
 ('2750','620000','甘肃省','620900','酒泉市','620921','金塔县'),
 ('2751','620000','甘肃省','620900','酒泉市','620922','瓜州县'),
 ('2752','620000','甘肃省','620900','酒泉市','620923','肃北蒙古族自治县'),
 ('2753','620000','甘肃省','620900','酒泉市','620924','阿克塞哈萨克族自治县'),
 ('2754','620000','甘肃省','620900','酒泉市','620981','玉门市'),
 ('2755','620000','甘肃省','620900','酒泉市','620982','敦煌市'),
 ('2756','620000','甘肃省','621000','庆阳市','621002','西峰区'),
 ('2757','620000','甘肃省','621000','庆阳市','621021','庆城县'),
 ('2758','620000','甘肃省','621000','庆阳市','621022','环县'),
 ('2759','620000','甘肃省','621000','庆阳市','621023','华池县'),
 ('276','140000','山西省','140700','晋中市','140729','灵石县'),
 ('2760','620000','甘肃省','621000','庆阳市','621024','合水县'),
 ('2761','620000','甘肃省','621000','庆阳市','621025','正宁县'),
 ('2762','620000','甘肃省','621000','庆阳市','621026','宁县'),
 ('2763','620000','甘肃省','621000','庆阳市','621027','镇原县'),
 ('2764','620000','甘肃省','621100','定西市','621102','安定区'),
 ('2765','620000','甘肃省','621100','定西市','621121','通渭县'),
 ('2766','620000','甘肃省','621100','定西市','621122','陇西县'),
 ('2767','620000','甘肃省','621100','定西市','621123','渭源县'),
 ('2768','620000','甘肃省','621100','定西市','621124','临洮县'),
 ('2769','620000','甘肃省','621100','定西市','621125','漳县'),
 ('277','140000','山西省','140700','晋中市','140781','介休市'),
 ('2770','620000','甘肃省','621100','定西市','621126','岷县'),
 ('2771','620000','甘肃省','621200','陇南市','621202','武都区'),
 ('2772','620000','甘肃省','621200','陇南市','621221','成县'),
 ('2773','620000','甘肃省','621200','陇南市','621222','文县'),
 ('2774','620000','甘肃省','621200','陇南市','621223','宕昌县'),
 ('2775','620000','甘肃省','621200','陇南市','621224','康县'),
 ('2776','620000','甘肃省','621200','陇南市','621225','西和县'),
 ('2777','620000','甘肃省','621200','陇南市','621226','礼县'),
 ('2778','620000','甘肃省','621200','陇南市','621227','徽县'),
 ('2779','620000','甘肃省','621200','陇南市','621228','两当县'),
 ('278','140000','山西省','140800','运城市','140802','盐湖区'),
 ('2780','620000','甘肃省','622900','临夏回族自治州','622901','临夏市'),
 ('2781','620000','甘肃省','622900','临夏回族自治州','622921','临夏县'),
 ('2782','620000','甘肃省','622900','临夏回族自治州','622922','康乐县'),
 ('2783','620000','甘肃省','622900','临夏回族自治州','622923','永靖县'),
 ('2784','620000','甘肃省','622900','临夏回族自治州','622924','广河县'),
 ('2785','620000','甘肃省','622900','临夏回族自治州','622925','和政县'),
 ('2786','620000','甘肃省','622900','临夏回族自治州','622926','东乡族自治县'),
 ('2787','620000','甘肃省','622900','临夏回族自治州','622927','积石山保安族东乡族撒拉族自治县'),
 ('2788','620000','甘肃省','623000','甘南藏族自治州','623001','合作市'),
 ('2789','620000','甘肃省','623000','甘南藏族自治州','623021','临潭县'),
 ('279','140000','山西省','140800','运城市','140821','临猗县'),
 ('2790','620000','甘肃省','623000','甘南藏族自治州','623022','卓尼县'),
 ('2791','620000','甘肃省','623000','甘南藏族自治州','623023','舟曲县'),
 ('2792','620000','甘肃省','623000','甘南藏族自治州','623024','迭部县'),
 ('2793','620000','甘肃省','623000','甘南藏族自治州','623025','玛曲县'),
 ('2794','620000','甘肃省','623000','甘南藏族自治州','623026','碌曲县'),
 ('2795','620000','甘肃省','623000','甘南藏族自治州','623027','夏河县'),
 ('2796','630000','青海省','630100','西宁市','630102','城东区'),
 ('2797','630000','青海省','630100','西宁市','630103','城中区'),
 ('2798','630000','青海省','630100','西宁市','630104','城西区'),
 ('2799','630000','青海省','630100','西宁市','630105','城北区'),
 ('28','120000','天津市','120000','天津市','120115','宝坻区'),
 ('280','140000','山西省','140800','运城市','140822','万荣县'),
 ('2800','630000','青海省','630100','西宁市','630121','大通回族土族自治县'),
 ('2801','630000','青海省','630100','西宁市','630122','湟中县'),
 ('2802','630000','青海省','630100','西宁市','630123','湟源县'),
 ('2803','630000','青海省','632100','海东地区','632121','平安县'),
 ('2804','630000','青海省','632100','海东地区','632122','民和回族土族自治县'),
 ('2805','630000','青海省','632100','海东地区','632123','乐都县'),
 ('2806','630000','青海省','632100','海东地区','632126','互助土族自治县'),
 ('2807','630000','青海省','632100','海东地区','632127','化隆回族自治县'),
 ('2808','630000','青海省','632100','海东地区','632128','循化撒拉族自治县'),
 ('2809','630000','青海省','632200','海北藏族自治州','632221','门源回族自治县'),
 ('281','140000','山西省','140800','运城市','140823','闻喜县'),
 ('2810','630000','青海省','632200','海北藏族自治州','632222','祁连县'),
 ('2811','630000','青海省','632200','海北藏族自治州','632223','海晏县'),
 ('2812','630000','青海省','632200','海北藏族自治州','632224','刚察县'),
 ('2813','630000','青海省','632300','黄南藏族自治州','632321','同仁县'),
 ('2814','630000','青海省','632300','黄南藏族自治州','632322','尖扎县'),
 ('2815','630000','青海省','632300','黄南藏族自治州','632323','泽库县'),
 ('2816','630000','青海省','632300','黄南藏族自治州','632324','河南蒙古族自治县'),
 ('2817','630000','青海省','632500','海南藏族自治州','632521','共和县'),
 ('2818','630000','青海省','632500','海南藏族自治州','632522','同德县'),
 ('2819','630000','青海省','632500','海南藏族自治州','632523','贵德县'),
 ('282','140000','山西省','140800','运城市','140824','稷山县'),
 ('2820','630000','青海省','632500','海南藏族自治州','632524','兴海县'),
 ('2821','630000','青海省','632500','海南藏族自治州','632525','贵南县'),
 ('2822','630000','青海省','632600','果洛藏族自治州','632621','玛沁县'),
 ('2823','630000','青海省','632600','果洛藏族自治州','632622','班玛县'),
 ('2824','630000','青海省','632600','果洛藏族自治州','632623','甘德县'),
 ('2825','630000','青海省','632600','果洛藏族自治州','632624','达日县'),
 ('2826','630000','青海省','632600','果洛藏族自治州','632625','久治县'),
 ('2827','630000','青海省','632600','果洛藏族自治州','632626','玛多县'),
 ('2828','630000','青海省','632700','玉树藏族自治州','632721','玉树县'),
 ('2829','630000','青海省','632700','玉树藏族自治州','632722','杂多县'),
 ('283','140000','山西省','140800','运城市','140825','新绛县'),
 ('2830','630000','青海省','632700','玉树藏族自治州','632723','称多县'),
 ('2831','630000','青海省','632700','玉树藏族自治州','632724','治多县'),
 ('2832','630000','青海省','632700','玉树藏族自治州','632725','囊谦县'),
 ('2833','630000','青海省','632700','玉树藏族自治州','632726','曲麻莱县'),
 ('2834','630000','青海省','632800','海西蒙古族藏族自治州','632801','格尔木市'),
 ('2835','630000','青海省','632800','海西蒙古族藏族自治州','632802','德令哈市'),
 ('2836','630000','青海省','632800','海西蒙古族藏族自治州','632821','乌兰县'),
 ('2837','630000','青海省','632800','海西蒙古族藏族自治州','632822','都兰县'),
 ('2838','630000','青海省','632800','海西蒙古族藏族自治州','632823','天峻县'),
 ('2839','630000','青海省','632800','海西蒙古族藏族自治州','632857','大柴旦行委'),
 ('284','140000','山西省','140800','运城市','140826','绛县'),
 ('2840','630000','青海省','632800','海西蒙古族藏族自治州','632858','冷湖行委'),
 ('2841','630000','青海省','632800','海西蒙古族藏族自治州','632859','茫崖行委'),
 ('2842','640000','宁夏回族自治区','640100','银川市','640104','兴庆区'),
 ('2843','640000','宁夏回族自治区','640100','银川市','640105','西夏区'),
 ('2844','640000','宁夏回族自治区','640100','银川市','640106','金凤区'),
 ('2845','640000','宁夏回族自治区','640100','银川市','640121','永宁县'),
 ('2846','640000','宁夏回族自治区','640100','银川市','640122','贺兰县'),
 ('2847','640000','宁夏回族自治区','640100','银川市','640181','灵武市'),
 ('2848','640000','宁夏回族自治区','640200','石嘴山市','640202','大武口区'),
 ('2849','640000','宁夏回族自治区','640200','石嘴山市','640205','惠农区'),
 ('285','140000','山西省','140800','运城市','140827','垣曲县'),
 ('2850','640000','宁夏回族自治区','640200','石嘴山市','640221','平罗县'),
 ('2851','640000','宁夏回族自治区','640300','吴忠市','640302','利通区'),
 ('2852','640000','宁夏回族自治区','640300','吴忠市','640303','红寺堡区'),
 ('2853','640000','宁夏回族自治区','640300','吴忠市','640323','盐池县'),
 ('2854','640000','宁夏回族自治区','640300','吴忠市','640324','同心县'),
 ('2855','640000','宁夏回族自治区','640300','吴忠市','640381','青铜峡市'),
 ('2856','640000','宁夏回族自治区','640400','固原市','640402','原州区'),
 ('2857','640000','宁夏回族自治区','640400','固原市','640422','西吉县'),
 ('2858','640000','宁夏回族自治区','640400','固原市','640423','隆德县'),
 ('2859','640000','宁夏回族自治区','640400','固原市','640424','泾源县'),
 ('286','140000','山西省','140800','运城市','140828','夏县'),
 ('2860','640000','宁夏回族自治区','640400','固原市','640425','彭阳县'),
 ('2861','640000','宁夏回族自治区','640500','中卫市','640502','沙坡头区'),
 ('2862','640000','宁夏回族自治区','640500','中卫市','640521','中宁县'),
 ('2863','640000','宁夏回族自治区','640500','中卫市','640522','海原县'),
 ('2864','650000','新疆维吾尔自治区','650100','乌鲁木齐市','650102','天山区'),
 ('2865','650000','新疆维吾尔自治区','650100','乌鲁木齐市','650103','沙依巴克区'),
 ('2866','650000','新疆维吾尔自治区','650100','乌鲁木齐市','650104','新市区'),
 ('2867','650000','新疆维吾尔自治区','650100','乌鲁木齐市','650105','水磨沟区'),
 ('2868','650000','新疆维吾尔自治区','650100','乌鲁木齐市','650106','头屯河区'),
 ('2869','650000','新疆维吾尔自治区','650100','乌鲁木齐市','650107','达坂城区'),
 ('287','140000','山西省','140800','运城市','140829','平陆县'),
 ('2870','650000','新疆维吾尔自治区','650100','乌鲁木齐市','650109','米东区'),
 ('2871','650000','新疆维吾尔自治区','650100','乌鲁木齐市','650121','乌鲁木齐县'),
 ('2872','650000','新疆维吾尔自治区','650200','克拉玛依市','650202','独山子区'),
 ('2873','650000','新疆维吾尔自治区','650200','克拉玛依市','650203','克拉玛依区'),
 ('2874','650000','新疆维吾尔自治区','650200','克拉玛依市','650204','白碱滩区'),
 ('2875','650000','新疆维吾尔自治区','650200','克拉玛依市','650205','乌尔禾区'),
 ('2876','650000','新疆维吾尔自治区','652100','吐鲁番地区','652101','吐鲁番市'),
 ('2877','650000','新疆维吾尔自治区','652100','吐鲁番地区','652122','鄯善县'),
 ('2878','650000','新疆维吾尔自治区','652100','吐鲁番地区','652123','托克逊县'),
 ('2879','650000','新疆维吾尔自治区','652200','哈密地区','652201','哈密市'),
 ('288','140000','山西省','140800','运城市','140830','芮城县'),
 ('2880','650000','新疆维吾尔自治区','652200','哈密地区','652222','巴里坤哈萨克自治县'),
 ('2881','650000','新疆维吾尔自治区','652200','哈密地区','652223','伊吾县'),
 ('2882','650000','新疆维吾尔自治区','652300','昌吉回族自治州','652301','昌吉市'),
 ('2883','650000','新疆维吾尔自治区','652300','昌吉回族自治州','652302','阜康市'),
 ('2884','650000','新疆维吾尔自治区','652300','昌吉回族自治州','652323','呼图壁县'),
 ('2885','650000','新疆维吾尔自治区','652300','昌吉回族自治州','652324','玛纳斯县'),
 ('2886','650000','新疆维吾尔自治区','652300','昌吉回族自治州','652325','奇台县'),
 ('2887','650000','新疆维吾尔自治区','652300','昌吉回族自治州','652327','吉木萨尔县'),
 ('2888','650000','新疆维吾尔自治区','652300','昌吉回族自治州','652328','木垒哈萨克自治县'),
 ('2889','650000','新疆维吾尔自治区','652700','博尔塔拉蒙古自治州','652701','博乐市'),
 ('289','140000','山西省','140800','运城市','140881','永济市'),
 ('2890','650000','新疆维吾尔自治区','652700','博尔塔拉蒙古自治州','652702','阿拉山口市'),
 ('2891','650000','新疆维吾尔自治区','652700','博尔塔拉蒙古自治州','652722','精河县'),
 ('2892','650000','新疆维吾尔自治区','652700','博尔塔拉蒙古自治州','652723','温泉县'),
 ('2893','650000','新疆维吾尔自治区','652800','巴音郭楞蒙古自治州','652801','库尔勒市'),
 ('2894','650000','新疆维吾尔自治区','652800','巴音郭楞蒙古自治州','652822','轮台县'),
 ('2895','650000','新疆维吾尔自治区','652800','巴音郭楞蒙古自治州','652823','尉犁县'),
 ('2896','650000','新疆维吾尔自治区','652800','巴音郭楞蒙古自治州','652824','若羌县'),
 ('2897','650000','新疆维吾尔自治区','652800','巴音郭楞蒙古自治州','652825','且末县'),
 ('2898','650000','新疆维吾尔自治区','652800','巴音郭楞蒙古自治州','652826','焉耆回族自治县'),
 ('2899','650000','新疆维吾尔自治区','652800','巴音郭楞蒙古自治州','652827','和静县'),
 ('29','120000','天津市','120000','天津市','120116','滨海新区'),
 ('290','140000','山西省','140800','运城市','140882','河津市'),
 ('2900','650000','新疆维吾尔自治区','652800','巴音郭楞蒙古自治州','652828','和硕县'),
 ('2901','650000','新疆维吾尔自治区','652800','巴音郭楞蒙古自治州','652829','博湖县'),
 ('2902','650000','新疆维吾尔自治区','652900','阿克苏地区','652901','阿克苏市'),
 ('2903','650000','新疆维吾尔自治区','652900','阿克苏地区','652922','温宿县'),
 ('2904','650000','新疆维吾尔自治区','652900','阿克苏地区','652923','库车县'),
 ('2905','650000','新疆维吾尔自治区','652900','阿克苏地区','652924','沙雅县'),
 ('2906','650000','新疆维吾尔自治区','652900','阿克苏地区','652925','新和县'),
 ('2907','650000','新疆维吾尔自治区','652900','阿克苏地区','652926','拜城县'),
 ('2908','650000','新疆维吾尔自治区','652900','阿克苏地区','652927','乌什县'),
 ('2909','650000','新疆维吾尔自治区','652900','阿克苏地区','652928','阿瓦提县'),
 ('291','140000','山西省','140900','忻州市','140902','忻府区'),
 ('2910','650000','新疆维吾尔自治区','652900','阿克苏地区','652929','柯坪县'),
 ('2911','650000','新疆维吾尔自治区','653000','克孜勒苏柯尔克孜自治州','653001','阿图什市'),
 ('2912','650000','新疆维吾尔自治区','653000','克孜勒苏柯尔克孜自治州','653022','阿克陶县'),
 ('2913','650000','新疆维吾尔自治区','653000','克孜勒苏柯尔克孜自治州','653023','阿合奇县'),
 ('2914','650000','新疆维吾尔自治区','653000','克孜勒苏柯尔克孜自治州','653024','乌恰县'),
 ('2915','650000','新疆维吾尔自治区','653100','喀什地区','653101','喀什市'),
 ('2916','650000','新疆维吾尔自治区','653100','喀什地区','653121','疏附县'),
 ('2917','650000','新疆维吾尔自治区','653100','喀什地区','653122','疏勒县'),
 ('2918','650000','新疆维吾尔自治区','653100','喀什地区','653123','英吉沙县'),
 ('2919','650000','新疆维吾尔自治区','653100','喀什地区','653124','泽普县'),
 ('292','140000','山西省','140900','忻州市','140921','定襄县'),
 ('2920','650000','新疆维吾尔自治区','653100','喀什地区','653125','莎车县'),
 ('2921','650000','新疆维吾尔自治区','653100','喀什地区','653126','叶城县'),
 ('2922','650000','新疆维吾尔自治区','653100','喀什地区','653127','麦盖提县'),
 ('2923','650000','新疆维吾尔自治区','653100','喀什地区','653128','岳普湖县'),
 ('2924','650000','新疆维吾尔自治区','653100','喀什地区','653129','伽师县'),
 ('2925','650000','新疆维吾尔自治区','653100','喀什地区','653130','巴楚县'),
 ('2926','650000','新疆维吾尔自治区','653100','喀什地区','653131','塔什库尔干塔吉克自治县'),
 ('2927','650000','新疆维吾尔自治区','653200','和田地区','653201','和田市'),
 ('2928','650000','新疆维吾尔自治区','653200','和田地区','653221','和田县'),
 ('2929','650000','新疆维吾尔自治区','653200','和田地区','653222','墨玉县'),
 ('293','140000','山西省','140900','忻州市','140922','五台县'),
 ('2930','650000','新疆维吾尔自治区','653200','和田地区','653223','皮山县'),
 ('2931','650000','新疆维吾尔自治区','653200','和田地区','653224','洛浦县'),
 ('2932','650000','新疆维吾尔自治区','653200','和田地区','653225','策勒县'),
 ('2933','650000','新疆维吾尔自治区','653200','和田地区','653226','于田县'),
 ('2934','650000','新疆维吾尔自治区','653200','和田地区','653227','民丰县'),
 ('2935','650000','新疆维吾尔自治区','654000','伊犁哈萨克自治州','654002','伊宁市'),
 ('2936','650000','新疆维吾尔自治区','654000','伊犁哈萨克自治州','654003','奎屯市'),
 ('2937','650000','新疆维吾尔自治区','654000','伊犁哈萨克自治州','654004','霍尔果斯市'),
 ('2938','650000','新疆维吾尔自治区','654000','伊犁哈萨克自治州','654021','伊宁县'),
 ('2939','650000','新疆维吾尔自治区','654000','伊犁哈萨克自治州','654022','察布查尔锡伯自治县'),
 ('294','140000','山西省','140900','忻州市','140923','代县'),
 ('2940','650000','新疆维吾尔自治区','654000','伊犁哈萨克自治州','654023','霍城县'),
 ('2941','650000','新疆维吾尔自治区','654000','伊犁哈萨克自治州','654024','巩留县'),
 ('2942','650000','新疆维吾尔自治区','654000','伊犁哈萨克自治州','654025','新源县'),
 ('2943','650000','新疆维吾尔自治区','654000','伊犁哈萨克自治州','654026','昭苏县'),
 ('2944','650000','新疆维吾尔自治区','654000','伊犁哈萨克自治州','654027','特克斯县'),
 ('2945','650000','新疆维吾尔自治区','654000','伊犁哈萨克自治州','654028','尼勒克县'),
 ('2946','650000','新疆维吾尔自治区','654200','塔城地区','654201','塔城市'),
 ('2947','650000','新疆维吾尔自治区','654200','塔城地区','654202','乌苏市'),
 ('2948','650000','新疆维吾尔自治区','654200','塔城地区','654221','额敏县'),
 ('2949','650000','新疆维吾尔自治区','654200','塔城地区','654223','沙湾县'),
 ('295','140000','山西省','140900','忻州市','140924','繁峙县'),
 ('2950','650000','新疆维吾尔自治区','654200','塔城地区','654224','托里县'),
 ('2951','650000','新疆维吾尔自治区','654200','塔城地区','654225','裕民县'),
 ('2952','650000','新疆维吾尔自治区','654200','塔城地区','654226','和布克赛尔蒙古自治县'),
 ('2953','650000','新疆维吾尔自治区','654300','阿勒泰地区','654301','阿勒泰市'),
 ('2954','650000','新疆维吾尔自治区','654300','阿勒泰地区','654321','布尔津县'),
 ('2955','650000','新疆维吾尔自治区','654300','阿勒泰地区','654322','富蕴县'),
 ('2956','650000','新疆维吾尔自治区','654300','阿勒泰地区','654323','福海县'),
 ('2957','650000','新疆维吾尔自治区','654300','阿勒泰地区','654324','哈巴河县'),
 ('2958','650000','新疆维吾尔自治区','654300','阿勒泰地区','654325','青河县'),
 ('2959','650000','新疆维吾尔自治区','654300','阿勒泰地区','654326','吉木乃县'),
 ('296','140000','山西省','140900','忻州市','140925','宁武县'),
 ('2960','650000','新疆维吾尔自治区','650000','新疆维吾尔自治区','659001','石河子市'),
 ('2961','650000','新疆维吾尔自治区','650000','新疆维吾尔自治区','659002','阿拉尔市'),
 ('2962','650000','新疆维吾尔自治区','650000','新疆维吾尔自治区','659003','图木舒克市'),
 ('2963','650000','新疆维吾尔自治区','650000','新疆维吾尔自治区','659004','五家渠市'),
 ('2964','650000','新疆维吾尔自治区','650000','新疆维吾尔自治区','659005','北屯市'),
 ('2965','650000','新疆维吾尔自治区','650000','新疆维吾尔自治区','659006','铁门关市'),
 ('2966','650000','新疆维吾尔自治区','650000','新疆维吾尔自治区','659007','双河市'),
 ('297','140000','山西省','140900','忻州市','140926','静乐县'),
 ('298','140000','山西省','140900','忻州市','140927','神池县'),
 ('299','140000','山西省','140900','忻州市','140928','五寨县'),
 ('3','110000','北京市','110000','北京市','110105','朝阳区'),
 ('30','120000','天津市','120000','天津市','120117','宁河区'),
 ('300','140000','山西省','140900','忻州市','140929','岢岚县'),
 ('301','140000','山西省','140900','忻州市','140930','河曲县'),
 ('302','140000','山西省','140900','忻州市','140931','保德县'),
 ('303','140000','山西省','140900','忻州市','140932','偏关县'),
 ('304','140000','山西省','140900','忻州市','140981','原平市'),
 ('305','140000','山西省','141000','临汾市','141002','尧都区'),
 ('306','140000','山西省','141000','临汾市','141021','曲沃县'),
 ('307','140000','山西省','141000','临汾市','141022','翼城县'),
 ('308','140000','山西省','141000','临汾市','141023','襄汾县'),
 ('309','140000','山西省','141000','临汾市','141024','洪洞县'),
 ('31','120000','天津市','120000','天津市','120118','静海区'),
 ('310','140000','山西省','141000','临汾市','141025','古县'),
 ('311','140000','山西省','141000','临汾市','141026','安泽县'),
 ('312','140000','山西省','141000','临汾市','141027','浮山县'),
 ('313','140000','山西省','141000','临汾市','141028','吉县'),
 ('314','140000','山西省','141000','临汾市','141029','乡宁县'),
 ('315','140000','山西省','141000','临汾市','141030','大宁县'),
 ('316','140000','山西省','141000','临汾市','141031','隰县'),
 ('317','140000','山西省','141000','临汾市','141032','永和县'),
 ('318','140000','山西省','141000','临汾市','141033','蒲县'),
 ('319','140000','山西省','141000','临汾市','141034','汾西县'),
 ('32','120000','天津市','120000','天津市','120119','蓟州区'),
 ('320','140000','山西省','141000','临汾市','141081','侯马市'),
 ('321','140000','山西省','141000','临汾市','141082','霍州市'),
 ('322','140000','山西省','141100','吕梁市','141102','离石区'),
 ('323','140000','山西省','141100','吕梁市','141121','文水县'),
 ('324','140000','山西省','141100','吕梁市','141122','交城县'),
 ('325','140000','山西省','141100','吕梁市','141123','兴县'),
 ('326','140000','山西省','141100','吕梁市','141124','临县'),
 ('327','140000','山西省','141100','吕梁市','141125','柳林县'),
 ('328','140000','山西省','141100','吕梁市','141126','石楼县'),
 ('329','140000','山西省','141100','吕梁市','141127','岚县'),
 ('33','120000','天津市','120000','天津市','120221','宁河县'),
 ('330','140000','山西省','141100','吕梁市','141128','方山县'),
 ('331','140000','山西省','141100','吕梁市','141129','中阳县'),
 ('332','140000','山西省','141100','吕梁市','141130','交口县'),
 ('333','140000','山西省','141100','吕梁市','141181','孝义市'),
 ('334','140000','山西省','141100','吕梁市','141182','汾阳市'),
 ('335','150000','内蒙古自治区','150100','呼和浩特市','150102','新城区'),
 ('336','150000','内蒙古自治区','150100','呼和浩特市','150103','回民区'),
 ('337','150000','内蒙古自治区','150100','呼和浩特市','150104','玉泉区'),
 ('338','150000','内蒙古自治区','150100','呼和浩特市','150105','赛罕区'),
 ('339','150000','内蒙古自治区','150100','呼和浩特市','150121','土默特左旗'),
 ('34','120000','天津市','120000','天津市','120223','静海县'),
 ('340','150000','内蒙古自治区','150100','呼和浩特市','150122','托克托县'),
 ('341','150000','内蒙古自治区','150100','呼和浩特市','150123','和林格尔县'),
 ('342','150000','内蒙古自治区','150100','呼和浩特市','150124','清水河县'),
 ('343','150000','内蒙古自治区','150100','呼和浩特市','150125','武川县'),
 ('344','150000','内蒙古自治区','150200','包头市','150202','东河区'),
 ('345','150000','内蒙古自治区','150200','包头市','150203','昆都仑区'),
 ('346','150000','内蒙古自治区','150200','包头市','150204','青山区'),
 ('347','150000','内蒙古自治区','150200','包头市','150205','石拐区'),
 ('348','150000','内蒙古自治区','150200','包头市','150206','白云鄂博矿区'),
 ('349','150000','内蒙古自治区','150200','包头市','150207','九原区'),
 ('35','120000','天津市','120000','天津市','120225','蓟县'),
 ('350','150000','内蒙古自治区','150200','包头市','150221','土默特右旗'),
 ('351','150000','内蒙古自治区','150200','包头市','150222','固阳县'),
 ('352','150000','内蒙古自治区','150200','包头市','150223','达尔罕茂明安联合旗'),
 ('353','150000','内蒙古自治区','150300','乌海市','150302','海勃湾区'),
 ('354','150000','内蒙古自治区','150300','乌海市','150303','海南区'),
 ('355','150000','内蒙古自治区','150300','乌海市','150304','乌达区'),
 ('356','150000','内蒙古自治区','150400','赤峰市','150402','红山区'),
 ('357','150000','内蒙古自治区','150400','赤峰市','150403','元宝山区'),
 ('358','150000','内蒙古自治区','150400','赤峰市','150404','松山区'),
 ('359','150000','内蒙古自治区','150400','赤峰市','150421','阿鲁科尔沁旗'),
 ('36','130000','河北省','130100','石家庄市','130102','长安区'),
 ('360','150000','内蒙古自治区','150400','赤峰市','150422','巴林左旗'),
 ('361','150000','内蒙古自治区','150400','赤峰市','150423','巴林右旗'),
 ('362','150000','内蒙古自治区','150400','赤峰市','150424','林西县'),
 ('363','150000','内蒙古自治区','150400','赤峰市','150425','克什克腾旗'),
 ('364','150000','内蒙古自治区','150400','赤峰市','150426','翁牛特旗'),
 ('365','150000','内蒙古自治区','150400','赤峰市','150428','喀喇沁旗'),
 ('366','150000','内蒙古自治区','150400','赤峰市','150429','宁城县'),
 ('367','150000','内蒙古自治区','150400','赤峰市','150430','敖汉旗'),
 ('368','150000','内蒙古自治区','150500','通辽市','150502','科尔沁区'),
 ('369','150000','内蒙古自治区','150500','通辽市','150521','科尔沁左翼中旗'),
 ('37','130000','河北省','130100','石家庄市','130103','桥东区'),
 ('370','150000','内蒙古自治区','150500','通辽市','150522','科尔沁左翼后旗'),
 ('371','150000','内蒙古自治区','150500','通辽市','150523','开鲁县'),
 ('372','150000','内蒙古自治区','150500','通辽市','150524','库伦旗'),
 ('373','150000','内蒙古自治区','150500','通辽市','150525','奈曼旗'),
 ('374','150000','内蒙古自治区','150500','通辽市','150526','扎鲁特旗'),
 ('375','150000','内蒙古自治区','150500','通辽市','150581','霍林郭勒市'),
 ('376','150000','内蒙古自治区','150600','鄂尔多斯市','150602','东胜区'),
 ('377','150000','内蒙古自治区','150600','鄂尔多斯市','150603','康巴什区'),
 ('378','150000','内蒙古自治区','150600','鄂尔多斯市','150621','达拉特旗'),
 ('379','150000','内蒙古自治区','150600','鄂尔多斯市','150622','准格尔旗'),
 ('38','130000','河北省','130100','石家庄市','130104','桥西区'),
 ('380','150000','内蒙古自治区','150600','鄂尔多斯市','150623','鄂托克前旗'),
 ('381','150000','内蒙古自治区','150600','鄂尔多斯市','150624','鄂托克旗'),
 ('382','150000','内蒙古自治区','150600','鄂尔多斯市','150625','杭锦旗'),
 ('383','150000','内蒙古自治区','150600','鄂尔多斯市','150626','乌审旗'),
 ('384','150000','内蒙古自治区','150600','鄂尔多斯市','150627','伊金霍洛旗'),
 ('385','150000','内蒙古自治区','150700','呼伦贝尔市','150702','海拉尔区'),
 ('386','150000','内蒙古自治区','150700','呼伦贝尔市','150703','扎赉诺尔区'),
 ('387','150000','内蒙古自治区','150700','呼伦贝尔市','150721','阿荣旗'),
 ('388','150000','内蒙古自治区','150700','呼伦贝尔市','150722','莫力达瓦达斡尔族自治旗'),
 ('389','150000','内蒙古自治区','150700','呼伦贝尔市','150723','鄂伦春自治旗'),
 ('39','130000','河北省','130100','石家庄市','130105','新华区'),
 ('390','150000','内蒙古自治区','150700','呼伦贝尔市','150724','鄂温克族自治旗'),
 ('391','150000','内蒙古自治区','150700','呼伦贝尔市','150725','陈巴尔虎旗'),
 ('392','150000','内蒙古自治区','150700','呼伦贝尔市','150726','新巴尔虎左旗'),
 ('393','150000','内蒙古自治区','150700','呼伦贝尔市','150727','新巴尔虎右旗'),
 ('394','150000','内蒙古自治区','150700','呼伦贝尔市','150781','满洲里市'),
 ('395','150000','内蒙古自治区','150700','呼伦贝尔市','150782','牙克石市'),
 ('396','150000','内蒙古自治区','150700','呼伦贝尔市','150783','扎兰屯市'),
 ('397','150000','内蒙古自治区','150700','呼伦贝尔市','150784','额尔古纳市'),
 ('398','150000','内蒙古自治区','150700','呼伦贝尔市','150785','根河市'),
 ('399','150000','内蒙古自治区','150800','巴彦淖尔市','150802','临河区'),
 ('4','110000','北京市','110000','北京市','110106','丰台区'),
 ('40','130000','河北省','130100','石家庄市','130107','井陉矿区'),
 ('400','150000','内蒙古自治区','150800','巴彦淖尔市','150821','五原县'),
 ('401','150000','内蒙古自治区','150800','巴彦淖尔市','150822','磴口县'),
 ('402','150000','内蒙古自治区','150800','巴彦淖尔市','150823','乌拉特前旗'),
 ('403','150000','内蒙古自治区','150800','巴彦淖尔市','150824','乌拉特中旗'),
 ('404','150000','内蒙古自治区','150800','巴彦淖尔市','150825','乌拉特后旗'),
 ('405','150000','内蒙古自治区','150800','巴彦淖尔市','150826','杭锦后旗'),
 ('406','150000','内蒙古自治区','150900','乌兰察布市','150902','集宁区'),
 ('407','150000','内蒙古自治区','150900','乌兰察布市','150921','卓资县'),
 ('408','150000','内蒙古自治区','150900','乌兰察布市','150922','化德县'),
 ('409','150000','内蒙古自治区','150900','乌兰察布市','150923','商都县'),
 ('41','130000','河北省','130100','石家庄市','130108','裕华区'),
 ('410','150000','内蒙古自治区','150900','乌兰察布市','150924','兴和县'),
 ('411','150000','内蒙古自治区','150900','乌兰察布市','150925','凉城县'),
 ('412','150000','内蒙古自治区','150900','乌兰察布市','150926','察哈尔右翼前旗'),
 ('413','150000','内蒙古自治区','150900','乌兰察布市','150927','察哈尔右翼中旗'),
 ('414','150000','内蒙古自治区','150900','乌兰察布市','150928','察哈尔右翼后旗'),
 ('415','150000','内蒙古自治区','150900','乌兰察布市','150929','四子王旗'),
 ('416','150000','内蒙古自治区','150900','乌兰察布市','150981','丰镇市'),
 ('417','150000','内蒙古自治区','152200','兴安盟','152201','乌兰浩特市'),
 ('418','150000','内蒙古自治区','152200','兴安盟','152202','阿尔山市'),
 ('419','150000','内蒙古自治区','152200','兴安盟','152221','科尔沁右翼前旗'),
 ('42','130000','河北省','130100','石家庄市','130109','藁城区'),
 ('420','150000','内蒙古自治区','152200','兴安盟','152222','科尔沁右翼中旗'),
 ('421','150000','内蒙古自治区','152200','兴安盟','152223','扎赉特旗'),
 ('422','150000','内蒙古自治区','152200','兴安盟','152224','突泉县'),
 ('423','150000','内蒙古自治区','152500','锡林郭勒盟','152501','二连浩特市'),
 ('424','150000','内蒙古自治区','152500','锡林郭勒盟','152502','锡林浩特市'),
 ('425','150000','内蒙古自治区','152500','锡林郭勒盟','152522','阿巴嘎旗'),
 ('426','150000','内蒙古自治区','152500','锡林郭勒盟','152523','苏尼特左旗'),
 ('427','150000','内蒙古自治区','152500','锡林郭勒盟','152524','苏尼特右旗'),
 ('428','150000','内蒙古自治区','152500','锡林郭勒盟','152525','东乌珠穆沁旗'),
 ('429','150000','内蒙古自治区','152500','锡林郭勒盟','152526','西乌珠穆沁旗'),
 ('43','130000','河北省','130100','石家庄市','130110','鹿泉区'),
 ('430','150000','内蒙古自治区','152500','锡林郭勒盟','152527','太仆寺旗'),
 ('431','150000','内蒙古自治区','152500','锡林郭勒盟','152528','镶黄旗'),
 ('432','150000','内蒙古自治区','152500','锡林郭勒盟','152529','正镶白旗'),
 ('433','150000','内蒙古自治区','152500','锡林郭勒盟','152530','正蓝旗'),
 ('434','150000','内蒙古自治区','152500','锡林郭勒盟','152531','多伦县'),
 ('435','150000','内蒙古自治区','152900','阿拉善盟','152921','阿拉善左旗'),
 ('436','150000','内蒙古自治区','152900','阿拉善盟','152922','阿拉善右旗'),
 ('437','150000','内蒙古自治区','152900','阿拉善盟','152923','额济纳旗'),
 ('438','210000','辽宁省','210100','沈阳市','210102','和平区'),
 ('439','210000','辽宁省','210100','沈阳市','210103','沈河区'),
 ('44','130000','河北省','130100','石家庄市','130111','栾城区'),
 ('440','210000','辽宁省','210100','沈阳市','210104','大东区'),
 ('441','210000','辽宁省','210100','沈阳市','210105','皇姑区'),
 ('442','210000','辽宁省','210100','沈阳市','210106','铁西区'),
 ('443','210000','辽宁省','210100','沈阳市','210111','苏家屯区'),
 ('444','210000','辽宁省','210100','沈阳市','210112','东陵区'),
 ('445','210000','辽宁省','210100','沈阳市','210113','沈北新区'),
 ('446','210000','辽宁省','210100','沈阳市','210114','于洪区'),
 ('447','210000','辽宁省','210100','沈阳市','210122','辽中县'),
 ('448','210000','辽宁省','210100','沈阳市','210123','康平县'),
 ('449','210000','辽宁省','210100','沈阳市','210124','法库县'),
 ('45','130000','河北省','130100','石家庄市','130121','井陉县'),
 ('450','210000','辽宁省','210100','沈阳市','210181','新民市'),
 ('451','210000','辽宁省','210200','大连市','210202','中山区'),
 ('452','210000','辽宁省','210200','大连市','210203','西岗区'),
 ('453','210000','辽宁省','210200','大连市','210204','沙河口区'),
 ('454','210000','辽宁省','210200','大连市','210211','甘井子区'),
 ('455','210000','辽宁省','210200','大连市','210212','旅顺口区'),
 ('456','210000','辽宁省','210200','大连市','210213','金州区'),
 ('457','210000','辽宁省','210200','大连市','210224','长海县'),
 ('458','210000','辽宁省','210200','大连市','210281','瓦房店市'),
 ('459','210000','辽宁省','210200','大连市','210282','普兰店市'),
 ('46','130000','河北省','130100','石家庄市','130123','正定县'),
 ('460','210000','辽宁省','210200','大连市','210283','庄河市'),
 ('461','210000','辽宁省','210300','鞍山市','210302','铁东区'),
 ('462','210000','辽宁省','210300','鞍山市','210303','铁西区'),
 ('463','210000','辽宁省','210300','鞍山市','210304','立山区'),
 ('464','210000','辽宁省','210300','鞍山市','210311','千山区'),
 ('465','210000','辽宁省','210300','鞍山市','210321','台安县'),
 ('466','210000','辽宁省','210300','鞍山市','210323','岫岩满族自治县'),
 ('467','210000','辽宁省','210300','鞍山市','210381','海城市'),
 ('468','210000','辽宁省','210400','抚顺市','210402','新抚区'),
 ('469','210000','辽宁省','210400','抚顺市','210403','东洲区'),
 ('47','130000','河北省','130100','石家庄市','130124','栾城县'),
 ('470','210000','辽宁省','210400','抚顺市','210404','望花区'),
 ('471','210000','辽宁省','210400','抚顺市','210411','顺城区'),
 ('472','210000','辽宁省','210400','抚顺市','210421','抚顺县'),
 ('473','210000','辽宁省','210400','抚顺市','210422','新宾满族自治县'),
 ('474','210000','辽宁省','210400','抚顺市','210423','清原满族自治县'),
 ('475','210000','辽宁省','210500','本溪市','210502','平山区'),
 ('476','210000','辽宁省','210500','本溪市','210503','溪湖区'),
 ('477','210000','辽宁省','210500','本溪市','210504','明山区'),
 ('478','210000','辽宁省','210500','本溪市','210505','南芬区'),
 ('479','210000','辽宁省','210500','本溪市','210521','本溪满族自治县'),
 ('48','130000','河北省','130100','石家庄市','130125','行唐县'),
 ('480','210000','辽宁省','210500','本溪市','210522','桓仁满族自治县'),
 ('481','210000','辽宁省','210600','丹东市','210602','元宝区'),
 ('482','210000','辽宁省','210600','丹东市','210603','振兴区'),
 ('483','210000','辽宁省','210600','丹东市','210604','振安区'),
 ('484','210000','辽宁省','210600','丹东市','210624','宽甸满族自治县'),
 ('485','210000','辽宁省','210600','丹东市','210681','东港市'),
 ('486','210000','辽宁省','210600','丹东市','210682','凤城市'),
 ('487','210000','辽宁省','210700','锦州市','210702','古塔区'),
 ('488','210000','辽宁省','210700','锦州市','210703','凌河区'),
 ('489','210000','辽宁省','210700','锦州市','210711','太和区'),
 ('49','130000','河北省','130100','石家庄市','130126','灵寿县'),
 ('490','210000','辽宁省','210700','锦州市','210726','黑山县'),
 ('491','210000','辽宁省','210700','锦州市','210727','义县'),
 ('492','210000','辽宁省','210700','锦州市','210781','凌海市'),
 ('493','210000','辽宁省','210700','锦州市','210782','北镇市'),
 ('494','210000','辽宁省','210800','营口市','210802','站前区'),
 ('495','210000','辽宁省','210800','营口市','210803','西市区'),
 ('496','210000','辽宁省','210800','营口市','210804','鲅鱼圈区'),
 ('497','210000','辽宁省','210800','营口市','210811','老边区'),
 ('498','210000','辽宁省','210800','营口市','210881','盖州市'),
 ('499','210000','辽宁省','210800','营口市','210882','大石桥市'),
 ('5','110000','北京市','110000','北京市','110107','石景山区'),
 ('50','130000','河北省','130100','石家庄市','130127','高邑县'),
 ('500','210000','辽宁省','210900','阜新市','210902','海州区'),
 ('501','210000','辽宁省','210900','阜新市','210903','新邱区'),
 ('502','210000','辽宁省','210900','阜新市','210904','太平区'),
 ('503','210000','辽宁省','210900','阜新市','210905','清河门区'),
 ('504','210000','辽宁省','210900','阜新市','210911','细河区'),
 ('505','210000','辽宁省','210900','阜新市','210921','阜新蒙古族自治县'),
 ('506','210000','辽宁省','210900','阜新市','210922','彰武县'),
 ('507','210000','辽宁省','211000','辽阳市','211002','白塔区'),
 ('508','210000','辽宁省','211000','辽阳市','211003','文圣区'),
 ('509','210000','辽宁省','211000','辽阳市','211004','宏伟区'),
 ('51','130000','河北省','130100','石家庄市','130128','深泽县'),
 ('510','210000','辽宁省','211000','辽阳市','211005','弓长岭区'),
 ('511','210000','辽宁省','211000','辽阳市','211011','太子河区'),
 ('512','210000','辽宁省','211000','辽阳市','211021','辽阳县'),
 ('513','210000','辽宁省','211000','辽阳市','211081','灯塔市'),
 ('514','210000','辽宁省','211100','盘锦市','211102','双台子区'),
 ('515','210000','辽宁省','211100','盘锦市','211103','兴隆台区'),
 ('516','210000','辽宁省','211100','盘锦市','211121','大洼县'),
 ('517','210000','辽宁省','211100','盘锦市','211122','盘山县'),
 ('518','210000','辽宁省','211200','铁岭市','211202','银州区'),
 ('519','210000','辽宁省','211200','铁岭市','211204','清河区'),
 ('52','130000','河北省','130100','石家庄市','130129','赞皇县'),
 ('520','210000','辽宁省','211200','铁岭市','211221','铁岭县'),
 ('521','210000','辽宁省','211200','铁岭市','211223','西丰县'),
 ('522','210000','辽宁省','211200','铁岭市','211224','昌图县'),
 ('523','210000','辽宁省','211200','铁岭市','211281','调兵山市');
INSERT INTO `dm_dq_qgxzqhssx` (`ID`,`XZQHSZ_DM_SHENG`,`XZQHMC_SHENG`,`XZQHSZ_DM_SHI`,`XZQHMC_SHI`,`XZQHSZ_DM_XIAN`,`XZQHMC_XIAN`) VALUES 
 ('524','210000','辽宁省','211200','铁岭市','211282','开原市'),
 ('525','210000','辽宁省','211300','朝阳市','211302','双塔区'),
 ('526','210000','辽宁省','211300','朝阳市','211303','龙城区'),
 ('527','210000','辽宁省','211300','朝阳市','211321','朝阳县'),
 ('528','210000','辽宁省','211300','朝阳市','211322','建平县'),
 ('529','210000','辽宁省','211300','朝阳市','211324','喀喇沁左翼蒙古族自治县'),
 ('53','130000','河北省','130100','石家庄市','130130','无极县'),
 ('530','210000','辽宁省','211300','朝阳市','211381','北票市'),
 ('531','210000','辽宁省','211300','朝阳市','211382','凌源市'),
 ('532','210000','辽宁省','211400','葫芦岛市','211402','连山区'),
 ('533','210000','辽宁省','211400','葫芦岛市','211403','龙港区'),
 ('534','210000','辽宁省','211400','葫芦岛市','211404','南票区'),
 ('535','210000','辽宁省','211400','葫芦岛市','211421','绥中县'),
 ('536','210000','辽宁省','211400','葫芦岛市','211422','建昌县'),
 ('537','210000','辽宁省','211400','葫芦岛市','211481','兴城市'),
 ('538','220000','吉林省','220100','长春市','220102','南关区'),
 ('539','220000','吉林省','220100','长春市','220103','宽城区'),
 ('54','130000','河北省','130100','石家庄市','130131','平山县'),
 ('540','220000','吉林省','220100','长春市','220104','朝阳区'),
 ('541','220000','吉林省','220100','长春市','220105','二道区'),
 ('542','220000','吉林省','220100','长春市','220106','绿园区'),
 ('543','220000','吉林省','220100','长春市','220112','双阳区'),
 ('544','220000','吉林省','220100','长春市','220122','农安县'),
 ('545','220000','吉林省','220100','长春市','220181','九台市'),
 ('546','220000','吉林省','220100','长春市','220182','榆树市'),
 ('547','220000','吉林省','220100','长春市','220183','德惠市'),
 ('548','220000','吉林省','220200','吉林市','220202','昌邑区'),
 ('549','220000','吉林省','220200','吉林市','220203','龙潭区'),
 ('55','130000','河北省','130100','石家庄市','130132','元氏县'),
 ('550','220000','吉林省','220200','吉林市','220204','船营区'),
 ('551','220000','吉林省','220200','吉林市','220211','丰满区'),
 ('552','220000','吉林省','220200','吉林市','220221','永吉县'),
 ('553','220000','吉林省','220200','吉林市','220281','蛟河市'),
 ('554','220000','吉林省','220200','吉林市','220282','桦甸市'),
 ('555','220000','吉林省','220200','吉林市','220283','舒兰市'),
 ('556','220000','吉林省','220200','吉林市','220284','磐石市'),
 ('557','220000','吉林省','220300','四平市','220302','铁西区'),
 ('558','220000','吉林省','220300','四平市','220303','铁东区'),
 ('559','220000','吉林省','220300','四平市','220322','梨树县'),
 ('56','130000','河北省','130100','石家庄市','130133','赵县'),
 ('560','220000','吉林省','220300','四平市','220323','伊通满族自治县'),
 ('561','220000','吉林省','220300','四平市','220381','公主岭市'),
 ('562','220000','吉林省','220300','四平市','220382','双辽市'),
 ('563','220000','吉林省','220400','辽源市','220402','龙山区'),
 ('564','220000','吉林省','220400','辽源市','220403','西安区'),
 ('565','220000','吉林省','220400','辽源市','220421','东丰县'),
 ('566','220000','吉林省','220400','辽源市','220422','东辽县'),
 ('567','220000','吉林省','220500','通化市','220502','东昌区'),
 ('568','220000','吉林省','220500','通化市','220503','二道江区'),
 ('569','220000','吉林省','220500','通化市','220521','通化县'),
 ('57','130000','河北省','130000','河北省','130181','辛集市'),
 ('570','220000','吉林省','220500','通化市','220523','辉南县'),
 ('571','220000','吉林省','220500','通化市','220524','柳河县'),
 ('572','220000','吉林省','220500','通化市','220581','梅河口市'),
 ('573','220000','吉林省','220500','通化市','220582','集安市'),
 ('574','220000','吉林省','220600','白山市','220602','浑江区'),
 ('575','220000','吉林省','220600','白山市','220605','江源区'),
 ('576','220000','吉林省','220600','白山市','220621','抚松县'),
 ('577','220000','吉林省','220600','白山市','220622','靖宇县'),
 ('578','220000','吉林省','220600','白山市','220623','长白朝鲜族自治县'),
 ('579','220000','吉林省','220600','白山市','220681','临江市'),
 ('58','130000','河北省','130100','石家庄市','130182','藁城市'),
 ('580','220000','吉林省','220700','松原市','220702','宁江区'),
 ('581','220000','吉林省','220700','松原市','220721','前郭尔罗斯蒙古族自治县'),
 ('582','220000','吉林省','220700','松原市','220722','长岭县'),
 ('583','220000','吉林省','220700','松原市','220723','乾安县'),
 ('584','220000','吉林省','220700','松原市','220724','扶余县'),
 ('585','220000','吉林省','220800','白城市','220802','洮北区'),
 ('586','220000','吉林省','220800','白城市','220821','镇赉县'),
 ('587','220000','吉林省','220800','白城市','220822','通榆县'),
 ('588','220000','吉林省','220800','白城市','220881','洮南市'),
 ('589','220000','吉林省','220800','白城市','220882','大安市'),
 ('59','130000','河北省','130100','石家庄市','130183','晋州市'),
 ('590','220000','吉林省','222400','延边朝鲜族自治州','222401','延吉市'),
 ('591','220000','吉林省','222400','延边朝鲜族自治州','222402','图们市'),
 ('592','220000','吉林省','222400','延边朝鲜族自治州','222403','敦化市'),
 ('593','220000','吉林省','222400','延边朝鲜族自治州','222404','珲春市'),
 ('594','220000','吉林省','222400','延边朝鲜族自治州','222405','龙井市'),
 ('595','220000','吉林省','222400','延边朝鲜族自治州','222406','和龙市'),
 ('596','220000','吉林省','222400','延边朝鲜族自治州','222424','汪清县'),
 ('597','220000','吉林省','222400','延边朝鲜族自治州','222426','安图县'),
 ('598','230000','黑龙江省','230100','哈尔滨市','230102','道里区'),
 ('599','230000','黑龙江省','230100','哈尔滨市','230103','南岗区'),
 ('6','110000','北京市','110000','北京市','110108','海淀区'),
 ('60','130000','河北省','130100','石家庄市','130184','新乐市'),
 ('600','230000','黑龙江省','230100','哈尔滨市','230104','道外区'),
 ('601','230000','黑龙江省','230100','哈尔滨市','230108','平房区'),
 ('602','230000','黑龙江省','230100','哈尔滨市','230109','松北区'),
 ('603','230000','黑龙江省','230100','哈尔滨市','230110','香坊区'),
 ('604','230000','黑龙江省','230100','哈尔滨市','230111','呼兰区'),
 ('605','230000','黑龙江省','230100','哈尔滨市','230112','阿城区'),
 ('606','230000','黑龙江省','230100','哈尔滨市','230113','双城区'),
 ('607','230000','黑龙江省','230100','哈尔滨市','230123','依兰县'),
 ('608','230000','黑龙江省','230100','哈尔滨市','230124','方正县'),
 ('609','230000','黑龙江省','230100','哈尔滨市','230125','宾县'),
 ('61','130000','河北省','130100','石家庄市','130185','鹿泉市'),
 ('610','230000','黑龙江省','230100','哈尔滨市','230126','巴彦县'),
 ('611','230000','黑龙江省','230100','哈尔滨市','230127','木兰县'),
 ('612','230000','黑龙江省','230100','哈尔滨市','230128','通河县'),
 ('613','230000','黑龙江省','230100','哈尔滨市','230129','延寿县'),
 ('614','230000','黑龙江省','230100','哈尔滨市','230182','双城市'),
 ('615','230000','黑龙江省','230100','哈尔滨市','230183','尚志市'),
 ('616','230000','黑龙江省','230100','哈尔滨市','230184','五常市'),
 ('617','230000','黑龙江省','230200','齐齐哈尔市','230202','龙沙区'),
 ('618','230000','黑龙江省','230200','齐齐哈尔市','230203','建华区'),
 ('619','230000','黑龙江省','230200','齐齐哈尔市','230204','铁锋区'),
 ('62','130000','河北省','130200','唐山市','130202','路南区'),
 ('620','230000','黑龙江省','230200','齐齐哈尔市','230205','昂昂溪区'),
 ('621','230000','黑龙江省','230200','齐齐哈尔市','230206','富拉尔基区'),
 ('622','230000','黑龙江省','230200','齐齐哈尔市','230207','碾子山区'),
 ('623','230000','黑龙江省','230200','齐齐哈尔市','230208','梅里斯达斡尔族区'),
 ('624','230000','黑龙江省','230200','齐齐哈尔市','230221','龙江县'),
 ('625','230000','黑龙江省','230200','齐齐哈尔市','230223','依安县'),
 ('626','230000','黑龙江省','230200','齐齐哈尔市','230224','泰来县'),
 ('627','230000','黑龙江省','230200','齐齐哈尔市','230225','甘南县'),
 ('628','230000','黑龙江省','230200','齐齐哈尔市','230227','富裕县'),
 ('629','230000','黑龙江省','230200','齐齐哈尔市','230229','克山县'),
 ('63','130000','河北省','130200','唐山市','130203','路北区'),
 ('630','230000','黑龙江省','230200','齐齐哈尔市','230230','克东县'),
 ('631','230000','黑龙江省','230200','齐齐哈尔市','230231','拜泉县'),
 ('632','230000','黑龙江省','230200','齐齐哈尔市','230281','讷河市'),
 ('633','230000','黑龙江省','230300','鸡西市','230302','鸡冠区'),
 ('634','230000','黑龙江省','230300','鸡西市','230303','恒山区'),
 ('635','230000','黑龙江省','230300','鸡西市','230304','滴道区'),
 ('636','230000','黑龙江省','230300','鸡西市','230305','梨树区'),
 ('637','230000','黑龙江省','230300','鸡西市','230306','城子河区'),
 ('638','230000','黑龙江省','230300','鸡西市','230307','麻山区'),
 ('639','230000','黑龙江省','230300','鸡西市','230321','鸡东县'),
 ('64','130000','河北省','130200','唐山市','130204','古冶区'),
 ('640','230000','黑龙江省','230300','鸡西市','230381','虎林市'),
 ('641','230000','黑龙江省','230300','鸡西市','230382','密山市'),
 ('642','230000','黑龙江省','230400','鹤岗市','230402','向阳区'),
 ('643','230000','黑龙江省','230400','鹤岗市','230403','工农区'),
 ('644','230000','黑龙江省','230400','鹤岗市','230404','南山区'),
 ('645','230000','黑龙江省','230400','鹤岗市','230405','兴安区'),
 ('646','230000','黑龙江省','230400','鹤岗市','230406','东山区'),
 ('647','230000','黑龙江省','230400','鹤岗市','230407','兴山区'),
 ('648','230000','黑龙江省','230400','鹤岗市','230421','萝北县'),
 ('649','230000','黑龙江省','230400','鹤岗市','230422','绥滨县'),
 ('65','130000','河北省','130200','唐山市','130205','开平区'),
 ('650','230000','黑龙江省','230500','双鸭山市','230502','尖山区'),
 ('651','230000','黑龙江省','230500','双鸭山市','230503','岭东区'),
 ('652','230000','黑龙江省','230500','双鸭山市','230505','四方台区'),
 ('653','230000','黑龙江省','230500','双鸭山市','230506','宝山区'),
 ('654','230000','黑龙江省','230500','双鸭山市','230521','集贤县'),
 ('655','230000','黑龙江省','230500','双鸭山市','230522','友谊县'),
 ('656','230000','黑龙江省','230500','双鸭山市','230523','宝清县'),
 ('657','230000','黑龙江省','230500','双鸭山市','230524','饶河县'),
 ('658','230000','黑龙江省','230600','大庆市','230602','萨尔图区'),
 ('659','230000','黑龙江省','230600','大庆市','230603','龙凤区'),
 ('66','130000','河北省','130200','唐山市','130207','丰南区'),
 ('660','230000','黑龙江省','230600','大庆市','230604','让胡路区'),
 ('661','230000','黑龙江省','230600','大庆市','230605','红岗区'),
 ('662','230000','黑龙江省','230600','大庆市','230606','大同区'),
 ('663','230000','黑龙江省','230600','大庆市','230621','肇州县'),
 ('664','230000','黑龙江省','230600','大庆市','230622','肇源县'),
 ('665','230000','黑龙江省','230600','大庆市','230623','林甸县'),
 ('666','230000','黑龙江省','230600','大庆市','230624','杜尔伯特蒙古族自治县'),
 ('667','230000','黑龙江省','230700','伊春市','230702','伊春区'),
 ('668','230000','黑龙江省','230700','伊春市','230703','南岔区'),
 ('669','230000','黑龙江省','230700','伊春市','230704','友好区'),
 ('67','130000','河北省','130200','唐山市','130208','丰润区'),
 ('670','230000','黑龙江省','230700','伊春市','230705','西林区'),
 ('671','230000','黑龙江省','230700','伊春市','230706','翠峦区'),
 ('672','230000','黑龙江省','230700','伊春市','230707','新青区'),
 ('673','230000','黑龙江省','230700','伊春市','230708','美溪区'),
 ('674','230000','黑龙江省','230700','伊春市','230709','金山屯区'),
 ('675','230000','黑龙江省','230700','伊春市','230710','五营区'),
 ('676','230000','黑龙江省','230700','伊春市','230711','乌马河区'),
 ('677','230000','黑龙江省','230700','伊春市','230712','汤旺河区'),
 ('678','230000','黑龙江省','230700','伊春市','230713','带岭区'),
 ('679','230000','黑龙江省','230700','伊春市','230714','乌伊岭区'),
 ('68','130000','河北省','130200','唐山市','130209','曹妃甸区'),
 ('680','230000','黑龙江省','230700','伊春市','230715','红星区'),
 ('681','230000','黑龙江省','230700','伊春市','230716','上甘岭区'),
 ('682','230000','黑龙江省','230700','伊春市','230722','嘉荫县'),
 ('683','230000','黑龙江省','230700','伊春市','230781','铁力市'),
 ('684','230000','黑龙江省','230800','佳木斯市','230803','向阳区'),
 ('685','230000','黑龙江省','230800','佳木斯市','230804','前进区'),
 ('686','230000','黑龙江省','230800','佳木斯市','230805','东风区'),
 ('687','230000','黑龙江省','230800','佳木斯市','230811','郊区'),
 ('688','230000','黑龙江省','230800','佳木斯市','230822','桦南县'),
 ('689','230000','黑龙江省','230800','佳木斯市','230826','桦川县'),
 ('69','130000','河北省','130200','唐山市','130223','滦县'),
 ('690','230000','黑龙江省','230800','佳木斯市','230828','汤原县'),
 ('691','230000','黑龙江省','230800','佳木斯市','230833','抚远县'),
 ('692','230000','黑龙江省','230800','佳木斯市','230881','同江市'),
 ('693','230000','黑龙江省','230800','佳木斯市','230882','富锦市'),
 ('694','230000','黑龙江省','230900','七台河市','230902','新兴区'),
 ('695','230000','黑龙江省','230900','七台河市','230903','桃山区'),
 ('696','230000','黑龙江省','230900','七台河市','230904','茄子河区'),
 ('697','230000','黑龙江省','230900','七台河市','230921','勃利县'),
 ('698','230000','黑龙江省','231000','牡丹江市','231002','东安区'),
 ('699','230000','黑龙江省','231000','牡丹江市','231003','阳明区'),
 ('7','110000','北京市','110000','北京市','110109','门头沟区'),
 ('70','130000','河北省','130200','唐山市','130224','滦南县'),
 ('700','230000','黑龙江省','231000','牡丹江市','231004','爱民区'),
 ('701','230000','黑龙江省','231000','牡丹江市','231005','西安区'),
 ('702','230000','黑龙江省','231000','牡丹江市','231024','东宁县'),
 ('703','230000','黑龙江省','231000','牡丹江市','231025','林口县'),
 ('704','230000','黑龙江省','231000','牡丹江市','231081','绥芬河市'),
 ('705','230000','黑龙江省','231000','牡丹江市','231083','海林市'),
 ('706','230000','黑龙江省','231000','牡丹江市','231084','宁安市'),
 ('707','230000','黑龙江省','231000','牡丹江市','231085','穆棱市'),
 ('708','230000','黑龙江省','231000','牡丹江市','231086','东宁市'),
 ('709','230000','黑龙江省','231100','黑河市','231102','爱辉区'),
 ('71','130000','河北省','130200','唐山市','130225','乐亭县'),
 ('710','230000','黑龙江省','231100','黑河市','231121','嫩江县'),
 ('711','230000','黑龙江省','231100','黑河市','231123','逊克县'),
 ('712','230000','黑龙江省','231100','黑河市','231124','孙吴县'),
 ('713','230000','黑龙江省','231100','黑河市','231181','北安市'),
 ('714','230000','黑龙江省','231100','黑河市','231182','五大连池市'),
 ('715','230000','黑龙江省','231200','绥化市','231202','北林区'),
 ('716','230000','黑龙江省','231200','绥化市','231221','望奎县'),
 ('717','230000','黑龙江省','231200','绥化市','231222','兰西县'),
 ('718','230000','黑龙江省','231200','绥化市','231223','青冈县'),
 ('719','230000','黑龙江省','231200','绥化市','231224','庆安县'),
 ('72','130000','河北省','130200','唐山市','130227','迁西县'),
 ('720','230000','黑龙江省','231200','绥化市','231225','明水县'),
 ('721','230000','黑龙江省','231200','绥化市','231226','绥棱县'),
 ('722','230000','黑龙江省','231200','绥化市','231281','安达市'),
 ('723','230000','黑龙江省','231200','绥化市','231282','肇东市'),
 ('724','230000','黑龙江省','231200','绥化市','231283','海伦市'),
 ('725','230000','黑龙江省','232700','大兴安岭地区','232721','呼玛县'),
 ('726','230000','黑龙江省','232700','大兴安岭地区','232722','塔河县'),
 ('727','230000','黑龙江省','232700','大兴安岭地区','232723','漠河县'),
 ('728','230000','黑龙江省','232700','大兴安岭地区','232741','加格达奇区'),
 ('729','230000','黑龙江省','232700','大兴安岭地区','232742','松岭区'),
 ('73','130000','河北省','130200','唐山市','130229','玉田县'),
 ('730','230000','黑龙江省','232700','大兴安岭地区','232743','新林区'),
 ('731','230000','黑龙江省','232700','大兴安岭地区','232744','呼中区'),
 ('732','310000','上海市','310000','上海市','310101','黄浦区'),
 ('733','310000','上海市','310000','上海市','310104','徐汇区'),
 ('734','310000','上海市','310000','上海市','310105','长宁区'),
 ('735','310000','上海市','310000','上海市','310106','静安区'),
 ('736','310000','上海市','310000','上海市','310107','普陀区'),
 ('737','310000','上海市','310000','上海市','310108','闸北区'),
 ('738','310000','上海市','310000','上海市','310109','虹口区'),
 ('739','310000','上海市','310000','上海市','310110','杨浦区'),
 ('74','130000','河北省','130200','唐山市','130230','唐海县'),
 ('740','310000','上海市','310000','上海市','310112','闵行区'),
 ('741','310000','上海市','310000','上海市','310113','宝山区'),
 ('742','310000','上海市','310000','上海市','310114','嘉定区'),
 ('743','310000','上海市','310000','上海市','310115','浦东新区'),
 ('744','310000','上海市','310000','上海市','310116','金山区'),
 ('745','310000','上海市','310000','上海市','310117','松江区'),
 ('746','310000','上海市','310000','上海市','310118','青浦区'),
 ('747','310000','上海市','310000','上海市','310120','奉贤区'),
 ('748','310000','上海市','310000','上海市','310230','崇明县'),
 ('749','320000','江苏省','320100','南京市','320102','玄武区'),
 ('75','130000','河北省','130200','唐山市','130281','遵化市'),
 ('750','320000','江苏省','320100','南京市','320103','白下区'),
 ('751','320000','江苏省','320100','南京市','320104','秦淮区'),
 ('752','320000','江苏省','320100','南京市','320105','建邺区'),
 ('753','320000','江苏省','320100','南京市','320106','鼓楼区'),
 ('754','320000','江苏省','320100','南京市','320107','下关区'),
 ('755','320000','江苏省','320100','南京市','320111','浦口区'),
 ('756','320000','江苏省','320100','南京市','320113','栖霞区'),
 ('757','320000','江苏省','320100','南京市','320114','雨花台区'),
 ('758','320000','江苏省','320100','南京市','320115','江宁区'),
 ('759','320000','江苏省','320100','南京市','320116','六合区'),
 ('76','130000','河北省','130200','唐山市','130283','迁安市'),
 ('760','320000','江苏省','320100','南京市','320117','溧水区'),
 ('761','320000','江苏省','320100','南京市','320118','高淳区'),
 ('762','320000','江苏省','320100','南京市','320124','溧水县'),
 ('763','320000','江苏省','320100','南京市','320125','高淳县'),
 ('764','320000','江苏省','320200','无锡市','320202','崇安区'),
 ('765','320000','江苏省','320200','无锡市','320203','南长区'),
 ('766','320000','江苏省','320200','无锡市','320204','北塘区'),
 ('767','320000','江苏省','320200','无锡市','320205','锡山区'),
 ('768','320000','江苏省','320200','无锡市','320206','惠山区'),
 ('769','320000','江苏省','320200','无锡市','320211','滨湖区'),
 ('77','130000','河北省','130300','秦皇岛市','130302','海港区'),
 ('770','320000','江苏省','320200','无锡市','320213','梁溪区'),
 ('771','320000','江苏省','320200','无锡市','320214','新吴区'),
 ('772','320000','江苏省','320200','无锡市','320281','江阴市'),
 ('773','320000','江苏省','320200','无锡市','320282','宜兴市'),
 ('774','320000','江苏省','320300','徐州市','320302','鼓楼区'),
 ('775','320000','江苏省','320300','徐州市','320303','云龙区'),
 ('776','320000','江苏省','320300','徐州市','320305','贾汪区'),
 ('777','320000','江苏省','320300','徐州市','320311','泉山区'),
 ('778','320000','江苏省','320300','徐州市','320312','铜山区'),
 ('779','320000','江苏省','320300','徐州市','320321','丰县'),
 ('78','130000','河北省','130300','秦皇岛市','130303','山海关区'),
 ('780','320000','江苏省','320300','徐州市','320322','沛县'),
 ('781','320000','江苏省','320300','徐州市','320324','睢宁县'),
 ('782','320000','江苏省','320300','徐州市','320381','新沂市'),
 ('783','320000','江苏省','320300','徐州市','320382','邳州市'),
 ('784','320000','江苏省','320400','常州市','320402','天宁区'),
 ('785','320000','江苏省','320400','常州市','320404','钟楼区'),
 ('786','320000','江苏省','320400','常州市','320405','戚墅堰区'),
 ('787','320000','江苏省','320400','常州市','320411','新北区'),
 ('788','320000','江苏省','320400','常州市','320412','武进区'),
 ('789','320000','江苏省','320400','常州市','320413','金坛区'),
 ('79','130000','河北省','130300','秦皇岛市','130304','北戴河区'),
 ('790','320000','江苏省','320400','常州市','320481','溧阳市'),
 ('791','320000','江苏省','320400','常州市','320482','金坛市'),
 ('792','320000','江苏省','320500','苏州市','320502','沧浪区'),
 ('793','320000','江苏省','320500','苏州市','320503','平江区'),
 ('794','320000','江苏省','320500','苏州市','320504','金阊区'),
 ('795','320000','江苏省','320500','苏州市','320505','虎丘区'),
 ('796','320000','江苏省','320500','苏州市','320506','吴中区'),
 ('797','320000','江苏省','320500','苏州市','320507','相城区'),
 ('798','320000','江苏省','320500','苏州市','320508','姑苏区'),
 ('799','320000','江苏省','320500','苏州市','320509','吴江区'),
 ('8','110000','北京市','110000','北京市','110111','房山区'),
 ('80','130000','河北省','130300','秦皇岛市','130321','青龙满族自治县'),
 ('800','320000','江苏省','320500','苏州市','320581','常熟市'),
 ('801','320000','江苏省','320500','苏州市','320582','张家港市'),
 ('802','320000','江苏省','320500','苏州市','320583','昆山市'),
 ('803','320000','江苏省','320500','苏州市','320584','吴江市'),
 ('804','320000','江苏省','320500','苏州市','320585','太仓市'),
 ('805','320000','江苏省','320600','南通市','320602','崇川区'),
 ('806','320000','江苏省','320600','南通市','320611','港闸区'),
 ('807','320000','江苏省','320600','南通市','320612','通州区'),
 ('808','320000','江苏省','320600','南通市','320621','海安县'),
 ('809','320000','江苏省','320600','南通市','320623','如东县'),
 ('81','130000','河北省','130300','秦皇岛市','130322','昌黎县'),
 ('810','320000','江苏省','320600','南通市','320681','启东市'),
 ('811','320000','江苏省','320600','南通市','320682','如皋市'),
 ('812','320000','江苏省','320600','南通市','320684','海门市'),
 ('813','320000','江苏省','320700','连云港市','320703','连云区'),
 ('814','320000','江苏省','320700','连云港市','320705','新浦区'),
 ('815','320000','江苏省','320700','连云港市','320706','海州区'),
 ('816','320000','江苏省','320700','连云港市','320707','赣榆区'),
 ('817','320000','江苏省','320700','连云港市','320721','赣榆县'),
 ('818','320000','江苏省','320700','连云港市','320722','东海县'),
 ('819','320000','江苏省','320700','连云港市','320723','灌云县'),
 ('82','130000','河北省','130300','秦皇岛市','130323','抚宁县'),
 ('820','320000','江苏省','320700','连云港市','320724','灌南县'),
 ('821','320000','江苏省','320800','淮安市','320802','清河区'),
 ('822','320000','江苏省','320800','淮安市','320803','淮安区'),
 ('823','320000','江苏省','320800','淮安市','320804','淮阴区'),
 ('824','320000','江苏省','320800','淮安市','320811','清浦区'),
 ('825','320000','江苏省','320800','淮安市','320812','清江浦区'),
 ('826','320000','江苏省','320800','淮安市','320813','洪泽区'),
 ('827','320000','江苏省','320800','淮安市','320826','涟水县'),
 ('828','320000','江苏省','320800','淮安市','320829','洪泽县'),
 ('829','320000','江苏省','320800','淮安市','320830','盱眙县'),
 ('83','130000','河北省','130300','秦皇岛市','130324','卢龙县'),
 ('830','320000','江苏省','320800','淮安市','320831','金湖县'),
 ('831','320000','江苏省','320900','盐城市','320902','亭湖区'),
 ('832','320000','江苏省','320900','盐城市','320903','盐都区'),
 ('833','320000','江苏省','320900','盐城市','320904','大丰区'),
 ('834','320000','江苏省','320900','盐城市','320921','响水县'),
 ('835','320000','江苏省','320900','盐城市','320922','滨海县'),
 ('836','320000','江苏省','320900','盐城市','320923','阜宁县'),
 ('837','320000','江苏省','320900','盐城市','320924','射阳县'),
 ('838','320000','江苏省','320900','盐城市','320925','建湖县'),
 ('839','320000','江苏省','320900','盐城市','320981','东台市'),
 ('84','130000','河北省','130400','邯郸市','130402','邯山区'),
 ('840','320000','江苏省','320900','盐城市','320982','大丰市'),
 ('841','320000','江苏省','321000','扬州市','321002','广陵区'),
 ('842','320000','江苏省','321000','扬州市','321003','邗江区'),
 ('843','320000','江苏省','321000','扬州市','321012','江都区'),
 ('844','320000','江苏省','321000','扬州市','321023','宝应县'),
 ('845','320000','江苏省','321000','扬州市','321081','仪征市'),
 ('846','320000','江苏省','321000','扬州市','321084','高邮市'),
 ('847','320000','江苏省','321100','镇江市','321102','京口区'),
 ('848','320000','江苏省','321100','镇江市','321111','润州区'),
 ('849','320000','江苏省','321100','镇江市','321112','丹徒区'),
 ('85','130000','河北省','130400','邯郸市','130403','丛台区'),
 ('850','320000','江苏省','321100','镇江市','321181','丹阳市'),
 ('851','320000','江苏省','321100','镇江市','321182','扬中市'),
 ('852','320000','江苏省','321100','镇江市','321183','句容市'),
 ('853','320000','江苏省','321200','泰州市','321202','海陵区'),
 ('854','320000','江苏省','321200','泰州市','321203','高港区'),
 ('855','320000','江苏省','321200','泰州市','321204','姜堰区'),
 ('856','320000','江苏省','321200','泰州市','321281','兴化市'),
 ('857','320000','江苏省','321200','泰州市','321282','靖江市'),
 ('858','320000','江苏省','321200','泰州市','321283','泰兴市'),
 ('859','320000','江苏省','321200','泰州市','321284','姜堰市'),
 ('86','130000','河北省','130400','邯郸市','130404','复兴区'),
 ('860','320000','江苏省','321300','宿迁市','321302','宿城区'),
 ('861','320000','江苏省','321300','宿迁市','321311','宿豫区'),
 ('862','320000','江苏省','321300','宿迁市','321322','沭阳县'),
 ('863','320000','江苏省','321300','宿迁市','321323','泗阳县'),
 ('864','320000','江苏省','321300','宿迁市','321324','泗洪县'),
 ('865','330000','浙江省','330100','杭州市','330102','上城区'),
 ('866','330000','浙江省','330100','杭州市','330103','下城区'),
 ('867','330000','浙江省','330100','杭州市','330104','江干区'),
 ('868','330000','浙江省','330100','杭州市','330105','拱墅区'),
 ('869','330000','浙江省','330100','杭州市','330106','西湖区'),
 ('87','130000','河北省','130400','邯郸市','130406','峰峰矿区'),
 ('870','330000','浙江省','330100','杭州市','330108','滨江区'),
 ('871','330000','浙江省','330100','杭州市','330109','萧山区'),
 ('872','330000','浙江省','330100','杭州市','330110','余杭区'),
 ('873','330000','浙江省','330100','杭州市','330111','富阳区'),
 ('874','330000','浙江省','330100','杭州市','330122','桐庐县'),
 ('875','330000','浙江省','330100','杭州市','330127','淳安县'),
 ('876','330000','浙江省','330100','杭州市','330182','建德市'),
 ('877','330000','浙江省','330100','杭州市','330183','富阳市'),
 ('878','330000','浙江省','330100','杭州市','330185','临安市'),
 ('879','330000','浙江省','330200','宁波市','330203','海曙区'),
 ('88','130000','河北省','130400','邯郸市','130421','邯郸县'),
 ('880','330000','浙江省','330200','宁波市','330204','江东区'),
 ('881','330000','浙江省','330200','宁波市','330205','江北区'),
 ('882','330000','浙江省','330200','宁波市','330206','北仑区'),
 ('883','330000','浙江省','330200','宁波市','330211','镇海区'),
 ('884','330000','浙江省','330200','宁波市','330212','鄞州区'),
 ('885','330000','浙江省','330200','宁波市','330213','奉化区'),
 ('886','330000','浙江省','330200','宁波市','330225','象山县'),
 ('887','330000','浙江省','330200','宁波市','330226','宁海县'),
 ('888','330000','浙江省','330200','宁波市','330281','余姚市'),
 ('889','330000','浙江省','330200','宁波市','330282','慈溪市'),
 ('89','130000','河北省','130400','邯郸市','130423','临漳县'),
 ('890','330000','浙江省','330200','宁波市','330283','奉化市'),
 ('891','330000','浙江省','330300','温州市','330302','鹿城区'),
 ('892','330000','浙江省','330300','温州市','330303','龙湾区'),
 ('893','330000','浙江省','330300','温州市','330304','瓯海区'),
 ('894','330000','浙江省','330300','温州市','330305','洞头区'),
 ('895','330000','浙江省','330300','温州市','330322','洞头县'),
 ('896','330000','浙江省','330300','温州市','330324','永嘉县'),
 ('897','330000','浙江省','330300','温州市','330326','平阳县'),
 ('898','330000','浙江省','330300','温州市','330327','苍南县'),
 ('899','330000','浙江省','330300','温州市','330328','文成县'),
 ('9','110000','北京市','110000','北京市','110112','通州区'),
 ('90','130000','河北省','130400','邯郸市','130424','成安县'),
 ('900','330000','浙江省','330300','温州市','330329','泰顺县'),
 ('901','330000','浙江省','330300','温州市','330381','瑞安市'),
 ('902','330000','浙江省','330300','温州市','330382','乐清市'),
 ('903','330000','浙江省','330400','嘉兴市','330402','南湖区'),
 ('904','330000','浙江省','330400','嘉兴市','330411','秀洲区'),
 ('905','330000','浙江省','330400','嘉兴市','330421','嘉善县'),
 ('906','330000','浙江省','330400','嘉兴市','330424','海盐县'),
 ('907','330000','浙江省','330400','嘉兴市','330481','海宁市'),
 ('908','330000','浙江省','330400','嘉兴市','330482','平湖市'),
 ('909','330000','浙江省','330400','嘉兴市','330483','桐乡市'),
 ('91','130000','河北省','130400','邯郸市','130425','大名县'),
 ('910','330000','浙江省','330500','湖州市','330502','吴兴区'),
 ('911','330000','浙江省','330500','湖州市','330503','南浔区'),
 ('912','330000','浙江省','330500','湖州市','330521','德清县'),
 ('913','330000','浙江省','330500','湖州市','330522','长兴县'),
 ('914','330000','浙江省','330500','湖州市','330523','安吉县'),
 ('915','330000','浙江省','330600','绍兴市','330602','越城区'),
 ('916','330000','浙江省','330600','绍兴市','330603','柯桥区'),
 ('917','330000','浙江省','330600','绍兴市','330604','上虞区'),
 ('918','330000','浙江省','330600','绍兴市','330621','绍兴县'),
 ('919','330000','浙江省','330600','绍兴市','330624','新昌县'),
 ('92','130000','河北省','130400','邯郸市','130426','涉县'),
 ('920','330000','浙江省','330600','绍兴市','330681','诸暨市'),
 ('921','330000','浙江省','330600','绍兴市','330682','上虞市'),
 ('922','330000','浙江省','330600','绍兴市','330683','嵊州市'),
 ('923','330000','浙江省','330700','金华市','330702','婺城区'),
 ('924','330000','浙江省','330700','金华市','330703','金东区'),
 ('925','330000','浙江省','330700','金华市','330723','武义县'),
 ('926','330000','浙江省','330700','金华市','330726','浦江县'),
 ('927','330000','浙江省','330700','金华市','330727','磐安县'),
 ('928','330000','浙江省','330700','金华市','330781','兰溪市'),
 ('929','330000','浙江省','330700','金华市','330782','义乌市'),
 ('93','130000','河北省','130400','邯郸市','130427','磁县'),
 ('930','330000','浙江省','330700','金华市','330783','东阳市'),
 ('931','330000','浙江省','330700','金华市','330784','永康市'),
 ('932','330000','浙江省','330800','衢州市','330802','柯城区'),
 ('933','330000','浙江省','330800','衢州市','330803','衢江区'),
 ('934','330000','浙江省','330800','衢州市','330822','常山县'),
 ('935','330000','浙江省','330800','衢州市','330824','开化县'),
 ('936','330000','浙江省','330800','衢州市','330825','龙游县'),
 ('937','330000','浙江省','330800','衢州市','330881','江山市'),
 ('938','330000','浙江省','330900','舟山市','330902','定海区'),
 ('939','330000','浙江省','330900','舟山市','330903','普陀区'),
 ('94','130000','河北省','130400','邯郸市','130428','肥乡县'),
 ('940','330000','浙江省','330900','舟山市','330921','岱山县'),
 ('941','330000','浙江省','330900','舟山市','330922','嵊泗县'),
 ('942','330000','浙江省','331000','台州市','331002','椒江区'),
 ('943','330000','浙江省','331000','台州市','331003','黄岩区'),
 ('944','330000','浙江省','331000','台州市','331004','路桥区'),
 ('945','330000','浙江省','331000','台州市','331021','玉环县'),
 ('946','330000','浙江省','331000','台州市','331022','三门县'),
 ('947','330000','浙江省','331000','台州市','331023','天台县'),
 ('948','330000','浙江省','331000','台州市','331024','仙居县'),
 ('949','330000','浙江省','331000','台州市','331081','温岭市'),
 ('95','130000','河北省','130400','邯郸市','130429','永年县'),
 ('950','330000','浙江省','331000','台州市','331082','临海市'),
 ('951','330000','浙江省','331100','丽水市','331102','莲都区'),
 ('952','330000','浙江省','331100','丽水市','331121','青田县'),
 ('953','330000','浙江省','331100','丽水市','331122','缙云县'),
 ('954','330000','浙江省','331100','丽水市','331123','遂昌县'),
 ('955','330000','浙江省','331100','丽水市','331124','松阳县'),
 ('956','330000','浙江省','331100','丽水市','331125','云和县'),
 ('957','330000','浙江省','331100','丽水市','331126','庆元县'),
 ('958','330000','浙江省','331100','丽水市','331127','景宁畲族自治县'),
 ('959','330000','浙江省','331100','丽水市','331181','龙泉市'),
 ('96','130000','河北省','130400','邯郸市','130430','邱县'),
 ('960','340000','安徽省','340100','合肥市','340102','瑶海区'),
 ('961','340000','安徽省','340100','合肥市','340103','庐阳区'),
 ('962','340000','安徽省','340100','合肥市','340104','蜀山区'),
 ('963','340000','安徽省','340100','合肥市','340111','包河区'),
 ('964','340000','安徽省','340100','合肥市','340121','长丰县'),
 ('965','340000','安徽省','340100','合肥市','340122','肥东县'),
 ('966','340000','安徽省','340100','合肥市','340123','肥西县'),
 ('967','340000','安徽省','340100','合肥市','340124','庐江县'),
 ('968','340000','安徽省','340100','合肥市','340181','巢湖市'),
 ('969','340000','安徽省','340200','芜湖市','340202','镜湖区'),
 ('97','130000','河北省','130400','邯郸市','130431','鸡泽县'),
 ('970','340000','安徽省','340200','芜湖市','340203','弋江区'),
 ('971','340000','安徽省','340200','芜湖市','340207','鸠江区'),
 ('972','340000','安徽省','340200','芜湖市','340208','三山区'),
 ('973','340000','安徽省','340200','芜湖市','340221','芜湖县'),
 ('974','340000','安徽省','340200','芜湖市','340222','繁昌县'),
 ('975','340000','安徽省','340200','芜湖市','340223','南陵县'),
 ('976','340000','安徽省','340200','芜湖市','340225','无为县'),
 ('977','340000','安徽省','340300','蚌埠市','340302','龙子湖区'),
 ('978','340000','安徽省','340300','蚌埠市','340303','蚌山区'),
 ('979','340000','安徽省','340300','蚌埠市','340304','禹会区'),
 ('98','130000','河北省','130400','邯郸市','130432','广平县'),
 ('980','340000','安徽省','340300','蚌埠市','340311','淮上区'),
 ('981','340000','安徽省','340300','蚌埠市','340321','怀远县'),
 ('982','340000','安徽省','340300','蚌埠市','340322','五河县'),
 ('983','340000','安徽省','340300','蚌埠市','340323','固镇县'),
 ('984','340000','安徽省','340400','淮南市','340402','大通区'),
 ('985','340000','安徽省','340400','淮南市','340403','田家庵区'),
 ('986','340000','安徽省','340400','淮南市','340404','谢家集区'),
 ('987','340000','安徽省','340400','淮南市','340405','八公山区'),
 ('988','340000','安徽省','340400','淮南市','340406','潘集区'),
 ('989','340000','安徽省','340400','淮南市','340421','凤台县'),
 ('99','130000','河北省','130400','邯郸市','130433','馆陶县'),
 ('990','340000','安徽省','340400','淮南市','340422','寿县'),
 ('991','340000','安徽省','340500','马鞍山市','340502','金家庄区'),
 ('992','340000','安徽省','340500','马鞍山市','340503','花山区'),
 ('993','340000','安徽省','340500','马鞍山市','340504','雨山区'),
 ('994','340000','安徽省','340500','马鞍山市','340506','博望区'),
 ('995','340000','安徽省','340500','马鞍山市','340521','当涂县'),
 ('996','340000','安徽省','340500','马鞍山市','340522','含山县'),
 ('997','340000','安徽省','340500','马鞍山市','340523','和县'),
 ('998','340000','安徽省','340600','淮北市','340602','杜集区'),
 ('999','340000','安徽省','340600','淮北市','340603','相山区');
/*!40000 ALTER TABLE `dm_dq_qgxzqhssx` ENABLE KEYS */;


--
-- Definition of table `dm_gy_hsfs`
--

DROP TABLE IF EXISTS `dm_gy_hsfs`;
CREATE TABLE `dm_gy_hsfs` (
  `ID` varchar(32) NOT NULL,
  `HSFS_DM` varchar(5) DEFAULT NULL,
  `HSFSMC` varchar(100) DEFAULT NULL,
  `XYBZ` varchar(32) DEFAULT NULL,
  `YXBZ` varchar(32) DEFAULT NULL,
  `SJHSFS_DM` varchar(2) DEFAULT NULL,
  PRIMARY KEY (`ID`)
) ENGINE=InnoDB DEFAULT CHARSET=utf8;

--
-- Dumping data for table `dm_gy_hsfs`
--

/*!40000 ALTER TABLE `dm_gy_hsfs` DISABLE KEYS */;
INSERT INTO `dm_gy_hsfs` (`ID`,`HSFS_DM`,`HSFSMC`,`XYBZ`,`YXBZ`,`SJHSFS_DM`) VALUES 
 ('1','10','独立核算','N','Y',NULL),
 ('2','11','独立核算自负盈亏','Y','Y','10'),
 ('3','12','独立核算统负盈亏','Y','Y','10'),
 ('4','20','非独立核算','Y','Y',NULL),
 ('5','90','其他','Y','Y',NULL);
/*!40000 ALTER TABLE `dm_gy_hsfs` ENABLE KEYS */;


--
-- Definition of table `dm_gy_zsxm`
--

DROP TABLE IF EXISTS `dm_gy_zsxm`;
CREATE TABLE `dm_gy_zsxm` (
  `ID` varchar(32) NOT NULL,
  `ZSXMDM` varchar(20) DEFAULT NULL,
  `ZSXMMC` varchar(200) DEFAULT NULL,
  `ZSXMJC` varchar(200) DEFAULT NULL,
  `XYBZ` varchar(20) DEFAULT NULL,
  `YXBZ` varchar(20) DEFAULT NULL,
  `SJZSXM_DM` varchar(5) DEFAULT NULL,
  PRIMARY KEY (`ID`)
) ENGINE=InnoDB DEFAULT CHARSET=utf8;

--
-- Dumping data for table `dm_gy_zsxm`
--

/*!40000 ALTER TABLE `dm_gy_zsxm` DISABLE KEYS */;
INSERT INTO `dm_gy_zsxm` (`ID`,`ZSXMDM`,`ZSXMMC`,`ZSXMJC`,`XYBZ`,`YXBZ`,`SJZSXM_DM`) VALUES 
 ('1','10104','企业所得税','企业所得税','Y','Y','10100'),
 ('3','10113','土地增值税','土地增值税','Y','Y','10100'),
 ('4','10101','增值税','增值税','Y','Y','10100'),
 ('6','10103','营业税','营业税','Y','Y','10100'),
 ('7','10109','城市维护建设税','城市维护建设税','Y','Y','10100'),
 ('8','30203','教育费附加','教育费附加','Y','Y','30200'),
 ('9','30216','地方教育附加','地方教育附加','Y','Y','30200');
/*!40000 ALTER TABLE `dm_gy_zsxm` ENABLE KEYS */;


--
-- Definition of table `dm_hy_mdzx`
--

DROP TABLE IF EXISTS `dm_hy_mdzx`;
CREATE TABLE `dm_hy_mdzx` (
  `ID` varchar(32) NOT NULL,
  `HY_DM_ML` varchar(8) DEFAULT NULL,
  `HYMC_ML` varchar(120) DEFAULT NULL,
  `HY_DM_DL` varchar(8) DEFAULT NULL,
  `HYMC_DL` varchar(120) DEFAULT NULL,
  `HY_DM_ZL` varchar(8) DEFAULT NULL,
  `HYMC_ZL` varchar(120) DEFAULT NULL,
  `HY_DM_XL` varchar(8) DEFAULT NULL,
  `HYMC_XL` varchar(120) DEFAULT NULL,
  PRIMARY KEY (`ID`)
) ENGINE=InnoDB DEFAULT CHARSET=utf8;

--
-- Dumping data for table `dm_hy_mdzx`
--

/*!40000 ALTER TABLE `dm_hy_mdzx` DISABLE KEYS */;
INSERT INTO `dm_hy_mdzx` (`ID`,`HY_DM_ML`,`HYMC_ML`,`HY_DM_DL`,`HYMC_DL`,`HY_DM_ZL`,`HYMC_ZL`,`HY_DM_XL`,`HYMC_XL`) VALUES 
 ('1','B','采矿业','09','有色金属矿采选业','092','贵金属矿采选','0922','银矿采选'),
 ('10','B','采矿业','10','非金属矿采选业','101','土砂石开采','1019','粘土及其他土砂石开采'),
 ('100','C','制造业','17','纺织业','178','非家用纺织制成品制造','1783','纺织带和帘子布制造'),
 ('1000','P','教育','82','教育','823','中等教育','8235','成人高中教育'),
 ('1001','P','教育','82','教育','823','中等教育','8236','中等职业学校教育'),
 ('1002','P','教育','82','教育','824','高等教育','8241','普通高等教育'),
 ('1003','P','教育','82','教育','824','高等教育','8242','成人高等教育'),
 ('1004','P','教育','82','教育','825','特殊教育','8250','特殊教育'),
 ('1005','P','教育','82','教育','829','技能培训、教育辅助及其他教育','8291','职业技能培训'),
 ('1006','P','教育','82','教育','829','技能培训、教育辅助及其他教育','8292','体校及体育培训'),
 ('1007','P','教育','82','教育','829','技能培训、教育辅助及其他教育','8293','文化艺术培训'),
 ('1008','P','教育','82','教育','829','技能培训、教育辅助及其他教育','8294','教育辅助服务'),
 ('1009','P','教育','82','教育','829','技能培训、教育辅助及其他教育','8299','其他未列明教育'),
 ('101','C','制造业','17','纺织业','178','非家用纺织制成品制造','1784','篷、帆布制造'),
 ('1010','Q','卫生和社会工作','83','卫生','831','医院','8311','综合医院'),
 ('1011','Q','卫生和社会工作','83','卫生','831','医院','8312','中医医院'),
 ('1012','Q','卫生和社会工作','83','卫生','831','医院','8313','中西医结合医院'),
 ('1013','Q','卫生和社会工作','83','卫生','831','医院','8314','民族医院'),
 ('1014','Q','卫生和社会工作','83','卫生','831','医院','8315','专科医院'),
 ('1015','Q','卫生和社会工作','83','卫生','831','医院','8316','疗养院'),
 ('1016','Q','卫生和社会工作','83','卫生','832','社区医疗与卫生院','8321','社区卫生服务中心（站）'),
 ('1017','Q','卫生和社会工作','83','卫生','832','社区医疗与卫生院','8322','街道卫生院'),
 ('1018','Q','卫生和社会工作','83','卫生','832','社区医疗与卫生院','8323','乡镇卫生院'),
 ('1019','Q','卫生和社会工作','83','卫生','833','门诊部（所）','8330','门诊部（所）'),
 ('102','C','制造业','17','纺织业','178','非家用纺织制成品制造','1789','其他非家用纺织制成品制造'),
 ('1020','Q','卫生和社会工作','83','卫生','834','计划生育技术服务活动','8340','计划生育技术服务活动'),
 ('1021','Q','卫生和社会工作','83','卫生','835','妇幼保健院（所、站）','8350','妇幼保健院（所、站）'),
 ('1022','Q','卫生和社会工作','83','卫生','836','专科疾病防治院（所、站）','8360','专科疾病防治院（所、站）'),
 ('1023','Q','卫生和社会工作','83','卫生','837','疾病预防控制中心','8370','疾病预防控制中心'),
 ('1024','Q','卫生和社会工作','83','卫生','839','其他卫生活动','8390','其他卫生活动'),
 ('1025','Q','卫生和社会工作','84','社会工作','841','提供住宿社会工作','8411','干部休养所'),
 ('1026','Q','卫生和社会工作','84','社会工作','841','提供住宿社会工作','8412','护理机构服务'),
 ('1027','Q','卫生和社会工作','84','社会工作','841','提供住宿社会工作','8413','精神康复服务'),
 ('1028','Q','卫生和社会工作','84','社会工作','841','提供住宿社会工作','8414','老年人、残疾人养护服务'),
 ('1029','Q','卫生和社会工作','84','社会工作','841','提供住宿社会工作','8415','孤残儿童收养和庇护服务'),
 ('103','C','制造业','18','纺织服装、服饰业','181','机织服装制造','1810','机织服装制造'),
 ('1030','Q','卫生和社会工作','84','社会工作','841','提供住宿社会工作','8419','其他提供住宿社会救助'),
 ('1031','Q','卫生和社会工作','84','社会工作','842','不提供住宿社会工作','8421','社会看护与帮助服务'),
 ('1032','Q','卫生和社会工作','84','社会工作','842','不提供住宿社会工作','8429','其他不提供住宿社会工作'),
 ('1033','R','文化、体育和娱乐业','85','新闻和出版业','851','新闻业','8510','新闻业'),
 ('1034','R','文化、体育和娱乐业','85','新闻和出版业','852','出版业','8521','图书出版'),
 ('1035','R','文化、体育和娱乐业','85','新闻和出版业','852','出版业','8522','报纸出版'),
 ('1036','R','文化、体育和娱乐业','85','新闻和出版业','852','出版业','8523','期刊出版'),
 ('1037','R','文化、体育和娱乐业','85','新闻和出版业','852','出版业','8524','音像制品出版'),
 ('1038','R','文化、体育和娱乐业','85','新闻和出版业','852','出版业','8525','电子出版物出版'),
 ('1039','R','文化、体育和娱乐业','85','新闻和出版业','852','出版业','8529','其他出版业'),
 ('104','C','制造业','18','纺织服装、服饰业','182','针织或钩针编织服装制造','1820','针织或钩针编织服装制造'),
 ('1040','R','文化、体育和娱乐业','86','广播、电视、电影和影视录音制作业','861','广播','8610','广播'),
 ('1041','R','文化、体育和娱乐业','86','广播、电视、电影和影视录音制作业','862','电视','8620','电视'),
 ('1042','R','文化、体育和娱乐业','86','广播、电视、电影和影视录音制作业','863','电影和影视节目制作','8630','电影和影视节目制作'),
 ('1043','R','文化、体育和娱乐业','86','广播、电视、电影和影视录音制作业','864','电影和影视节目发行','8640','电影和影视节目发行'),
 ('1044','R','文化、体育和娱乐业','86','广播、电视、电影和影视录音制作业','865','电影放映','8650','电影放映'),
 ('1045','R','文化、体育和娱乐业','86','广播、电视、电影和影视录音制作业','866','录音制作','8660','录音制作'),
 ('1046','R','文化、体育和娱乐业','87','文化艺术业','871','文艺创作与表演','8710','文艺创作与表演'),
 ('1047','R','文化、体育和娱乐业','87','文化艺术业','872','艺术表演场馆','8720','艺术表演场馆'),
 ('1048','R','文化、体育和娱乐业','87','文化艺术业','873','图书馆与档案馆','8731','图书馆'),
 ('1049','R','文化、体育和娱乐业','87','文化艺术业','873','图书馆与档案馆','8732','档案馆'),
 ('105','C','制造业','18','纺织服装、服饰业','183','服饰制造','1830','服饰制造'),
 ('1050','R','文化、体育和娱乐业','87','文化艺术业','874','文物及非物质文化遗产保护','8740','文物及非物质文化遗产保护'),
 ('1051','R','文化、体育和娱乐业','87','文化艺术业','875','博物馆','8750','博物馆'),
 ('1052','R','文化、体育和娱乐业','87','文化艺术业','876','烈士陵园、纪念馆','8760','烈士陵园、纪念馆'),
 ('1053','R','文化、体育和娱乐业','87','文化艺术业','877','群众文化活动','8770','群众文化活动'),
 ('1054','R','文化、体育和娱乐业','87','文化艺术业','879','其他文化艺术业','8790','其他文化艺术业'),
 ('1055','R','文化、体育和娱乐业','88','体育','881','体育组织','8810','体育组织'),
 ('1056','R','文化、体育和娱乐业','88','体育','882','体育场馆','8820','体育场馆'),
 ('1057','R','文化、体育和娱乐业','88','体育','883','休闲健身活动','8830','休闲健身活动'),
 ('1058','R','文化、体育和娱乐业','88','体育','889','其他体育','8890','其他体育'),
 ('1059','R','文化、体育和娱乐业','89','娱乐业','891','室内娱乐活动','8911','歌舞厅娱乐活动'),
 ('106','C','制造业','19','皮革、毛皮、羽毛及其制品和制鞋业','191','皮革鞣制加工','1910','皮革鞣制加工'),
 ('1060','R','文化、体育和娱乐业','89','娱乐业','891','室内娱乐活动','8912','电子游艺厅娱乐活动'),
 ('1061','R','文化、体育和娱乐业','89','娱乐业','891','室内娱乐活动','8913','网吧活动'),
 ('1062','R','文化、体育和娱乐业','89','娱乐业','891','室内娱乐活动','8919','其他室内娱乐活动'),
 ('1063','R','文化、体育和娱乐业','89','娱乐业','892','游乐园','8920','游乐园'),
 ('1064','R','文化、体育和娱乐业','89','娱乐业','893','彩票活动','8930','彩票活动'),
 ('1065','R','文化、体育和娱乐业','89','娱乐业','894','文化、娱乐、体育经纪代理','8941','文化娱乐经纪人'),
 ('1066','R','文化、体育和娱乐业','89','娱乐业','894','文化、娱乐、体育经纪代理','8942','体育经纪人'),
 ('1067','R','文化、体育和娱乐业','89','娱乐业','894','文化、娱乐、体育经纪代理','8949','其他文化艺术经纪代理'),
 ('1068','R','文化、体育和娱乐业','89','娱乐业','899','其他娱乐业','8990','其他娱乐业'),
 ('1069','S','公共管理、社会保障和社会组织','90','中国共产党机关','900','中国共产党机关','9000','中国共产党机关'),
 ('107','C','制造业','19','皮革、毛皮、羽毛及其制品和制鞋业','192','皮革制品制造','1921','皮革服装制造'),
 ('1070','S','公共管理、社会保障和社会组织','91','国家机构','911','国家权力机构','9110','国家权力机构'),
 ('1071','S','公共管理、社会保障和社会组织','91','国家机构','912','国家行政机构','9121','综合事务管理机构'),
 ('1072','S','公共管理、社会保障和社会组织','91','国家机构','912','国家行政机构','9122','对外事务管理机构'),
 ('1073','S','公共管理、社会保障和社会组织','91','国家机构','912','国家行政机构','9123','公共安全管理机构'),
 ('1074','S','公共管理、社会保障和社会组织','91','国家机构','912','国家行政机构','9124','社会事务管理机构'),
 ('1075','S','公共管理、社会保障和社会组织','91','国家机构','912','国家行政机构','9125','经济事务管理机构'),
 ('1076','S','公共管理、社会保障和社会组织','91','国家机构','912','国家行政机构','9126','行政监督检查机构'),
 ('1077','S','公共管理、社会保障和社会组织','91','国家机构','913','人民法院和人民检察院','9131','人民法院'),
 ('1078','S','公共管理、社会保障和社会组织','91','国家机构','913','人民法院和人民检察院','9132','人民检察院'),
 ('1079','S','公共管理、社会保障和社会组织','91','国家机构','919','其他国家机构','9190','其他国家机构'),
 ('108','C','制造业','19','皮革、毛皮、羽毛及其制品和制鞋业','192','皮革制品制造','1922','皮箱、包（袋）制造'),
 ('1080','S','公共管理、社会保障和社会组织','92','人民政协、民主党派','921','人民政协','9210','人民政协'),
 ('1081','S','公共管理、社会保障和社会组织','92','人民政协、民主党派','922','民主党派','9220','民主党派'),
 ('1082','S','公共管理、社会保障和社会组织','93','社会保障','930','社会保障','9300','社会保障'),
 ('1083','S','公共管理、社会保障和社会组织','94','群众团体、社会团体和其他成员组织','941','群众团体','9411','工会'),
 ('1084','S','公共管理、社会保障和社会组织','94','群众团体、社会团体和其他成员组织','941','群众团体','9412','妇联'),
 ('1085','S','公共管理、社会保障和社会组织','94','群众团体、社会团体和其他成员组织','941','群众团体','9413','共青团'),
 ('1086','S','公共管理、社会保障和社会组织','94','群众团体、社会团体和其他成员组织','941','群众团体','9419','其他群众团体'),
 ('1087','S','公共管理、社会保障和社会组织','94','群众团体、社会团体和其他成员组织','942','社会团体','9421','专业性团体'),
 ('1088','S','公共管理、社会保障和社会组织','94','群众团体、社会团体和其他成员组织','942','社会团体','9422','行业性团体'),
 ('1089','S','公共管理、社会保障和社会组织','94','群众团体、社会团体和其他成员组织','942','社会团体','9429','其他社会团体'),
 ('109','C','制造业','19','皮革、毛皮、羽毛及其制品和制鞋业','192','皮革制品制造','1923','皮手套及皮装饰制品制造'),
 ('1090','S','公共管理、社会保障和社会组织','94','群众团体、社会团体和其他成员组织','943','基金会','9430','基金会'),
 ('1091','S','公共管理、社会保障和社会组织','94','群众团体、社会团体和其他成员组织','944','宗教组织','9440','宗教组织'),
 ('1092','S','公共管理、社会保障和社会组织','95','基层群众自治组织','951','社区自治组织','9510','社区自治组织'),
 ('1093','S','公共管理、社会保障和社会组织','95','基层群众自治组织','952','村民自治组织','9520','村民自治组织'),
 ('1094','T','国际组织','96','国际组织','960','国际组织','9600','国际组织'),
 ('1095','Z','税务管理特定行业','Z9','其他税务管理特定行业','Z99','个人纳税人','Z990','个人车购税纳税人'),
 ('11','B','采矿业','10','非金属矿采选业','102','化学矿开采','1020','化学矿开采'),
 ('110','C','制造业','19','皮革、毛皮、羽毛及其制品和制鞋业','192','皮革制品制造','1929','其他皮革制品制造'),
 ('111','C','制造业','19','皮革、毛皮、羽毛及其制品和制鞋业','193','毛皮鞣制及制品加工','1931','毛皮鞣制加工'),
 ('112','C','制造业','19','皮革、毛皮、羽毛及其制品和制鞋业','193','毛皮鞣制及制品加工','1932','毛皮服装加工'),
 ('113','C','制造业','19','皮革、毛皮、羽毛及其制品和制鞋业','193','毛皮鞣制及制品加工','1939','其他毛皮制品加工'),
 ('114','C','制造业','19','皮革、毛皮、羽毛及其制品和制鞋业','194','羽毛(绒)加工及制品制造','1941','羽毛（绒）加工'),
 ('115','C','制造业','19','皮革、毛皮、羽毛及其制品和制鞋业','194','羽毛(绒)加工及制品制造','1942','羽毛（绒）制品加工'),
 ('116','C','制造业','19','皮革、毛皮、羽毛及其制品和制鞋业','195','制鞋业','1951','纺织面料鞋制造'),
 ('117','C','制造业','19','皮革、毛皮、羽毛及其制品和制鞋业','195','制鞋业','1952','皮鞋制造'),
 ('118','C','制造业','19','皮革、毛皮、羽毛及其制品和制鞋业','195','制鞋业','1953','塑料鞋制造'),
 ('119','C','制造业','19','皮革、毛皮、羽毛及其制品和制鞋业','195','制鞋业','1954','橡胶鞋制造'),
 ('12','B','采矿业','10','非金属矿采选业','103','采盐','1030','采盐'),
 ('120','C','制造业','19','皮革、毛皮、羽毛及其制品和制鞋业','195','制鞋业','1959','其他制鞋业'),
 ('121','C','制造业','20','木材加工和木、竹、藤、棕、草制品业','201','木材加工','2011','锯材加工'),
 ('122','C','制造业','20','木材加工和木、竹、藤、棕、草制品业','201','木材加工','2012','木片加工'),
 ('123','C','制造业','20','木材加工和木、竹、藤、棕、草制品业','201','木材加工','2013','单板加工'),
 ('124','C','制造业','20','木材加工和木、竹、藤、棕、草制品业','201','木材加工','2019','其他木材加工'),
 ('125','C','制造业','20','木材加工和木、竹、藤、棕、草制品业','202','人造板制造','2021','胶合板制造'),
 ('126','C','制造业','20','木材加工和木、竹、藤、棕、草制品业','202','人造板制造','2022','纤维板制造'),
 ('127','C','制造业','20','木材加工和木、竹、藤、棕、草制品业','202','人造板制造','2023','刨花板制造'),
 ('128','C','制造业','20','木材加工和木、竹、藤、棕、草制品业','202','人造板制造','2029','其他人造板制造'),
 ('129','C','制造业','20','木材加工和木、竹、藤、棕、草制品业','203','木制品制造','2031','建筑用木料及木材组件加工'),
 ('13','B','采矿业','10','非金属矿采选业','109','石棉及其他非金属矿采选','1091','石棉、云母矿采选'),
 ('130','C','制造业','20','木材加工和木、竹、藤、棕、草制品业','203','木制品制造','2032','木门窗、楼梯制造'),
 ('131','C','制造业','20','木材加工和木、竹、藤、棕、草制品业','203','木制品制造','2033','地板制造'),
 ('132','C','制造业','20','木材加工和木、竹、藤、棕、草制品业','203','木制品制造','2034','木制容器制造'),
 ('133','C','制造业','20','木材加工和木、竹、藤、棕、草制品业','203','木制品制造','2039','软木制品及其他木制品制造'),
 ('134','C','制造业','20','木材加工和木、竹、藤、棕、草制品业','204','竹、藤、棕、草等制品制造','2041','竹制品制造'),
 ('135','C','制造业','20','木材加工和木、竹、藤、棕、草制品业','204','竹、藤、棕、草等制品制造','2042','藤制品制造'),
 ('136','C','制造业','20','木材加工和木、竹、藤、棕、草制品业','204','竹、藤、棕、草等制品制造','2043','棕制品制造'),
 ('137','C','制造业','20','木材加工和木、竹、藤、棕、草制品业','204','竹、藤、棕、草等制品制造','2049','草及其他制品制造'),
 ('138','C','制造业','21','家具制造业','211','木质家具制造','2110','木质家具制造'),
 ('139','C','制造业','21','家具制造业','212','竹、藤家具制造','2120','竹、藤家具制造'),
 ('14','B','采矿业','10','非金属矿采选业','109','石棉及其他非金属矿采选','1092','石墨、滑石采选'),
 ('140','C','制造业','21','家具制造业','213','金属家具制造','2130','金属家具制造'),
 ('141','C','制造业','21','家具制造业','214','塑料家具制造','2140','塑料家具制造'),
 ('142','C','制造业','21','家具制造业','219','其他家具制造','2190','其他家具制造'),
 ('143','C','制造业','22','造纸和纸制品业','221','纸浆制造','2211','木竹浆制造'),
 ('144','C','制造业','22','造纸和纸制品业','221','纸浆制造','2212','非木竹浆制造'),
 ('145','C','制造业','22','造纸和纸制品业','222','造纸','2221','机制纸及纸板制造'),
 ('146','C','制造业','22','造纸和纸制品业','222','造纸','2222','手工纸制造'),
 ('147','C','制造业','22','造纸和纸制品业','222','造纸','2223','加工纸制造'),
 ('148','C','制造业','22','造纸和纸制品业','223','纸制品制造','2231','纸和纸板容器制造'),
 ('149','C','制造业','22','造纸和纸制品业','223','纸制品制造','2239','其他纸制品制造'),
 ('15','B','采矿业','10','非金属矿采选业','109','石棉及其他非金属矿采选','1093','宝石、玉石采选'),
 ('150','C','制造业','23','印刷和记录媒介复制业','231','印刷','2311','书、报刊印刷'),
 ('151','C','制造业','23','印刷和记录媒介复制业','231','印刷','2312','本册印制'),
 ('152','C','制造业','23','印刷和记录媒介复制业','231','印刷','2319','包装装潢及其他印刷'),
 ('153','C','制造业','23','印刷和记录媒介复制业','232','装订及印刷相关服务','2320','装订及印刷相关服务'),
 ('154','C','制造业','23','印刷和记录媒介复制业','233','记录媒介复制','2330','记录媒介复制'),
 ('155','C','制造业','24','文教、工美、体育和娱乐用品制造业','241','文教办公用品制造','2411','文具制造'),
 ('156','C','制造业','24','文教、工美、体育和娱乐用品制造业','241','文教办公用品制造','2412','笔的制造'),
 ('157','C','制造业','24','文教、工美、体育和娱乐用品制造业','241','文教办公用品制造','2413','教学用模型及教具制造'),
 ('158','C','制造业','24','文教、工美、体育和娱乐用品制造业','241','文教办公用品制造','2414','墨水、墨汁制造'),
 ('159','C','制造业','24','文教、工美、体育和娱乐用品制造业','241','文教办公用品制造','2419','其他文教办公用品制造'),
 ('16','B','采矿业','10','非金属矿采选业','109','石棉及其他非金属矿采选','1099','其他未列明非金属矿采选'),
 ('160','C','制造业','24','文教、工美、体育和娱乐用品制造业','242','乐器制造','2421','中乐器制造'),
 ('161','C','制造业','24','文教、工美、体育和娱乐用品制造业','242','乐器制造','2422','西乐器制造'),
 ('162','C','制造业','24','文教、工美、体育和娱乐用品制造业','242','乐器制造','2423','电子乐器制造'),
 ('163','C','制造业','24','文教、工美、体育和娱乐用品制造业','242','乐器制造','2429','其他乐器及零件制造'),
 ('164','C','制造业','24','文教、工美、体育和娱乐用品制造业','243','工艺美术品制造','2431','雕塑工艺品制造'),
 ('165','C','制造业','24','文教、工美、体育和娱乐用品制造业','243','工艺美术品制造','2432','金属工艺品制造'),
 ('166','C','制造业','24','文教、工美、体育和娱乐用品制造业','243','工艺美术品制造','2433','漆器工艺品制造'),
 ('167','C','制造业','24','文教、工美、体育和娱乐用品制造业','243','工艺美术品制造','2434','花画工艺品制造'),
 ('168','C','制造业','24','文教、工美、体育和娱乐用品制造业','243','工艺美术品制造','2435','天然植物纤维编织工艺品制造'),
 ('169','C','制造业','24','文教、工美、体育和娱乐用品制造业','243','工艺美术品制造','2436','抽纱刺绣工艺品制造'),
 ('17','B','采矿业','11','开采辅助活动','111','煤炭开采和洗选辅助活动','1110','煤炭开采和洗选辅助活动'),
 ('170','C','制造业','24','文教、工美、体育和娱乐用品制造业','243','工艺美术品制造','2437','地毯、挂毯制造'),
 ('171','C','制造业','24','文教、工美、体育和娱乐用品制造业','243','工艺美术品制造','2438','珠宝首饰及有关物品制造'),
 ('172','C','制造业','24','文教、工美、体育和娱乐用品制造业','243','工艺美术品制造','2439','其他工艺美术品制造'),
 ('173','C','制造业','24','文教、工美、体育和娱乐用品制造业','244','体育用品制造','2441','球类制造'),
 ('174','C','制造业','24','文教、工美、体育和娱乐用品制造业','244','体育用品制造','2442','体育器材及配件制造'),
 ('175','C','制造业','24','文教、工美、体育和娱乐用品制造业','244','体育用品制造','2443','训练健身器材制造'),
 ('176','C','制造业','24','文教、工美、体育和娱乐用品制造业','244','体育用品制造','2444','运动防护用具制造'),
 ('177','C','制造业','24','文教、工美、体育和娱乐用品制造业','244','体育用品制造','2449','其他体育用品制造'),
 ('178','C','制造业','24','文教、工美、体育和娱乐用品制造业','245','玩具制造','2450','玩具制造'),
 ('179','C','制造业','24','文教、工美、体育和娱乐用品制造业','246','游艺器材及娱乐用品制造','2461','露天游乐场所游乐设备制造'),
 ('18','B','采矿业','11','开采辅助活动','112','石油和天然气开采辅助活动','1120','石油和天然气开采辅助活动'),
 ('180','C','制造业','24','文教、工美、体育和娱乐用品制造业','246','游艺器材及娱乐用品制造','2462','游艺用品及室内游艺器材制造'),
 ('181','C','制造业','24','文教、工美、体育和娱乐用品制造业','246','游艺器材及娱乐用品制造','2469','其他娱乐用品制造'),
 ('182','C','制造业','25','石油加工、炼焦和核燃料加工业','251','精炼石油产品制造','2511','原油加工及石油制品制造'),
 ('183','C','制造业','25','石油加工、炼焦和核燃料加工业','251','精炼石油产品制造','2512','人造原油制造'),
 ('184','C','制造业','25','石油加工、炼焦和核燃料加工业','252','炼焦','2520','炼焦'),
 ('185','C','制造业','25','石油加工、炼焦和核燃料加工业','253','核燃料加工','2530','核燃料加工'),
 ('186','C','制造业','26','化学原料和化学制品制造业','261','基础化学原料制造','2611','无机酸制造'),
 ('187','C','制造业','26','化学原料和化学制品制造业','261','基础化学原料制造','2612','无机碱制造'),
 ('188','C','制造业','26','化学原料和化学制品制造业','261','基础化学原料制造','2613','无机盐制造'),
 ('189','C','制造业','26','化学原料和化学制品制造业','261','基础化学原料制造','2614','有机化学原料制造'),
 ('19','B','采矿业','11','开采辅助活动','119','其他开采辅助活动','1190','其他开采辅助活动'),
 ('190','C','制造业','26','化学原料和化学制品制造业','261','基础化学原料制造','2619','其他基础化学原料制造'),
 ('191','C','制造业','26','化学原料和化学制品制造业','262','肥料制造','2621','氮肥制造'),
 ('192','C','制造业','26','化学原料和化学制品制造业','262','肥料制造','2622','磷肥制造'),
 ('193','C','制造业','26','化学原料和化学制品制造业','262','肥料制造','2623','钾肥制造'),
 ('194','C','制造业','26','化学原料和化学制品制造业','262','肥料制造','2624','复混肥料制造'),
 ('195','C','制造业','26','化学原料和化学制品制造业','262','肥料制造','2625','有机肥料及微生物肥料制造'),
 ('196','C','制造业','26','化学原料和化学制品制造业','262','肥料制造','2629','其他肥料制造'),
 ('197','C','制造业','26','化学原料和化学制品制造业','263','农药制造','2631','化学农药制造'),
 ('198','C','制造业','26','化学原料和化学制品制造业','263','农药制造','2632','生物化学农药及微生物农药制造'),
 ('199','C','制造业','26','化学原料和化学制品制造业','264','涂料、油墨、颜料及类似产品制造','2641','涂料制造'),
 ('2','B','采矿业','09','有色金属矿采选业','092','贵金属矿采选','0929','其他贵金属矿采选'),
 ('20','B','采矿业','12','其他采矿业','120','其他采矿业','1200','其他采矿业'),
 ('200','C','制造业','26','化学原料和化学制品制造业','264','涂料、油墨、颜料及类似产品制造','2642','油墨及类似产品制造'),
 ('201','C','制造业','26','化学原料和化学制品制造业','264','涂料、油墨、颜料及类似产品制造','2643','颜料制造'),
 ('202','C','制造业','26','化学原料和化学制品制造业','264','涂料、油墨、颜料及类似产品制造','2644','染料制造'),
 ('203','C','制造业','26','化学原料和化学制品制造业','264','涂料、油墨、颜料及类似产品制造','2645','密封用填料及类似品制造'),
 ('204','C','制造业','26','化学原料和化学制品制造业','265','合成材料制造','2651','初级形态塑料及合成树脂制造'),
 ('205','C','制造业','26','化学原料和化学制品制造业','265','合成材料制造','2652','合成橡胶制造'),
 ('206','C','制造业','26','化学原料和化学制品制造业','265','合成材料制造','2653','合成纤维单（聚合）体制造'),
 ('207','C','制造业','26','化学原料和化学制品制造业','265','合成材料制造','2659','其他合成材料制造'),
 ('208','C','制造业','26','化学原料和化学制品制造业','266','专用化学产品制造','2661','化学试剂和助剂制造'),
 ('209','C','制造业','26','化学原料和化学制品制造业','266','专用化学产品制造','2662','专项化学用品制造'),
 ('21','C','制造业','13','农副食品加工业','131','谷物磨制','1310','谷物磨制'),
 ('210','C','制造业','26','化学原料和化学制品制造业','266','专用化学产品制造','2663','林产化学产品制造'),
 ('211','C','制造业','26','化学原料和化学制品制造业','266','专用化学产品制造','2664','信息化学品制造'),
 ('212','C','制造业','26','化学原料和化学制品制造业','266','专用化学产品制造','2665','环境污染处理专用药剂材料制造'),
 ('213','C','制造业','26','化学原料和化学制品制造业','266','专用化学产品制造','2666','动物胶制造'),
 ('214','C','制造业','26','化学原料和化学制品制造业','266','专用化学产品制造','2669','其他专用化学产品制造'),
 ('215','C','制造业','26','化学原料和化学制品制造业','267','炸药、火工及焰火产品制造','2671','炸药及火工产品制造'),
 ('216','C','制造业','26','化学原料和化学制品制造业','267','炸药、火工及焰火产品制造','2672','焰火、鞭炮产品制造'),
 ('217','C','制造业','26','化学原料和化学制品制造业','268','日用化学产品制造','2681','肥皂及合成洗涤剂制造'),
 ('218','C','制造业','26','化学原料和化学制品制造业','268','日用化学产品制造','2682','化妆品制造'),
 ('219','C','制造业','26','化学原料和化学制品制造业','268','日用化学产品制造','2683','口腔清洁用品制造'),
 ('22','C','制造业','13','农副食品加工业','132','饲料加工','1320','饲料加工'),
 ('220','C','制造业','26','化学原料和化学制品制造业','268','日用化学产品制造','2684','香料、香精制造'),
 ('221','C','制造业','26','化学原料和化学制品制造业','268','日用化学产品制造','2689','其他日用化学产品制造'),
 ('222','C','制造业','27','医药制造业','271','化学药品原料药制造','2710','化学药品原料药制造'),
 ('223','C','制造业','27','医药制造业','272','化学药品制剂制造','2720','化学药品制剂制造'),
 ('224','C','制造业','27','医药制造业','273','中药饮片加工','2730','中药饮片加工'),
 ('225','C','制造业','27','医药制造业','274','中成药生产','2740','中成药生产'),
 ('226','C','制造业','27','医药制造业','275','兽用药品制造','2750','兽用药品制造'),
 ('227','C','制造业','27','医药制造业','276','生物药品制造','2760','生物药品制造'),
 ('228','C','制造业','27','医药制造业','277','卫生材料及医药用品制造','2770','卫生材料及医药用品制造'),
 ('229','C','制造业','28','化学纤维制造业','281','纤维素纤维原料及纤维制造','2811','化纤浆粕制造'),
 ('23','C','制造业','13','农副食品加工业','133','植物油加工','1331','食用植物油加工'),
 ('230','C','制造业','28','化学纤维制造业','281','纤维素纤维原料及纤维制造','2812','人造纤维（纤维素纤维）制造'),
 ('231','C','制造业','28','化学纤维制造业','282','合成纤维制造','2821','锦纶纤维制造'),
 ('232','C','制造业','28','化学纤维制造业','282','合成纤维制造','2822','涤纶纤维制造'),
 ('233','C','制造业','28','化学纤维制造业','282','合成纤维制造','2823','腈纶纤维制造'),
 ('234','C','制造业','28','化学纤维制造业','282','合成纤维制造','2824','维纶纤维制造'),
 ('235','C','制造业','28','化学纤维制造业','282','合成纤维制造','2825','丙纶纤维制造'),
 ('236','C','制造业','28','化学纤维制造业','282','合成纤维制造','2826','氨纶纤维制造'),
 ('237','C','制造业','28','化学纤维制造业','282','合成纤维制造','2829','其他合成纤维制造'),
 ('238','C','制造业','29','橡胶和塑料制品业','291','橡胶制品业','2911','轮胎制造'),
 ('239','C','制造业','29','橡胶和塑料制品业','291','橡胶制品业','2912','橡胶板、管、带制造'),
 ('24','C','制造业','13','农副食品加工业','133','植物油加工','1332','非食用植物油加工'),
 ('240','C','制造业','29','橡胶和塑料制品业','291','橡胶制品业','2913','橡胶零件制造'),
 ('241','C','制造业','29','橡胶和塑料制品业','291','橡胶制品业','2914','再生橡胶制造'),
 ('242','C','制造业','29','橡胶和塑料制品业','291','橡胶制品业','2915','日用及医用橡胶制品制造'),
 ('243','C','制造业','29','橡胶和塑料制品业','291','橡胶制品业','2919','其他橡胶制品制造'),
 ('244','C','制造业','29','橡胶和塑料制品业','292','塑料制品业','2921','塑料薄膜制造'),
 ('245','C','制造业','29','橡胶和塑料制品业','292','塑料制品业','2922','塑料板、管、型材制造'),
 ('246','C','制造业','29','橡胶和塑料制品业','292','塑料制品业','2923','塑料丝、绳及编织品制造'),
 ('247','C','制造业','29','橡胶和塑料制品业','292','塑料制品业','2924','泡沫塑料制造'),
 ('248','C','制造业','29','橡胶和塑料制品业','292','塑料制品业','2925','塑料人造革、合成革制造'),
 ('249','C','制造业','29','橡胶和塑料制品业','292','塑料制品业','2926','塑料包装箱及容器制造'),
 ('25','C','制造业','13','农副食品加工业','134','制糖业','1340','制糖业'),
 ('250','C','制造业','29','橡胶和塑料制品业','292','塑料制品业','2927','日用塑料制品制造'),
 ('251','C','制造业','29','橡胶和塑料制品业','292','塑料制品业','2928','塑料零件制造'),
 ('252','C','制造业','29','橡胶和塑料制品业','292','塑料制品业','2929','其他塑料制品制造'),
 ('253','C','制造业','30','非金属矿物制品业','301','水泥、石灰和石膏制造','3011','水泥制造'),
 ('254','C','制造业','30','非金属矿物制品业','301','水泥、石灰和石膏制造','3012','石灰和石膏制造'),
 ('255','C','制造业','30','非金属矿物制品业','302','石膏、水泥制品及类似制品制造','3021','水泥制品制造'),
 ('256','C','制造业','30','非金属矿物制品业','302','石膏、水泥制品及类似制品制造','3022','砼结构构件制造'),
 ('257','C','制造业','30','非金属矿物制品业','302','石膏、水泥制品及类似制品制造','3023','石棉水泥制品制造'),
 ('258','C','制造业','30','非金属矿物制品业','302','石膏、水泥制品及类似制品制造','3024','轻质建筑材料制造'),
 ('259','C','制造业','30','非金属矿物制品业','302','石膏、水泥制品及类似制品制造','3029','其他水泥类似制品制造'),
 ('26','C','制造业','13','农副食品加工业','135','屠宰及肉类加工','1351','牲畜屠宰'),
 ('260','C','制造业','30','非金属矿物制品业','303','砖瓦、石材等建筑材料制造','3031','粘土砖瓦及建筑砌块制造'),
 ('261','C','制造业','30','非金属矿物制品业','303','砖瓦、石材等建筑材料制造','3032','建筑陶瓷制品制造'),
 ('262','C','制造业','30','非金属矿物制品业','303','砖瓦、石材等建筑材料制造','3033','建筑用石加工'),
 ('263','C','制造业','30','非金属矿物制品业','303','砖瓦、石材等建筑材料制造','3034','防水建筑材料制造'),
 ('264','C','制造业','30','非金属矿物制品业','303','砖瓦、石材等建筑材料制造','3035','隔热和隔音材料制造'),
 ('265','C','制造业','30','非金属矿物制品业','303','砖瓦、石材等建筑材料制造','3039','其他建筑材料制造'),
 ('266','C','制造业','30','非金属矿物制品业','304','玻璃制造','3041','平板玻璃制造'),
 ('267','C','制造业','30','非金属矿物制品业','304','玻璃制造','3049','其他玻璃制造'),
 ('268','C','制造业','30','非金属矿物制品业','305','玻璃制品制造','3051','技术玻璃制品制造'),
 ('269','C','制造业','30','非金属矿物制品业','305','玻璃制品制造','3052','光学玻璃制造'),
 ('27','C','制造业','13','农副食品加工业','135','屠宰及肉类加工','1352','禽类屠宰'),
 ('270','C','制造业','30','非金属矿物制品业','305','玻璃制品制造','3053','玻璃仪器制造'),
 ('271','C','制造业','30','非金属矿物制品业','305','玻璃制品制造','3054','日用玻璃制品制造'),
 ('272','C','制造业','30','非金属矿物制品业','305','玻璃制品制造','3055','玻璃包装容器制造'),
 ('273','C','制造业','30','非金属矿物制品业','305','玻璃制品制造','3056','玻璃保温容器制造'),
 ('274','C','制造业','30','非金属矿物制品业','305','玻璃制品制造','3057','制镜及类似品加工'),
 ('275','C','制造业','30','非金属矿物制品业','305','玻璃制品制造','3059','其他玻璃制品制造'),
 ('276','C','制造业','30','非金属矿物制品业','306','玻璃纤维和玻璃纤维增强塑料制品制造','3061','玻璃纤维及制品制造'),
 ('277','C','制造业','30','非金属矿物制品业','306','玻璃纤维和玻璃纤维增强塑料制品制造','3062','玻璃纤维增强塑料制品制造'),
 ('278','C','制造业','30','非金属矿物制品业','307','陶瓷制品制造','3071','卫生陶瓷制品制造'),
 ('279','A','农、林、牧、渔业','01','农业','011','谷物种植','0111','稻谷种植'),
 ('28','C','制造业','13','农副食品加工业','135','屠宰及肉类加工','1353','肉制品及副产品加工'),
 ('280','A','农、林、牧、渔业','01','农业','011','谷物种植','0112','小麦种植'),
 ('281','A','农、林、牧、渔业','01','农业','011','谷物种植','0113','玉米种植'),
 ('282','A','农、林、牧、渔业','01','农业','011','谷物种植','0119','其他谷物种植'),
 ('283','A','农、林、牧、渔业','01','农业','012','豆类、油料和薯类种植','0121','豆类种植'),
 ('284','A','农、林、牧、渔业','01','农业','012','豆类、油料和薯类种植','0122','油料种植'),
 ('285','A','农、林、牧、渔业','01','农业','012','豆类、油料和薯类种植','0123','薯类种植'),
 ('286','A','农、林、牧、渔业','01','农业','013','棉、麻、糖、烟草种植','0131','棉花种植'),
 ('287','A','农、林、牧、渔业','01','农业','013','棉、麻、糖、烟草种植','0132','麻类种植'),
 ('288','A','农、林、牧、渔业','01','农业','013','棉、麻、糖、烟草种植','0133','糖料种植'),
 ('289','A','农、林、牧、渔业','01','农业','013','棉、麻、糖、烟草种植','0134','烟草种植'),
 ('29','C','制造业','13','农副食品加工业','136','水产品加工','1361','水产品冷冻加工'),
 ('290','A','农、林、牧、渔业','01','农业','014','蔬菜、食用菌及园艺作物种植','0141','蔬菜种植'),
 ('291','A','农、林、牧、渔业','01','农业','014','蔬菜、食用菌及园艺作物种植','0142','食用菌种植'),
 ('292','A','农、林、牧、渔业','01','农业','014','蔬菜、食用菌及园艺作物种植','0143','花卉种植'),
 ('293','A','农、林、牧、渔业','01','农业','014','蔬菜、食用菌及园艺作物种植','0149','其他园艺作物种植'),
 ('294','A','农、林、牧、渔业','01','农业','015','水果种植','0151','仁果类和核果类水果种植'),
 ('295','A','农、林、牧、渔业','01','农业','015','水果种植','0152','葡萄种植'),
 ('296','A','农、林、牧、渔业','01','农业','015','水果种植','0153','柑橘类种植'),
 ('297','A','农、林、牧、渔业','01','农业','015','水果种植','0154','香蕉等亚热带水果种植'),
 ('298','A','农、林、牧、渔业','01','农业','015','水果种植','0159','其他水果种植'),
 ('299','A','农、林、牧、渔业','01','农业','016','坚果、含油果、香料和饮料作物种植','0161','坚果种植'),
 ('3','B','采矿业','09','有色金属矿采选业','093','稀有稀土金属矿采选','0931','钨钼矿采选'),
 ('30','C','制造业','13','农副食品加工业','136','水产品加工','1362','鱼糜制品及水产品干腌制加工'),
 ('300','A','农、林、牧、渔业','01','农业','016','坚果、含油果、香料和饮料作物种植','0162','含油果种植'),
 ('301','A','农、林、牧、渔业','01','农业','016','坚果、含油果、香料和饮料作物种植','0163','香料作物种植'),
 ('302','A','农、林、牧、渔业','01','农业','016','坚果、含油果、香料和饮料作物种植','0169','茶及其他饮料作物种植'),
 ('303','A','农、林、牧、渔业','01','农业','017','中药材种植','0170','中药材种植'),
 ('304','A','农、林、牧、渔业','01','农业','019','其他农业','0190','其他农业'),
 ('305','A','农、林、牧、渔业','02','林业','021','林木育种和育苗','0211','林木育种'),
 ('306','A','农、林、牧、渔业','02','林业','021','林木育种和育苗','0212','林木育苗'),
 ('307','A','农、林、牧、渔业','02','林业','022','造林和更新','0220','造林和更新'),
 ('308','A','农、林、牧、渔业','02','林业','023','森林经营和管护','0230','森林经营和管护'),
 ('309','A','农、林、牧、渔业','02','林业','024','木材和竹材采运','0241','木材采运'),
 ('31','C','制造业','13','农副食品加工业','136','水产品加工','1363','水产饲料制造'),
 ('310','A','农、林、牧、渔业','02','林业','024','木材和竹材采运','0242','竹材采运'),
 ('311','A','农、林、牧、渔业','02','林业','025','林产品采集','0251','木竹材林产品采集'),
 ('312','A','农、林、牧、渔业','02','林业','025','林产品采集','0252','非木竹材林产品采集'),
 ('313','A','农、林、牧、渔业','03','畜牧业','031','牲畜饲养','0311','牛的饲养'),
 ('314','A','农、林、牧、渔业','03','畜牧业','031','牲畜饲养','0312','马的饲养'),
 ('315','A','农、林、牧、渔业','03','畜牧业','031','牲畜饲养','0313','猪的饲养'),
 ('316','A','农、林、牧、渔业','03','畜牧业','031','牲畜饲养','0314','羊的饲养'),
 ('317','A','农、林、牧、渔业','03','畜牧业','031','牲畜饲养','0315','骆驼饲养'),
 ('318','A','农、林、牧、渔业','03','畜牧业','031','牲畜饲养','0319','其他牲畜饲养'),
 ('319','A','农、林、牧、渔业','03','畜牧业','032','家禽饲养','0321','鸡的饲养'),
 ('32','C','制造业','13','农副食品加工业','136','水产品加工','1364','鱼油提取及制品制造'),
 ('320','A','农、林、牧、渔业','03','畜牧业','032','家禽饲养','0322','鸭的饲养'),
 ('321','A','农、林、牧、渔业','03','畜牧业','032','家禽饲养','0323','鹅的饲养'),
 ('322','A','农、林、牧、渔业','03','畜牧业','032','家禽饲养','0329','其他家禽饲养'),
 ('323','A','农、林、牧、渔业','03','畜牧业','033','狩猎和捕捉动物','0330','狩猎和捕捉动物'),
 ('324','A','农、林、牧、渔业','03','畜牧业','039','其他畜牧业','0390','其他畜牧业'),
 ('325','A','农、林、牧、渔业','04','渔业','041','水产养殖','0411','海水养殖'),
 ('326','A','农、林、牧、渔业','04','渔业','041','水产养殖','0412','内陆养殖'),
 ('327','A','农、林、牧、渔业','04','渔业','042','水产捕捞','0421','海水捕捞'),
 ('328','A','农、林、牧、渔业','04','渔业','042','水产捕捞','0422','内陆捕捞'),
 ('329','A','农、林、牧、渔业','05','农、林、牧、渔服务业','051','农业服务业','0511','农业机械服务'),
 ('33','C','制造业','13','农副食品加工业','136','水产品加工','1369','其他水产品加工'),
 ('330','A','农、林、牧、渔业','05','农、林、牧、渔服务业','051','农业服务业','0512','灌溉服务'),
 ('331','A','农、林、牧、渔业','05','农、林、牧、渔服务业','051','农业服务业','0513','农产品初加工服务'),
 ('332','A','农、林、牧、渔业','05','农、林、牧、渔服务业','051','农业服务业','0519','其他农业服务'),
 ('333','A','农、林、牧、渔业','05','农、林、牧、渔服务业','052','林业服务业','0521','林业有害生物防治服务'),
 ('334','A','农、林、牧、渔业','05','农、林、牧、渔服务业','052','林业服务业','0522','森林防火服务'),
 ('335','A','农、林、牧、渔业','05','农、林、牧、渔服务业','052','林业服务业','0523','林产品初级加工服务'),
 ('336','A','农、林、牧、渔业','05','农、林、牧、渔服务业','052','林业服务业','0529','其他林业服务'),
 ('337','A','农、林、牧、渔业','05','农、林、牧、渔服务业','053','畜牧服务业','0530','畜牧服务业'),
 ('338','A','农、林、牧、渔业','05','农、林、牧、渔服务业','054','渔业服务业','0540','渔业服务业'),
 ('339','B','采矿业','06','煤炭开采和洗选业','061','烟煤和无烟煤开采洗选','0610','烟煤和无烟煤开采洗选'),
 ('34','C','制造业','13','农副食品加工业','137','蔬菜、水果和坚果加工','1371','蔬菜加工'),
 ('340','B','采矿业','06','煤炭开采和洗选业','062','褐煤开采洗选','0620','褐煤开采洗选'),
 ('341','B','采矿业','06','煤炭开采和洗选业','069','其他煤炭采选','0690','其他煤炭采选'),
 ('342','B','采矿业','07','石油和天然气开采业','071','石油开采','0710','石油开采'),
 ('343','B','采矿业','07','石油和天然气开采业','072','天然气开采','0720','天然气开采'),
 ('344','B','采矿业','08','黑色金属矿采选业','081','铁矿采选','0810','铁矿采选'),
 ('345','B','采矿业','08','黑色金属矿采选业','082','锰矿、铬矿采选','0820','锰矿、铬矿采选'),
 ('346','B','采矿业','08','黑色金属矿采选业','089','其他黑色金属矿采选','0890','其他黑色金属矿采选'),
 ('347','B','采矿业','09','有色金属矿采选业','091','常用有色金属矿采选','0911','铜矿采选'),
 ('348','B','采矿业','09','有色金属矿采选业','091','常用有色金属矿采选','0912','铅锌矿采选'),
 ('349','B','采矿业','09','有色金属矿采选业','091','常用有色金属矿采选','0913','镍钴矿采选'),
 ('35','C','制造业','13','农副食品加工业','137','蔬菜、水果和坚果加工','1372','水果和坚果加工'),
 ('350','B','采矿业','09','有色金属矿采选业','091','常用有色金属矿采选','0914','锡矿采选'),
 ('351','B','采矿业','09','有色金属矿采选业','091','常用有色金属矿采选','0915','锑矿采选'),
 ('352','B','采矿业','09','有色金属矿采选业','091','常用有色金属矿采选','0916','铝矿采选'),
 ('353','B','采矿业','09','有色金属矿采选业','091','常用有色金属矿采选','0917','镁矿采选'),
 ('354','B','采矿业','09','有色金属矿采选业','091','常用有色金属矿采选','0919','其他常用有色金属矿采选'),
 ('355','B','采矿业','09','有色金属矿采选业','092','贵金属矿采选','0921','金矿采选'),
 ('356','C','制造业','30','非金属矿物制品业','307','陶瓷制品制造','3072','特种陶瓷制品制造'),
 ('357','C','制造业','30','非金属矿物制品业','307','陶瓷制品制造','3073','日用陶瓷制品制造'),
 ('358','C','制造业','30','非金属矿物制品业','307','陶瓷制品制造','3079','园林、陈设艺术及其他陶瓷制品制造'),
 ('359','C','制造业','30','非金属矿物制品业','308','耐火材料制品制造','3081','石棉制品制造'),
 ('36','C','制造业','13','农副食品加工业','139','其他农副食品加工','1391','淀粉及淀粉制品制造'),
 ('360','C','制造业','30','非金属矿物制品业','308','耐火材料制品制造','3082','云母制品制造'),
 ('361','C','制造业','30','非金属矿物制品业','308','耐火材料制品制造','3089','耐火陶瓷制品及其他耐火材料制造'),
 ('362','C','制造业','30','非金属矿物制品业','309','石墨及其他非金属矿物制品制造','3091','石墨及碳素制品制造'),
 ('363','C','制造业','30','非金属矿物制品业','309','石墨及其他非金属矿物制品制造','3099','其他非金属矿物制品制造'),
 ('364','C','制造业','31','黑色金属冶炼和压延加工业','311','炼铁','3110','炼铁'),
 ('365','C','制造业','31','黑色金属冶炼和压延加工业','312','炼钢','3120','炼钢'),
 ('366','C','制造业','31','黑色金属冶炼和压延加工业','313','黑色金属铸造','3130','黑色金属铸造'),
 ('367','C','制造业','31','黑色金属冶炼和压延加工业','314','钢压延加工','3140','钢压延加工'),
 ('368','C','制造业','31','黑色金属冶炼和压延加工业','315','铁合金冶炼','3150','铁合金冶炼'),
 ('369','C','制造业','32','有色金属冶炼和压延加工业','321','常用有色金属冶炼','3211','铜冶炼'),
 ('37','C','制造业','13','农副食品加工业','139','其他农副食品加工','1392','豆制品制造'),
 ('370','C','制造业','32','有色金属冶炼和压延加工业','321','常用有色金属冶炼','3212','铅锌冶炼'),
 ('371','C','制造业','32','有色金属冶炼和压延加工业','321','常用有色金属冶炼','3213','镍钴冶炼'),
 ('372','C','制造业','32','有色金属冶炼和压延加工业','321','常用有色金属冶炼','3214','锡冶炼'),
 ('373','C','制造业','32','有色金属冶炼和压延加工业','321','常用有色金属冶炼','3215','锑冶炼'),
 ('374','C','制造业','32','有色金属冶炼和压延加工业','321','常用有色金属冶炼','3216','铝冶炼'),
 ('375','C','制造业','32','有色金属冶炼和压延加工业','321','常用有色金属冶炼','3217','镁冶炼'),
 ('376','C','制造业','32','有色金属冶炼和压延加工业','321','常用有色金属冶炼','3219','其他常用有色金属冶炼'),
 ('377','C','制造业','32','有色金属冶炼和压延加工业','322','贵金属冶炼','3221','金冶炼'),
 ('378','C','制造业','32','有色金属冶炼和压延加工业','322','贵金属冶炼','3222','银冶炼'),
 ('379','C','制造业','32','有色金属冶炼和压延加工业','322','贵金属冶炼','3229','其他贵金属冶炼'),
 ('38','C','制造业','13','农副食品加工业','139','其他农副食品加工','1393','蛋品加工'),
 ('380','C','制造业','32','有色金属冶炼和压延加工业','323','稀有稀土金属冶炼','3231','钨钼冶炼'),
 ('381','C','制造业','32','有色金属冶炼和压延加工业','323','稀有稀土金属冶炼','3232','稀土金属冶炼'),
 ('382','C','制造业','32','有色金属冶炼和压延加工业','323','稀有稀土金属冶炼','3239','其他稀有金属冶炼'),
 ('383','C','制造业','32','有色金属冶炼和压延加工业','324','有色金属合金制造','3240','有色金属合金制造'),
 ('384','C','制造业','32','有色金属冶炼和压延加工业','325','有色金属铸造','3250','有色金属铸造'),
 ('385','C','制造业','32','有色金属冶炼和压延加工业','326','有色金属压延加工','3261','铜压延加工'),
 ('386','C','制造业','32','有色金属冶炼和压延加工业','326','有色金属压延加工','3262','铝压延加工'),
 ('387','C','制造业','32','有色金属冶炼和压延加工业','326','有色金属压延加工','3263','贵金属压延加工'),
 ('388','C','制造业','32','有色金属冶炼和压延加工业','326','有色金属压延加工','3264','稀有稀土金属压延加工'),
 ('389','C','制造业','32','有色金属冶炼和压延加工业','326','有色金属压延加工','3269','其他有色金属压延加工'),
 ('39','C','制造业','13','农副食品加工业','139','其他农副食品加工','1399','其他未列明农副食品加工'),
 ('390','C','制造业','33','金属制品业','331','结构性金属制品制造','3311','金属结构制造'),
 ('391','C','制造业','33','金属制品业','331','结构性金属制品制造','3312','金属门窗制造'),
 ('392','C','制造业','33','金属制品业','332','金属工具制造','3321','切削工具制造'),
 ('393','C','制造业','33','金属制品业','332','金属工具制造','3322','手工具制造'),
 ('394','C','制造业','33','金属制品业','332','金属工具制造','3323','农用及园林用金属工具制造'),
 ('395','C','制造业','33','金属制品业','332','金属工具制造','3324','刀剪及类似日用金属工具制造'),
 ('396','C','制造业','33','金属制品业','332','金属工具制造','3329','其他金属工具制造'),
 ('397','C','制造业','33','金属制品业','333','集装箱及金属包装容器制造','3331','集装箱制造'),
 ('398','C','制造业','33','金属制品业','333','集装箱及金属包装容器制造','3332','金属压力容器制造'),
 ('399','C','制造业','33','金属制品业','333','集装箱及金属包装容器制造','3333','金属包装容器制造'),
 ('4','B','采矿业','09','有色金属矿采选业','093','稀有稀土金属矿采选','0932','稀土金属矿采选'),
 ('40','C','制造业','14','食品制造业','141','焙烤食品制造','1411','糕点、面包制造'),
 ('400','C','制造业','33','金属制品业','334','金属丝绳及其制品制造','3340','金属丝绳及其制品制造'),
 ('401','C','制造业','33','金属制品业','335','建筑、安全用金属制品制造','3351','建筑、家具用金属配件制造'),
 ('402','C','制造业','33','金属制品业','335','建筑、安全用金属制品制造','3352','建筑装饰及水暖管道零件制造'),
 ('403','C','制造业','33','金属制品业','335','建筑、安全用金属制品制造','3353','安全、消防用金属制品制造'),
 ('404','C','制造业','33','金属制品业','335','建筑、安全用金属制品制造','3359','其他建筑、安全用金属制品制造'),
 ('405','C','制造业','33','金属制品业','336','金属表面处理及热处理加工','3360','金属表面处理及热处理加工'),
 ('406','C','制造业','33','金属制品业','337','搪瓷制品制造','3371','生产专用搪瓷制品制造'),
 ('407','C','制造业','33','金属制品业','337','搪瓷制品制造','3372','建筑装饰搪瓷制品制造'),
 ('408','C','制造业','33','金属制品业','337','搪瓷制品制造','3373','搪瓷卫生洁具制造'),
 ('409','C','制造业','33','金属制品业','337','搪瓷制品制造','3379','搪瓷日用品及其他搪瓷制品制造'),
 ('41','C','制造业','14','食品制造业','141','焙烤食品制造','1419','饼干及其他焙烤食品制造'),
 ('410','C','制造业','33','金属制品业','338','金属制日用品制造','3381','金属制厨房用器具制造'),
 ('411','C','制造业','33','金属制品业','338','金属制日用品制造','3382','金属制餐具和器皿制造'),
 ('412','C','制造业','33','金属制品业','338','金属制日用品制造','3383','金属制卫生器具制造'),
 ('413','C','制造业','33','金属制品业','338','金属制日用品制造','3389','其他金属制日用品制造'),
 ('414','C','制造业','33','金属制品业','339','其他金属制品制造','3391','锻件及粉末冶金制品制造'),
 ('415','C','制造业','33','金属制品业','339','其他金属制品制造','3392','交通及公共管理用金属标牌制造'),
 ('416','C','制造业','33','金属制品业','339','其他金属制品制造','3399','其他未列明金属制品制造'),
 ('417','C','制造业','34','通用设备制造业','341','锅炉及原动设备制造','3411','锅炉及辅助设备制造'),
 ('418','C','制造业','34','通用设备制造业','341','锅炉及原动设备制造','3412','内燃机及配件制造'),
 ('419','C','制造业','34','通用设备制造业','341','锅炉及原动设备制造','3413','汽轮机及辅机制造'),
 ('42','C','制造业','14','食品制造业','142','糖果、巧克力及蜜饯制造','1421','糖果、巧克力制造'),
 ('420','C','制造业','34','通用设备制造业','341','锅炉及原动设备制造','3414','水轮机及辅机制造'),
 ('421','C','制造业','34','通用设备制造业','341','锅炉及原动设备制造','3415','风能原动设备制造'),
 ('422','C','制造业','34','通用设备制造业','341','锅炉及原动设备制造','3419','其他原动设备制造'),
 ('423','C','制造业','34','通用设备制造业','342','金属加工机械制造','3421','金属切削机床制造'),
 ('424','C','制造业','34','通用设备制造业','342','金属加工机械制造','3422','金属成形机床制造'),
 ('425','C','制造业','34','通用设备制造业','342','金属加工机械制造','3423','铸造机械制造'),
 ('426','E','建筑业','50','建筑装饰和其他建筑业','509','其他未列明建筑业','5090','其他未列明建筑业'),
 ('427','F','批发和零售业','51','批发业','511','农、林、牧产品批发','5111','谷物、豆及薯类批发'),
 ('428','F','批发和零售业','51','批发业','511','农、林、牧产品批发','5112','种子批发'),
 ('429','F','批发和零售业','51','批发业','511','农、林、牧产品批发','5113','饲料批发'),
 ('43','C','制造业','14','食品制造业','142','糖果、巧克力及蜜饯制造','1422','蜜饯制作'),
 ('430','F','批发和零售业','51','批发业','511','农、林、牧产品批发','5114','棉、麻批发'),
 ('431','F','批发和零售业','51','批发业','511','农、林、牧产品批发','5115','林业产品批发'),
 ('432','F','批发和零售业','51','批发业','511','农、林、牧产品批发','5116','牲畜批发'),
 ('433','F','批发和零售业','51','批发业','511','农、林、牧产品批发','5119','其他农牧产品批发'),
 ('434','F','批发和零售业','51','批发业','512','食品、饮料及烟草制品批发','5121','米、面制品及食用油批发'),
 ('435','F','批发和零售业','51','批发业','512','食品、饮料及烟草制品批发','5122','糕点、糖果及糖批发'),
 ('436','F','批发和零售业','51','批发业','512','食品、饮料及烟草制品批发','5123','果品、蔬菜批发'),
 ('437','F','批发和零售业','51','批发业','512','食品、饮料及烟草制品批发','5124','肉、禽、蛋、奶及水产品批发'),
 ('438','F','批发和零售业','51','批发业','512','食品、饮料及烟草制品批发','5125','盐及调味品批发'),
 ('439','F','批发和零售业','51','批发业','512','食品、饮料及烟草制品批发','5126','营养和保健品批发'),
 ('44','C','制造业','14','食品制造业','143','方便食品制造','1431','米、面制品制造'),
 ('440','F','批发和零售业','51','批发业','512','食品、饮料及烟草制品批发','5127','酒、饮料及茶叶批发'),
 ('441','F','批发和零售业','51','批发业','512','食品、饮料及烟草制品批发','5128','烟草制品批发'),
 ('442','F','批发和零售业','51','批发业','512','食品、饮料及烟草制品批发','5129','其他食品批发'),
 ('443','F','批发和零售业','51','批发业','513','纺织、服装及家庭用品批发','5131','纺织品、针织品及原料批发'),
 ('444','F','批发和零售业','51','批发业','513','纺织、服装及家庭用品批发','5132','服装批发'),
 ('445','F','批发和零售业','51','批发业','513','纺织、服装及家庭用品批发','5133','鞋帽批发'),
 ('446','F','批发和零售业','51','批发业','513','纺织、服装及家庭用品批发','5134','化妆品及卫生用品批发'),
 ('447','F','批发和零售业','51','批发业','513','纺织、服装及家庭用品批发','5135','厨房、卫生间用具及日用杂货批发'),
 ('448','F','批发和零售业','51','批发业','513','纺织、服装及家庭用品批发','5136','灯具、装饰物品批发'),
 ('449','F','批发和零售业','51','批发业','513','纺织、服装及家庭用品批发','5137','家用电器批发'),
 ('45','C','制造业','14','食品制造业','143','方便食品制造','1432','速冻食品制造'),
 ('450','F','批发和零售业','51','批发业','513','纺织、服装及家庭用品批发','5139','其他家庭用品批发'),
 ('451','F','批发和零售业','51','批发业','514','文化、体育用品及器材批发','5141','文具用品批发'),
 ('452','F','批发和零售业','51','批发业','514','文化、体育用品及器材批发','5142','体育用品及器材批发'),
 ('453','F','批发和零售业','51','批发业','514','文化、体育用品及器材批发','5143','图书批发'),
 ('454','F','批发和零售业','51','批发业','514','文化、体育用品及器材批发','5144','报刊批发'),
 ('455','F','批发和零售业','51','批发业','514','文化、体育用品及器材批发','5145','音像制品及电子出版物批发'),
 ('456','F','批发和零售业','51','批发业','514','文化、体育用品及器材批发','5146','首饰、工艺品及收藏品批发'),
 ('457','F','批发和零售业','51','批发业','514','文化、体育用品及器材批发','5149','其他文化用品批发'),
 ('458','F','批发和零售业','51','批发业','515','医药及医疗器材批发','5151','西药批发'),
 ('459','F','批发和零售业','51','批发业','515','医药及医疗器材批发','5152','中药批发'),
 ('46','C','制造业','14','食品制造业','143','方便食品制造','1439','方便面及其他方便食品制造'),
 ('460','F','批发和零售业','51','批发业','515','医药及医疗器材批发','5153','医疗用品及器材批发'),
 ('461','F','批发和零售业','51','批发业','516','矿产品、建材及化工产品批发','5161','煤炭及制品批发'),
 ('462','F','批发和零售业','51','批发业','516','矿产品、建材及化工产品批发','5162','石油及制品批发'),
 ('463','F','批发和零售业','51','批发业','516','矿产品、建材及化工产品批发','5163','非金属矿及制品批发'),
 ('464','F','批发和零售业','51','批发业','516','矿产品、建材及化工产品批发','5164','金属及金属矿批发'),
 ('465','F','批发和零售业','51','批发业','516','矿产品、建材及化工产品批发','5165','建材批发'),
 ('466','F','批发和零售业','51','批发业','516','矿产品、建材及化工产品批发','5166','化肥批发'),
 ('467','F','批发和零售业','51','批发业','516','矿产品、建材及化工产品批发','5167','农药批发'),
 ('468','F','批发和零售业','51','批发业','516','矿产品、建材及化工产品批发','5168','农用薄膜批发'),
 ('469','F','批发和零售业','51','批发业','516','矿产品、建材及化工产品批发','5169','其他化工产品批发'),
 ('47','C','制造业','14','食品制造业','144','乳制品制造','1440','乳制品制造'),
 ('470','F','批发和零售业','51','批发业','517','机械设备、五金产品及电子产品批发','5171','农业机械批发'),
 ('471','F','批发和零售业','51','批发业','517','机械设备、五金产品及电子产品批发','5172','汽车批发'),
 ('472','F','批发和零售业','51','批发业','517','机械设备、五金产品及电子产品批发','5173','汽车零配件批发'),
 ('473','F','批发和零售业','51','批发业','517','机械设备、五金产品及电子产品批发','5174','摩托车及零配件批发'),
 ('474','F','批发和零售业','51','批发业','517','机械设备、五金产品及电子产品批发','5175','五金产品批发');
INSERT INTO `dm_hy_mdzx` (`ID`,`HY_DM_ML`,`HYMC_ML`,`HY_DM_DL`,`HYMC_DL`,`HY_DM_ZL`,`HYMC_ZL`,`HY_DM_XL`,`HYMC_XL`) VALUES 
 ('475','F','批发和零售业','51','批发业','517','机械设备、五金产品及电子产品批发','5176','电气设备批发'),
 ('476','F','批发和零售业','51','批发业','517','机械设备、五金产品及电子产品批发','5177','计算机、软件及辅助设备批发'),
 ('477','F','批发和零售业','51','批发业','517','机械设备、五金产品及电子产品批发','5178','通讯及广播电视设备批发'),
 ('478','F','批发和零售业','51','批发业','517','机械设备、五金产品及电子产品批发','5179','其他机械设备及电子产品批发'),
 ('479','F','批发和零售业','51','批发业','518','贸易经纪与代理','5181','贸易代理'),
 ('48','C','制造业','14','食品制造业','145','罐头食品制造','1451','肉、禽类罐头制造'),
 ('480','F','批发和零售业','51','批发业','518','贸易经纪与代理','5182','拍卖'),
 ('481','F','批发和零售业','51','批发业','518','贸易经纪与代理','5189','其他贸易经纪与代理'),
 ('482','F','批发和零售业','51','批发业','519','其他批发业','5191','再生物资回收与批发'),
 ('483','F','批发和零售业','51','批发业','519','其他批发业','5199','其他未列明批发业'),
 ('484','F','批发和零售业','52','零售业','521','综合零售','5211','百货零售'),
 ('485','F','批发和零售业','52','零售业','521','综合零售','5212','超级市场零售'),
 ('486','F','批发和零售业','52','零售业','521','综合零售','5219','其他综合零售'),
 ('487','F','批发和零售业','52','零售业','522','食品、饮料及烟草制品专门零售','5221','粮油零售'),
 ('488','F','批发和零售业','52','零售业','522','食品、饮料及烟草制品专门零售','5222','糕点、面包零售'),
 ('489','F','批发和零售业','52','零售业','522','食品、饮料及烟草制品专门零售','5223','果品、蔬菜零售'),
 ('49','C','制造业','14','食品制造业','145','罐头食品制造','1452','水产品罐头制造'),
 ('490','F','批发和零售业','52','零售业','522','食品、饮料及烟草制品专门零售','5224','肉、禽、蛋、奶及水产品零售'),
 ('491','F','批发和零售业','52','零售业','522','食品、饮料及烟草制品专门零售','5225','营养和保健品零售'),
 ('492','F','批发和零售业','52','零售业','522','食品、饮料及烟草制品专门零售','5226','酒、饮料及茶叶零售'),
 ('493','F','批发和零售业','52','零售业','522','食品、饮料及烟草制品专门零售','5227','烟草制品零售'),
 ('494','F','批发和零售业','52','零售业','522','食品、饮料及烟草制品专门零售','5229','其他食品零售'),
 ('495','F','批发和零售业','52','零售业','523','纺织、服装及日用品专门零售','5231','纺织品及针织品零售'),
 ('496','F','批发和零售业','52','零售业','523','纺织、服装及日用品专门零售','5232','服装零售'),
 ('497','F','批发和零售业','52','零售业','523','纺织、服装及日用品专门零售','5233','鞋帽零售'),
 ('498','F','批发和零售业','52','零售业','523','纺织、服装及日用品专门零售','5234','化妆品及卫生用品零售'),
 ('499','F','批发和零售业','52','零售业','523','纺织、服装及日用品专门零售','5235','钟表、眼镜零售'),
 ('5','B','采矿业','09','有色金属矿采选业','093','稀有稀土金属矿采选','0933','放射性金属矿采选'),
 ('50','C','制造业','14','食品制造业','145','罐头食品制造','1453','蔬菜、水果罐头制造'),
 ('500','F','批发和零售业','52','零售业','523','纺织、服装及日用品专门零售','5236','箱、包零售'),
 ('501','F','批发和零售业','52','零售业','523','纺织、服装及日用品专门零售','5237','厨房用具及日用杂品零售'),
 ('502','F','批发和零售业','52','零售业','523','纺织、服装及日用品专门零售','5238','自行车零售'),
 ('503','F','批发和零售业','52','零售业','523','纺织、服装及日用品专门零售','5239','其他日用品零售'),
 ('504','F','批发和零售业','52','零售业','524','文化、体育用品及器材专门零售','5241','文具用品零售'),
 ('505','F','批发和零售业','52','零售业','524','文化、体育用品及器材专门零售','5242','体育用品及器材零售'),
 ('506','F','批发和零售业','52','零售业','524','文化、体育用品及器材专门零售','5243','图书、报刊零售'),
 ('507','F','批发和零售业','52','零售业','524','文化、体育用品及器材专门零售','5244','音像制品及电子出版物零售'),
 ('508','F','批发和零售业','52','零售业','524','文化、体育用品及器材专门零售','5245','珠宝首饰零售'),
 ('509','F','批发和零售业','52','零售业','524','文化、体育用品及器材专门零售','5246','工艺美术品及收藏品零售'),
 ('51','C','制造业','14','食品制造业','145','罐头食品制造','1459','其他罐头食品制造'),
 ('510','F','批发和零售业','52','零售业','524','文化、体育用品及器材专门零售','5247','乐器零售'),
 ('511','F','批发和零售业','52','零售业','524','文化、体育用品及器材专门零售','5248','照相器材零售'),
 ('512','F','批发和零售业','52','零售业','524','文化、体育用品及器材专门零售','5249','其他文化用品零售'),
 ('513','F','批发和零售业','52','零售业','525','医药及医疗器材专门零售','5251','药品零售'),
 ('514','F','批发和零售业','52','零售业','525','医药及医疗器材专门零售','5252','医疗用品及器材零售'),
 ('515','F','批发和零售业','52','零售业','526','汽车、摩托车、燃料及零配件专门零售','5261','汽车零售'),
 ('516','F','批发和零售业','52','零售业','526','汽车、摩托车、燃料及零配件专门零售','5262','汽车零配件零售'),
 ('517','F','批发和零售业','52','零售业','526','汽车、摩托车、燃料及零配件专门零售','5263','摩托车及零配件零售'),
 ('518','F','批发和零售业','52','零售业','526','汽车、摩托车、燃料及零配件专门零售','5264','机动车燃料零售'),
 ('519','F','批发和零售业','52','零售业','527','家用电器及电子产品专门零售','5271','家用视听设备零售'),
 ('52','C','制造业','14','食品制造业','146','调味品、发酵制品制造','1461','味精制造'),
 ('520','F','批发和零售业','52','零售业','527','家用电器及电子产品专门零售','5272','日用家电设备零售'),
 ('521','F','批发和零售业','52','零售业','527','家用电器及电子产品专门零售','5273','计算机、软件及辅助设备零售'),
 ('522','F','批发和零售业','52','零售业','527','家用电器及电子产品专门零售','5274','通信设备零售'),
 ('523','F','批发和零售业','52','零售业','527','家用电器及电子产品专门零售','5279','其他电子产品零售'),
 ('524','F','批发和零售业','52','零售业','528','五金、家具及室内装饰材料专门零售','5281','五金零售'),
 ('525','F','批发和零售业','52','零售业','528','五金、家具及室内装饰材料专门零售','5282','灯具零售'),
 ('526','F','批发和零售业','52','零售业','528','五金、家具及室内装饰材料专门零售','5283','家具零售'),
 ('527','F','批发和零售业','52','零售业','528','五金、家具及室内装饰材料专门零售','5284','涂料零售'),
 ('528','F','批发和零售业','52','零售业','528','五金、家具及室内装饰材料专门零售','5285','卫生洁具零售'),
 ('529','F','批发和零售业','52','零售业','528','五金、家具及室内装饰材料专门零售','5286','木质装饰材料零售'),
 ('53','C','制造业','14','食品制造业','146','调味品、发酵制品制造','1462','酱油、食醋及类似制品制造'),
 ('530','F','批发和零售业','52','零售业','528','五金、家具及室内装饰材料专门零售','5287','陶瓷、石材装饰材料零售'),
 ('531','F','批发和零售业','52','零售业','528','五金、家具及室内装饰材料专门零售','5289','其他室内装饰材料零售'),
 ('532','F','批发和零售业','52','零售业','529','货摊、无店铺及其他零售业','5291','货摊食品零售'),
 ('533','F','批发和零售业','52','零售业','529','货摊、无店铺及其他零售业','5292','货摊纺织、服装及鞋零售'),
 ('534','F','批发和零售业','52','零售业','529','货摊、无店铺及其他零售业','5293','货摊日用品零售'),
 ('535','F','批发和零售业','52','零售业','529','货摊、无店铺及其他零售业','5294','互联网零售'),
 ('536','F','批发和零售业','52','零售业','529','货摊、无店铺及其他零售业','5295','邮购及电视、电话零售'),
 ('537','F','批发和零售业','52','零售业','529','货摊、无店铺及其他零售业','5296','旧货零售'),
 ('538','F','批发和零售业','52','零售业','529','货摊、无店铺及其他零售业','5297','生活用燃料零售'),
 ('539','F','批发和零售业','52','零售业','529','货摊、无店铺及其他零售业','5299','其他未列明零售业'),
 ('54','C','制造业','14','食品制造业','146','调味品、发酵制品制造','1469','其他调味品、发酵制品制造'),
 ('540','G','交通运输、仓储和邮政业','53','铁路运输业','531','铁路旅客运输','5310','铁路旅客运输'),
 ('541','G','交通运输、仓储和邮政业','53','铁路运输业','532','铁路货物运输','5320','铁路货物运输'),
 ('542','G','交通运输、仓储和邮政业','53','铁路运输业','533','铁路运输辅助活动','5331','客运火车站'),
 ('543','G','交通运输、仓储和邮政业','53','铁路运输业','533','铁路运输辅助活动','5332','货运火车站'),
 ('544','G','交通运输、仓储和邮政业','53','铁路运输业','533','铁路运输辅助活动','5339','其他铁路运输辅助活动'),
 ('545','G','交通运输、仓储和邮政业','54','道路运输业','541','城市公共交通运输','5411','公共电汽车客运'),
 ('546','G','交通运输、仓储和邮政业','54','道路运输业','541','城市公共交通运输','5412','城市轨道交通'),
 ('547','G','交通运输、仓储和邮政业','54','道路运输业','541','城市公共交通运输','5413','出租车客运'),
 ('548','G','交通运输、仓储和邮政业','54','道路运输业','541','城市公共交通运输','5419','其他城市公共交通运输'),
 ('549','G','交通运输、仓储和邮政业','54','道路运输业','542','公路旅客运输','5420','公路旅客运输'),
 ('55','C','制造业','14','食品制造业','149','其他食品制造','1491','营养食品制造'),
 ('550','G','交通运输、仓储和邮政业','54','道路运输业','543','道路货物运输','5430','道路货物运输'),
 ('551','G','交通运输、仓储和邮政业','54','道路运输业','544','道路运输辅助活动','5441','客运汽车站'),
 ('552','G','交通运输、仓储和邮政业','54','道路运输业','544','道路运输辅助活动','5442','公路管理与养护'),
 ('553','G','交通运输、仓储和邮政业','54','道路运输业','544','道路运输辅助活动','5449','其他道路运输辅助活动'),
 ('554','G','交通运输、仓储和邮政业','55','水上运输业','551','水上旅客运输','5511','海洋旅客运输'),
 ('555','G','交通运输、仓储和邮政业','55','水上运输业','551','水上旅客运输','5512','内河旅客运输'),
 ('556','G','交通运输、仓储和邮政业','55','水上运输业','551','水上旅客运输','5513','客运轮渡运输'),
 ('557','G','交通运输、仓储和邮政业','55','水上运输业','552','水上货物运输','5521','远洋货物运输'),
 ('558','G','交通运输、仓储和邮政业','55','水上运输业','552','水上货物运输','5522','沿海货物运输'),
 ('559','G','交通运输、仓储和邮政业','55','水上运输业','552','水上货物运输','5523','内河货物运输'),
 ('56','C','制造业','14','食品制造业','149','其他食品制造','1492','保健食品制造'),
 ('560','G','交通运输、仓储和邮政业','55','水上运输业','553','水上运输辅助活动','5531','客运港口'),
 ('561','G','交通运输、仓储和邮政业','55','水上运输业','553','水上运输辅助活动','5532','货运港口'),
 ('562','G','交通运输、仓储和邮政业','55','水上运输业','553','水上运输辅助活动','5539','其他水上运输辅助活动'),
 ('563','G','交通运输、仓储和邮政业','56','航空运输业','561','航空客货运输','5611','航空旅客运输'),
 ('564','G','交通运输、仓储和邮政业','56','航空运输业','561','航空客货运输','5612','航空货物运输'),
 ('565','G','交通运输、仓储和邮政业','56','航空运输业','562','通用航空服务','5620','通用航空服务'),
 ('566','G','交通运输、仓储和邮政业','56','航空运输业','563','航空运输辅助活动','5631','机场'),
 ('567','G','交通运输、仓储和邮政业','56','航空运输业','563','航空运输辅助活动','5632','空中交通管理'),
 ('568','G','交通运输、仓储和邮政业','56','航空运输业','563','航空运输辅助活动','5639','其他航空运输辅助活动'),
 ('569','G','交通运输、仓储和邮政业','57','管道运输业','570','管道运输业','5700','管道运输业'),
 ('57','C','制造业','14','食品制造业','149','其他食品制造','1493','冷冻饮品及食用冰制造'),
 ('570','G','交通运输、仓储和邮政业','58','装卸搬运和运输代理业','581','装卸搬运','5810','装卸搬运'),
 ('571','G','交通运输、仓储和邮政业','58','装卸搬运和运输代理业','582','运输代理业','5821','货物运输代理'),
 ('572','G','交通运输、仓储和邮政业','58','装卸搬运和运输代理业','582','运输代理业','5822','旅客票务代理'),
 ('573','G','交通运输、仓储和邮政业','58','装卸搬运和运输代理业','582','运输代理业','5829','其他运输代理业'),
 ('574','G','交通运输、仓储和邮政业','59','仓储业','591','谷物、棉花等农产品仓储','5911','谷物仓储'),
 ('575','G','交通运输、仓储和邮政业','59','仓储业','591','谷物、棉花等农产品仓储','5912','棉花仓储'),
 ('576','G','交通运输、仓储和邮政业','59','仓储业','591','谷物、棉花等农产品仓储','5919','其他农产品仓储'),
 ('577','G','交通运输、仓储和邮政业','59','仓储业','599','其他仓储业','5990','其他仓储业'),
 ('578','G','交通运输、仓储和邮政业','60','邮政业','601','邮政基本服务','6010','邮政基本服务'),
 ('579','G','交通运输、仓储和邮政业','60','邮政业','602','快递服务','6020','快递服务'),
 ('58','C','制造业','14','食品制造业','149','其他食品制造','1494','盐加工'),
 ('580','H','住宿和餐饮业','61','住宿业','611','旅游饭店','6110','旅游饭店'),
 ('581','H','住宿和餐饮业','61','住宿业','612','一般旅馆','6120','一般旅馆'),
 ('582','H','住宿和餐饮业','61','住宿业','619','其他住宿业','6190','其他住宿业'),
 ('583','H','住宿和餐饮业','62','餐饮业','621','正餐服务','6210','正餐服务'),
 ('584','H','住宿和餐饮业','62','餐饮业','622','快餐服务','6220','快餐服务'),
 ('585','H','住宿和餐饮业','62','餐饮业','623','饮料及冷饮服务','6231','茶馆服务'),
 ('586','H','住宿和餐饮业','62','餐饮业','623','饮料及冷饮服务','6232','咖啡馆服务'),
 ('587','H','住宿和餐饮业','62','餐饮业','623','饮料及冷饮服务','6233','酒吧服务'),
 ('588','H','住宿和餐饮业','62','餐饮业','623','饮料及冷饮服务','6239','其他饮料及冷饮服务'),
 ('589','H','住宿和餐饮业','62','餐饮业','629','其他餐饮业','6291','小吃服务'),
 ('59','C','制造业','14','食品制造业','149','其他食品制造','1495','食品及饲料添加剂制造'),
 ('590','H','住宿和餐饮业','62','餐饮业','629','其他餐饮业','6292','餐饮配送服务'),
 ('591','H','住宿和餐饮业','62','餐饮业','629','其他餐饮业','6299','其他未列明餐饮业'),
 ('592','I','信息传输、软件和信息技术服务业','63','电信、广播电视和卫星传输服务','631','电信','6311','固定电信服务'),
 ('593','I','信息传输、软件和信息技术服务业','63','电信、广播电视和卫星传输服务','631','电信','6312','移动电信服务'),
 ('594','I','信息传输、软件和信息技术服务业','63','电信、广播电视和卫星传输服务','631','电信','6319','其他电信服务'),
 ('595','I','信息传输、软件和信息技术服务业','63','电信、广播电视和卫星传输服务','632','广播电视传输服务','6321','有线广播电视传输服务'),
 ('596','I','信息传输、软件和信息技术服务业','63','电信、广播电视和卫星传输服务','632','广播电视传输服务','6322','无线广播电视传输服务'),
 ('597','I','信息传输、软件和信息技术服务业','63','电信、广播电视和卫星传输服务','633','卫星传输服务','6330','卫星传输服务'),
 ('598','I','信息传输、软件和信息技术服务业','64','互联网和相关服务','641','互联网接入及相关服务','6410','互联网接入及相关服务'),
 ('599','I','信息传输、软件和信息技术服务业','64','互联网和相关服务','642','互联网信息服务','6420','互联网信息服务'),
 ('6','B','采矿业','09','有色金属矿采选业','093','稀有稀土金属矿采选','0939','其他稀有金属矿采选'),
 ('60','C','制造业','14','食品制造业','149','其他食品制造','1499','其他未列明食品制造'),
 ('600','I','信息传输、软件和信息技术服务业','64','互联网和相关服务','649','其他互联网服务','6490','其他互联网服务'),
 ('601','I','信息传输、软件和信息技术服务业','65','软件和信息技术服务业','651','软件开发','6510','软件开发'),
 ('602','I','信息传输、软件和信息技术服务业','65','软件和信息技术服务业','652','信息系统集成服务','6520','信息系统集成服务'),
 ('603','I','信息传输、软件和信息技术服务业','65','软件和信息技术服务业','653','信息技术咨询服务','6530','信息技术咨询服务'),
 ('604','I','信息传输、软件和信息技术服务业','65','软件和信息技术服务业','654','数据处理和存储服务','6540','数据处理和存储服务'),
 ('605','I','信息传输、软件和信息技术服务业','65','软件和信息技术服务业','655','集成电路设计','6550','集成电路设计'),
 ('606','I','信息传输、软件和信息技术服务业','65','软件和信息技术服务业','659','其他信息技术服务业','6591','数字内容服务'),
 ('607','I','信息传输、软件和信息技术服务业','65','软件和信息技术服务业','659','其他信息技术服务业','6592','呼叫中心'),
 ('608','I','信息传输、软件和信息技术服务业','65','软件和信息技术服务业','659','其他信息技术服务业','6599','其他未列明信息技术服务业'),
 ('609','J','金融业','66','货币金融服务','661','中央银行服务','6610','中央银行服务'),
 ('61','C','制造业','15','酒、饮料和精制茶制造业','151','酒的制造','1511','酒精制造'),
 ('610','J','金融业','66','货币金融服务','662','货币银行服务','6620','货币银行服务'),
 ('611','J','金融业','66','货币金融服务','663','非货币银行服务','6631','金融租赁服务'),
 ('612','J','金融业','66','货币金融服务','663','非货币银行服务','6632','财务公司'),
 ('613','J','金融业','66','货币金融服务','663','非货币银行服务','6633','典当'),
 ('614','J','金融业','66','货币金融服务','663','非货币银行服务','6639','其他非货币银行服务'),
 ('615','J','金融业','66','货币金融服务','664','银行监管服务','6640','银行监管服务'),
 ('616','J','金融业','67','资本市场服务','671','证券市场服务','6711','证券市场管理服务'),
 ('617','J','金融业','67','资本市场服务','671','证券市场服务','6712','证券经纪交易服务'),
 ('618','J','金融业','67','资本市场服务','671','证券市场服务','6713','基金管理服务'),
 ('619','J','金融业','67','资本市场服务','672','期货市场服务','6721','期货市场管理服务'),
 ('62','C','制造业','15','酒、饮料和精制茶制造业','151','酒的制造','1512','白酒制造'),
 ('620','J','金融业','67','资本市场服务','672','期货市场服务','6729','其他期货市场服务'),
 ('621','J','金融业','67','资本市场服务','673','证券期货监管服务','6730','证券期货监管服务'),
 ('622','J','金融业','67','资本市场服务','674','资本投资服务','6740','资本投资服务'),
 ('623','C','制造业','34','通用设备制造业','342','金属加工机械制造','3424','金属切割及焊接设备制造'),
 ('624','C','制造业','34','通用设备制造业','342','金属加工机械制造','3425','机床附件制造'),
 ('625','C','制造业','34','通用设备制造业','342','金属加工机械制造','3429','其他金属加工机械制造'),
 ('626','C','制造业','34','通用设备制造业','343','物料搬运设备制造','3431','轻小型起重设备制造'),
 ('627','C','制造业','34','通用设备制造业','343','物料搬运设备制造','3432','起重机制造'),
 ('628','C','制造业','34','通用设备制造业','343','物料搬运设备制造','3433','生产专用车辆制造'),
 ('629','C','制造业','34','通用设备制造业','343','物料搬运设备制造','3434','连续搬运设备制造'),
 ('63','C','制造业','15','酒、饮料和精制茶制造业','151','酒的制造','1513','啤酒制造'),
 ('630','C','制造业','34','通用设备制造业','343','物料搬运设备制造','3435','电梯、自动扶梯及升降机制造'),
 ('631','C','制造业','34','通用设备制造业','343','物料搬运设备制造','3439','其他物料搬运设备制造'),
 ('632','C','制造业','34','通用设备制造业','344','泵、阀门、压缩机及类似机械制造','3441','泵及真空设备制造'),
 ('633','C','制造业','34','通用设备制造业','344','泵、阀门、压缩机及类似机械制造','3442','气体压缩机械制造'),
 ('634','C','制造业','34','通用设备制造业','344','泵、阀门、压缩机及类似机械制造','3443','阀门和旋塞制造'),
 ('635','C','制造业','34','通用设备制造业','344','泵、阀门、压缩机及类似机械制造','3444','液压和气压动力机械及元件制造'),
 ('636','C','制造业','34','通用设备制造业','345','轴承、齿轮和传动部件制造','3451','轴承制造'),
 ('637','C','制造业','34','通用设备制造业','345','轴承、齿轮和传动部件制造','3452','齿轮及齿轮减、变速箱制造'),
 ('638','C','制造业','34','通用设备制造业','345','轴承、齿轮和传动部件制造','3459','其他传动部件制造'),
 ('639','C','制造业','34','通用设备制造业','346','烘炉、风机、衡器、包装等设备制造','3461','烘炉、熔炉及电炉制造'),
 ('64','C','制造业','15','酒、饮料和精制茶制造业','151','酒的制造','1514','黄酒制造'),
 ('640','C','制造业','34','通用设备制造业','346','烘炉、风机、衡器、包装等设备制造','3462','风机、风扇制造'),
 ('641','C','制造业','34','通用设备制造业','346','烘炉、风机、衡器、包装等设备制造','3463','气体、液体分离及纯净设备制造'),
 ('642','C','制造业','34','通用设备制造业','346','烘炉、风机、衡器、包装等设备制造','3464','制冷、空调设备制造'),
 ('643','C','制造业','34','通用设备制造业','346','烘炉、风机、衡器、包装等设备制造','3465','风动和电动工具制造'),
 ('644','C','制造业','34','通用设备制造业','346','烘炉、风机、衡器、包装等设备制造','3466','喷枪及类似器具制造'),
 ('645','C','制造业','34','通用设备制造业','346','烘炉、风机、衡器、包装等设备制造','3467','衡器制造'),
 ('646','C','制造业','34','通用设备制造业','346','烘炉、风机、衡器、包装等设备制造','3468','包装专用设备制造'),
 ('647','C','制造业','34','通用设备制造业','347','文化、办公用机械制造','3471','电影机械制造'),
 ('648','C','制造业','34','通用设备制造业','347','文化、办公用机械制造','3472','幻灯及投影设备制造'),
 ('649','C','制造业','34','通用设备制造业','347','文化、办公用机械制造','3473','照相机及器材制造'),
 ('65','C','制造业','15','酒、饮料和精制茶制造业','151','酒的制造','1515','葡萄酒制造'),
 ('650','C','制造业','34','通用设备制造业','347','文化、办公用机械制造','3474','复印和胶印设备制造'),
 ('651','C','制造业','34','通用设备制造业','347','文化、办公用机械制造','3475','计算器及货币专用设备制造'),
 ('652','C','制造业','34','通用设备制造业','347','文化、办公用机械制造','3479','其他文化、办公用机械制造'),
 ('653','C','制造业','34','通用设备制造业','348','通用零部件制造','3481','金属密封件制造'),
 ('654','C','制造业','34','通用设备制造业','348','通用零部件制造','3482','紧固件制造'),
 ('655','C','制造业','34','通用设备制造业','348','通用零部件制造','3483','弹簧制造'),
 ('656','C','制造业','34','通用设备制造业','348','通用零部件制造','3484','机械零部件加工'),
 ('657','C','制造业','34','通用设备制造业','348','通用零部件制造','3489','其他通用零部件制造'),
 ('658','C','制造业','34','通用设备制造业','349','其他通用设备制造业','3490','其他通用设备制造业'),
 ('659','C','制造业','35','专用设备制造业','351','采矿、冶金、建筑专用设备制造','3511','矿山机械制造'),
 ('66','C','制造业','15','酒、饮料和精制茶制造业','151','酒的制造','1519','其他酒制造'),
 ('660','C','制造业','35','专用设备制造业','351','采矿、冶金、建筑专用设备制造','3512','石油钻采专用设备制造'),
 ('661','C','制造业','35','专用设备制造业','351','采矿、冶金、建筑专用设备制造','3513','建筑工程用机械制造'),
 ('662','C','制造业','35','专用设备制造业','351','采矿、冶金、建筑专用设备制造','3514','海洋工程专用设备制造'),
 ('663','C','制造业','35','专用设备制造业','351','采矿、冶金、建筑专用设备制造','3515','建筑材料生产专用机械制造'),
 ('664','C','制造业','35','专用设备制造业','351','采矿、冶金、建筑专用设备制造','3516','冶金专用设备制造'),
 ('665','C','制造业','35','专用设备制造业','352','化工、木材、非金属加工专用设备制造','3521','炼油、化工生产专用设备制造'),
 ('666','C','制造业','35','专用设备制造业','352','化工、木材、非金属加工专用设备制造','3522','橡胶加工专用设备制造'),
 ('667','C','制造业','35','专用设备制造业','352','化工、木材、非金属加工专用设备制造','3523','塑料加工专用设备制造'),
 ('668','C','制造业','35','专用设备制造业','352','化工、木材、非金属加工专用设备制造','3524','木材加工机械制造'),
 ('669','C','制造业','35','专用设备制造业','352','化工、木材、非金属加工专用设备制造','3525','模具制造'),
 ('67','C','制造业','15','酒、饮料和精制茶制造业','152','饮料制造','1521','碳酸饮料制造'),
 ('670','C','制造业','35','专用设备制造业','352','化工、木材、非金属加工专用设备制造','3529','其他非金属加工专用设备制造'),
 ('671','C','制造业','35','专用设备制造业','353','食品、饮料、烟草及饲料生产专用设备制造','3531','食品、酒、饮料及茶生产专用设备制造'),
 ('672','C','制造业','35','专用设备制造业','353','食品、饮料、烟草及饲料生产专用设备制造','3532','农副食品加工专用设备制造'),
 ('673','C','制造业','35','专用设备制造业','353','食品、饮料、烟草及饲料生产专用设备制造','3533','烟草生产专用设备制造'),
 ('674','C','制造业','35','专用设备制造业','353','食品、饮料、烟草及饲料生产专用设备制造','3534','饲料生产专用设备制造'),
 ('675','C','制造业','35','专用设备制造业','354','印刷、制药、日化及日用品生产专用设备制造','3541','制浆和造纸专用设备制造'),
 ('676','C','制造业','35','专用设备制造业','354','印刷、制药、日化及日用品生产专用设备制造','3542','印刷专用设备制造'),
 ('677','C','制造业','35','专用设备制造业','354','印刷、制药、日化及日用品生产专用设备制造','3543','日用化工专用设备制造'),
 ('678','C','制造业','35','专用设备制造业','354','印刷、制药、日化及日用品生产专用设备制造','3544','制药专用设备制造'),
 ('679','C','制造业','35','专用设备制造业','354','印刷、制药、日化及日用品生产专用设备制造','3545','照明器具生产专用设备制造'),
 ('68','C','制造业','15','酒、饮料和精制茶制造业','152','饮料制造','1522','瓶（罐）装饮用水制造'),
 ('680','C','制造业','35','专用设备制造业','354','印刷、制药、日化及日用品生产专用设备制造','3546','玻璃、陶瓷和搪瓷制品生产专用设备制造'),
 ('681','C','制造业','35','专用设备制造业','354','印刷、制药、日化及日用品生产专用设备制造','3549','其他日用品生产专用设备制造'),
 ('682','C','制造业','35','专用设备制造业','355','纺织、服装和皮革加工专用设备制造','3551','纺织专用设备制造'),
 ('683','C','制造业','35','专用设备制造业','355','纺织、服装和皮革加工专用设备制造','3552','皮革、毛皮及其制品加工专用设备制造'),
 ('684','C','制造业','35','专用设备制造业','355','纺织、服装和皮革加工专用设备制造','3553','缝制机械制造'),
 ('685','C','制造业','35','专用设备制造业','355','纺织、服装和皮革加工专用设备制造','3554','洗涤机械制造'),
 ('686','C','制造业','35','专用设备制造业','356','电子和电工机械专用设备制造','3561','电工机械专用设备制造'),
 ('687','C','制造业','35','专用设备制造业','356','电子和电工机械专用设备制造','3562','电子工业专用设备制造'),
 ('688','C','制造业','35','专用设备制造业','357','农、林、牧、渔专用机械制造','3571','拖拉机制造'),
 ('689','C','制造业','35','专用设备制造业','357','农、林、牧、渔专用机械制造','3572','机械化农业及园艺机具制造'),
 ('69','C','制造业','15','酒、饮料和精制茶制造业','152','饮料制造','1523','果菜汁及果菜汁饮料制造'),
 ('690','C','制造业','35','专用设备制造业','357','农、林、牧、渔专用机械制造','3573','营林及木竹采伐机械制造'),
 ('691','C','制造业','35','专用设备制造业','357','农、林、牧、渔专用机械制造','3574','畜牧机械制造'),
 ('692','C','制造业','35','专用设备制造业','357','农、林、牧、渔专用机械制造','3575','渔业机械制造'),
 ('693','C','制造业','35','专用设备制造业','357','农、林、牧、渔专用机械制造','3576','农林牧渔机械配件制造'),
 ('694','C','制造业','35','专用设备制造业','357','农、林、牧、渔专用机械制造','3577','棉花加工机械制造'),
 ('695','C','制造业','35','专用设备制造业','357','农、林、牧、渔专用机械制造','3579','其他农、林、牧、渔业机械制造'),
 ('696','C','制造业','35','专用设备制造业','358','医疗仪器设备及器械制造','3581','医疗诊断、监护及治疗设备制造'),
 ('697','C','制造业','35','专用设备制造业','358','医疗仪器设备及器械制造','3582','口腔科用设备及器具制造'),
 ('698','C','制造业','35','专用设备制造业','358','医疗仪器设备及器械制造','3583','医疗实验室及医用消毒设备和器具制造'),
 ('699','C','制造业','35','专用设备制造业','358','医疗仪器设备及器械制造','3584','医疗、外科及兽医用器械制造'),
 ('7','B','采矿业','10','非金属矿采选业','101','土砂石开采','1011','石灰石、石膏开采'),
 ('70','C','制造业','15','酒、饮料和精制茶制造业','152','饮料制造','1524','含乳饮料和植物蛋白饮料制造'),
 ('700','C','制造业','35','专用设备制造业','358','医疗仪器设备及器械制造','3585','机械治疗及病房护理设备制造'),
 ('701','C','制造业','35','专用设备制造业','358','医疗仪器设备及器械制造','3586','假肢、人工器官及植（介）入器械制造'),
 ('702','C','制造业','35','专用设备制造业','358','医疗仪器设备及器械制造','3589','其他医疗设备及器械制造'),
 ('703','C','制造业','35','专用设备制造业','359','环保、社会公共服务及其他专用设备制造','3591','环境保护专用设备制造'),
 ('704','C','制造业','35','专用设备制造业','359','环保、社会公共服务及其他专用设备制造','3592','地质勘查专用设备制造'),
 ('705','C','制造业','35','专用设备制造业','359','环保、社会公共服务及其他专用设备制造','3593','邮政专用机械及器材制造'),
 ('706','C','制造业','35','专用设备制造业','359','环保、社会公共服务及其他专用设备制造','3594','商业、饮食、服务专用设备制造'),
 ('707','C','制造业','35','专用设备制造业','359','环保、社会公共服务及其他专用设备制造','3595','社会公共安全设备及器材制造'),
 ('708','C','制造业','35','专用设备制造业','359','环保、社会公共服务及其他专用设备制造','3596','交通安全、管制及类似专用设备制造'),
 ('709','C','制造业','35','专用设备制造业','359','环保、社会公共服务及其他专用设备制造','3597','水资源专用机械制造'),
 ('71','C','制造业','15','酒、饮料和精制茶制造业','152','饮料制造','1525','固体饮料制造'),
 ('710','C','制造业','35','专用设备制造业','359','环保、社会公共服务及其他专用设备制造','3599','其他专用设备制造'),
 ('711','C','制造业','36','汽车制造业','361','汽车整车制造','3610','汽车整车制造'),
 ('712','C','制造业','36','汽车制造业','362','改装汽车制造','3620','改装汽车制造'),
 ('713','C','制造业','36','汽车制造业','363','低速载货汽车制造','3630','低速载货汽车制造'),
 ('714','C','制造业','36','汽车制造业','364','电车制造','3640','电车制造'),
 ('715','C','制造业','36','汽车制造业','365','汽车车身、挂车制造','3650','汽车车身、挂车制造'),
 ('716','C','制造业','36','汽车制造业','366','汽车零部件及配件制造','3660','汽车零部件及配件制造'),
 ('717','C','制造业','37','铁路、船舶、航空航天和其他运输设备制造业','371','铁路运输设备制造','3711','铁路机车车辆及动车组制造'),
 ('718','C','制造业','37','铁路、船舶、航空航天和其他运输设备制造业','371','铁路运输设备制造','3712','窄轨机车车辆制造'),
 ('719','C','制造业','37','铁路、船舶、航空航天和其他运输设备制造业','371','铁路运输设备制造','3713','铁路机车车辆配件制造'),
 ('72','C','制造业','15','酒、饮料和精制茶制造业','152','饮料制造','1529','茶饮料及其他饮料制造'),
 ('720','C','制造业','37','铁路、船舶、航空航天和其他运输设备制造业','371','铁路运输设备制造','3714','铁路专用设备及器材、配件制造'),
 ('721','C','制造业','37','铁路、船舶、航空航天和其他运输设备制造业','371','铁路运输设备制造','3719','其他铁路运输设备制造'),
 ('722','C','制造业','37','铁路、船舶、航空航天和其他运输设备制造业','372','城市轨道交通设备制造','3720','城市轨道交通设备制造'),
 ('723','C','制造业','37','铁路、船舶、航空航天和其他运输设备制造业','373','船舶及相关装置制造','3731','金属船舶制造'),
 ('724','C','制造业','37','铁路、船舶、航空航天和其他运输设备制造业','373','船舶及相关装置制造','3732','非金属船舶制造'),
 ('725','C','制造业','37','铁路、船舶、航空航天和其他运输设备制造业','373','船舶及相关装置制造','3733','娱乐船和运动船制造'),
 ('726','C','制造业','37','铁路、船舶、航空航天和其他运输设备制造业','373','船舶及相关装置制造','3734','船用配套设备制造'),
 ('727','C','制造业','37','铁路、船舶、航空航天和其他运输设备制造业','373','船舶及相关装置制造','3735','船舶改装与拆除'),
 ('728','C','制造业','37','铁路、船舶、航空航天和其他运输设备制造业','373','船舶及相关装置制造','3739','航标器材及其他相关装置制造'),
 ('729','C','制造业','37','铁路、船舶、航空航天和其他运输设备制造业','374','航空、航天器及设备制造','3741','飞机制造'),
 ('73','C','制造业','15','酒、饮料和精制茶制造业','153','精制茶加工','1530','精制茶加工'),
 ('730','C','制造业','37','铁路、船舶、航空航天和其他运输设备制造业','374','航空、航天器及设备制造','3742','航天器制造'),
 ('731','C','制造业','37','铁路、船舶、航空航天和其他运输设备制造业','374','航空、航天器及设备制造','3743','航空、航天相关设备制造'),
 ('732','C','制造业','37','铁路、船舶、航空航天和其他运输设备制造业','374','航空、航天器及设备制造','3749','其他航空航天器制造'),
 ('733','C','制造业','37','铁路、船舶、航空航天和其他运输设备制造业','375','摩托车制造','3751','摩托车整车制造'),
 ('734','C','制造业','37','铁路、船舶、航空航天和其他运输设备制造业','375','摩托车制造','3752','摩托车零部件及配件制造'),
 ('735','C','制造业','37','铁路、船舶、航空航天和其他运输设备制造业','376','自行车制造','3761','脚踏自行车及残疾人座车制造'),
 ('736','C','制造业','37','铁路、船舶、航空航天和其他运输设备制造业','376','自行车制造','3762','助动自行车制造'),
 ('737','C','制造业','37','铁路、船舶、航空航天和其他运输设备制造业','377','非公路休闲车及零配件制造','3770','非公路休闲车及零配件制造'),
 ('738','C','制造业','37','铁路、船舶、航空航天和其他运输设备制造业','379','潜水救捞及其他未列明运输设备制造','3791','潜水及水下救捞装备制造'),
 ('739','C','制造业','37','铁路、船舶、航空航天和其他运输设备制造业','379','潜水救捞及其他未列明运输设备制造','3799','其他未列明运输设备制造'),
 ('74','C','制造业','16','烟草制品业','161','烟叶复烤','1610','烟叶复烤'),
 ('740','C','制造业','38','电气机械和器材制造业','381','电机制造','3811','发电机及发电机组制造'),
 ('741','C','制造业','38','电气机械和器材制造业','381','电机制造','3812','电动机制造'),
 ('742','C','制造业','38','电气机械和器材制造业','381','电机制造','3819','微电机及其他电机制造'),
 ('743','C','制造业','38','电气机械和器材制造业','382','输配电及控制设备制造','3821','变压器、整流器和电感器制造'),
 ('744','C','制造业','38','电气机械和器材制造业','382','输配电及控制设备制造','3822','电容器及其配套设备制造'),
 ('745','C','制造业','38','电气机械和器材制造业','382','输配电及控制设备制造','3823','配电开关控制设备制造'),
 ('746','C','制造业','38','电气机械和器材制造业','382','输配电及控制设备制造','3824','电力电子元器件制造'),
 ('747','C','制造业','38','电气机械和器材制造业','382','输配电及控制设备制造','3825','光伏设备及元器件制造'),
 ('748','C','制造业','38','电气机械和器材制造业','382','输配电及控制设备制造','3829','其他输配电及控制设备制造'),
 ('749','C','制造业','38','电气机械和器材制造业','383','电线、电缆、光缆及电工器材制造','3831','电线、电缆制造'),
 ('75','C','制造业','16','烟草制品业','162','卷烟制造','1620','卷烟制造'),
 ('750','C','制造业','38','电气机械和器材制造业','383','电线、电缆、光缆及电工器材制造','3832','光纤、光缆制造'),
 ('751','C','制造业','38','电气机械和器材制造业','383','电线、电缆、光缆及电工器材制造','3833','绝缘制品制造'),
 ('752','C','制造业','38','电气机械和器材制造业','383','电线、电缆、光缆及电工器材制造','3839','其他电工器材制造'),
 ('753','C','制造业','38','电气机械和器材制造业','384','电池制造','3841','锂离子电池制造'),
 ('754','C','制造业','38','电气机械和器材制造业','384','电池制造','3842','镍氢电池制造'),
 ('755','C','制造业','38','电气机械和器材制造业','384','电池制造','3849','其他电池制造'),
 ('756','C','制造业','38','电气机械和器材制造业','385','家用电力器具制造','3851','家用制冷电器具制造'),
 ('757','C','制造业','38','电气机械和器材制造业','385','家用电力器具制造','3852','家用空气调节器制造'),
 ('758','C','制造业','38','电气机械和器材制造业','385','家用电力器具制造','3853','家用通风电器具制造'),
 ('759','C','制造业','38','电气机械和器材制造业','385','家用电力器具制造','3854','家用厨房电器具制造'),
 ('76','C','制造业','16','烟草制品业','169','其他烟草制品制造','1690','其他烟草制品制造'),
 ('760','C','制造业','38','电气机械和器材制造业','385','家用电力器具制造','3855','家用清洁卫生电器具制造'),
 ('761','C','制造业','38','电气机械和器材制造业','385','家用电力器具制造','3856','家用美容、保健电器具制造'),
 ('762','C','制造业','38','电气机械和器材制造业','385','家用电力器具制造','3857','家用电力器具专用配件制造'),
 ('763','C','制造业','38','电气机械和器材制造业','385','家用电力器具制造','3859','其他家用电力器具制造'),
 ('764','C','制造业','38','电气机械和器材制造业','386','非电力家用器具制造','3861','燃气、太阳能及类似能源家用器具制造'),
 ('765','C','制造业','38','电气机械和器材制造业','386','非电力家用器具制造','3869','其他非电力家用器具制造'),
 ('766','C','制造业','38','电气机械和器材制造业','387','照明器具制造','3871','电光源制造'),
 ('767','C','制造业','38','电气机械和器材制造业','387','照明器具制造','3872','照明灯具制造'),
 ('768','C','制造业','38','电气机械和器材制造业','387','照明器具制造','3879','灯用电器附件及其他照明器具制造'),
 ('769','C','制造业','38','电气机械和器材制造业','389','其他电气机械及器材制造','3891','电气信号设备装置制造'),
 ('77','C','制造业','17','纺织业','171','棉纺织及印染精加工','1711','棉纺纱加工'),
 ('770','C','制造业','38','电气机械和器材制造业','389','其他电气机械及器材制造','3899','其他未列明电气机械及器材制造'),
 ('771','C','制造业','39','计算机、通信和其他电子设备制造业','391','计算机制造','3911','计算机整机制造'),
 ('772','C','制造业','39','计算机、通信和其他电子设备制造业','391','计算机制造','3912','计算机零部件制造'),
 ('773','C','制造业','39','计算机、通信和其他电子设备制造业','391','计算机制造','3913','计算机外围设备制造'),
 ('774','C','制造业','39','计算机、通信和其他电子设备制造业','391','计算机制造','3919','其他计算机制造'),
 ('775','C','制造业','39','计算机、通信和其他电子设备制造业','392','通信设备制造','3921','通信系统设备制造'),
 ('776','C','制造业','39','计算机、通信和其他电子设备制造业','392','通信设备制造','3922','通信终端设备制造'),
 ('777','C','制造业','39','计算机、通信和其他电子设备制造业','393','广播电视设备制造','3931','广播电视节目制作及发射设备制造'),
 ('778','C','制造业','39','计算机、通信和其他电子设备制造业','393','广播电视设备制造','3932','广播电视接收设备及器材制造'),
 ('779','C','制造业','39','计算机、通信和其他电子设备制造业','393','广播电视设备制造','3939','应用电视设备及其他广播电视设备制造'),
 ('78','C','制造业','17','纺织业','171','棉纺织及印染精加工','1712','棉织造加工'),
 ('780','C','制造业','39','计算机、通信和其他电子设备制造业','394','雷达及配套设备制造','3940','雷达及配套设备制造'),
 ('781','C','制造业','39','计算机、通信和其他电子设备制造业','395','视听设备制造','3951','电视机制造'),
 ('782','C','制造业','39','计算机、通信和其他电子设备制造业','395','视听设备制造','3952','音响设备制造'),
 ('783','C','制造业','39','计算机、通信和其他电子设备制造业','395','视听设备制造','3953','影视录放设备制造'),
 ('784','C','制造业','39','计算机、通信和其他电子设备制造业','396','电子器件制造','3961','电子真空器件制造'),
 ('785','C','制造业','39','计算机、通信和其他电子设备制造业','396','电子器件制造','3962','半导体分立器件制造'),
 ('786','C','制造业','39','计算机、通信和其他电子设备制造业','396','电子器件制造','3963','集成电路制造'),
 ('787','C','制造业','39','计算机、通信和其他电子设备制造业','396','电子器件制造','3969','光电子器件及其他电子器件制造'),
 ('788','C','制造业','39','计算机、通信和其他电子设备制造业','397','电子元件制造','3971','电子元件及组件制造'),
 ('789','C','制造业','39','计算机、通信和其他电子设备制造业','397','电子元件制造','3972','印制电路板制造'),
 ('79','C','制造业','17','纺织业','171','棉纺织及印染精加工','1713','棉印染精加工'),
 ('790','C','制造业','39','计算机、通信和其他电子设备制造业','399','其他电子设备制造','3990','其他电子设备制造'),
 ('791','C','制造业','40','仪器仪表制造业','401','通用仪器仪表制造','4011','工业自动控制系统装置制造'),
 ('792','C','制造业','40','仪器仪表制造业','401','通用仪器仪表制造','4012','电工仪器仪表制造'),
 ('793','C','制造业','40','仪器仪表制造业','401','通用仪器仪表制造','4013','绘图、计算及测量仪器制造'),
 ('794','C','制造业','40','仪器仪表制造业','401','通用仪器仪表制造','4014','实验分析仪器制造'),
 ('795','C','制造业','40','仪器仪表制造业','401','通用仪器仪表制造','4015','试验机制造'),
 ('796','C','制造业','40','仪器仪表制造业','401','通用仪器仪表制造','4019','供应用仪表及其他通用仪器制造'),
 ('797','C','制造业','40','仪器仪表制造业','402','专用仪器仪表制造','4021','环境监测专用仪器仪表制造'),
 ('798','C','制造业','40','仪器仪表制造业','402','专用仪器仪表制造','4022','运输设备及生产用计数仪表制造'),
 ('799','C','制造业','40','仪器仪表制造业','402','专用仪器仪表制造','4023','导航、气象及海洋专用仪器制造'),
 ('8','B','采矿业','10','非金属矿采选业','101','土砂石开采','1012','建筑装饰用石开采'),
 ('80','C','制造业','17','纺织业','172','毛纺织及染整精加工','1721','毛条和毛纱线加工'),
 ('800','C','制造业','40','仪器仪表制造业','402','专用仪器仪表制造','4024','农林牧渔专用仪器仪表制造'),
 ('801','C','制造业','40','仪器仪表制造业','402','专用仪器仪表制造','4025','地质勘探和地震专用仪器制造'),
 ('802','C','制造业','40','仪器仪表制造业','402','专用仪器仪表制造','4026','教学专用仪器制造'),
 ('803','C','制造业','40','仪器仪表制造业','402','专用仪器仪表制造','4027','核子及核辐射测量仪器制造'),
 ('804','C','制造业','40','仪器仪表制造业','402','专用仪器仪表制造','4028','电子测量仪器制造'),
 ('805','C','制造业','40','仪器仪表制造业','402','专用仪器仪表制造','4029','其他专用仪器制造'),
 ('806','C','制造业','40','仪器仪表制造业','403','钟表与计时仪器制造','4030','钟表与计时仪器制造'),
 ('807','C','制造业','40','仪器仪表制造业','404','光学仪器及眼镜制造','4041','光学仪器制造'),
 ('808','C','制造业','40','仪器仪表制造业','404','光学仪器及眼镜制造','4042','眼镜制造'),
 ('809','C','制造业','40','仪器仪表制造业','409','其他仪器仪表制造业','4090','其他仪器仪表制造业'),
 ('81','C','制造业','17','纺织业','172','毛纺织及染整精加工','1722','毛织造加工'),
 ('810','C','制造业','41','其他制造业','411','日用杂品制造','4111','鬃毛加工、制刷及清扫工具制造'),
 ('811','C','制造业','41','其他制造业','411','日用杂品制造','4119','其他日用杂品制造'),
 ('812','C','制造业','41','其他制造业','412','煤制品制造','4120','煤制品制造'),
 ('813','C','制造业','41','其他制造业','413','核辐射加工','4130','核辐射加工'),
 ('814','C','制造业','41','其他制造业','419','其他未列明制造业','4190','其他未列明制造业'),
 ('815','C','制造业','42','废弃资源综合利用业','421','金属废料和碎屑加工处理','4210','金属废料和碎屑加工处理'),
 ('816','C','制造业','42','废弃资源综合利用业','422','非金属废料和碎屑加工处理','4220','非金属废料和碎屑加工处理'),
 ('817','C','制造业','43','金属制品、机械和设备修理业','431','金属制品修理','4310','金属制品修理'),
 ('818','C','制造业','43','金属制品、机械和设备修理业','432','通用设备修理','4320','通用设备修理'),
 ('819','C','制造业','43','金属制品、机械和设备修理业','433','专用设备修理','4330','专用设备修理'),
 ('82','C','制造业','17','纺织业','172','毛纺织及染整精加工','1723','毛染整精加工'),
 ('820','C','制造业','43','金属制品、机械和设备修理业','434','铁路、船舶、航空航天等运输设备修理','4341','铁路运输设备修理'),
 ('821','C','制造业','43','金属制品、机械和设备修理业','434','铁路、船舶、航空航天等运输设备修理','4342','船舶修理'),
 ('822','C','制造业','43','金属制品、机械和设备修理业','434','铁路、船舶、航空航天等运输设备修理','4343','航空航天器修理'),
 ('823','C','制造业','43','金属制品、机械和设备修理业','434','铁路、船舶、航空航天等运输设备修理','4349','其他运输设备修理'),
 ('824','C','制造业','43','金属制品、机械和设备修理业','435','电气设备修理','4350','电气设备修理'),
 ('825','C','制造业','43','金属制品、机械和设备修理业','436','仪器仪表修理','4360','仪器仪表修理'),
 ('826','C','制造业','43','金属制品、机械和设备修理业','439','其他机械和设备修理业','4390','其他机械和设备修理业'),
 ('827','D','电力、热力、燃气及水生产和供应业','44','电力、热力生产和供应业','441','电力生产','4411','火力发电'),
 ('828','D','电力、热力、燃气及水生产和供应业','44','电力、热力生产和供应业','441','电力生产','4412','水力发电'),
 ('829','D','电力、热力、燃气及水生产和供应业','44','电力、热力生产和供应业','441','电力生产','4413','核力发电'),
 ('83','C','制造业','17','纺织业','173','麻纺织及染整精加工','1731','麻纤维纺前加工和纺纱'),
 ('830','D','电力、热力、燃气及水生产和供应业','44','电力、热力生产和供应业','441','电力生产','4414','风力发电'),
 ('831','D','电力、热力、燃气及水生产和供应业','44','电力、热力生产和供应业','441','电力生产','4415','太阳能发电'),
 ('832','D','电力、热力、燃气及水生产和供应业','44','电力、热力生产和供应业','441','电力生产','4419','其他电力生产'),
 ('833','D','电力、热力、燃气及水生产和供应业','44','电力、热力生产和供应业','442','电力供应','4420','电力供应'),
 ('834','D','电力、热力、燃气及水生产和供应业','44','电力、热力生产和供应业','443','热力生产和供应','4430','热力生产和供应'),
 ('835','D','电力、热力、燃气及水生产和供应业','45','燃气生产和供应业','450','燃气生产和供应业','4500','燃气生产和供应业'),
 ('836','D','电力、热力、燃气及水生产和供应业','46','水的生产和供应业','461','自来水生产和供应','4610','自来水生产和供应'),
 ('837','D','电力、热力、燃气及水生产和供应业','46','水的生产和供应业','462','污水处理及其再生利用','4620','污水处理及其再生利用'),
 ('838','D','电力、热力、燃气及水生产和供应业','46','水的生产和供应业','469','其他水的处理、利用与分配','4690','其他水的处理、利用与分配'),
 ('839','E','建筑业','47','房屋建筑业','470','房屋建筑业','4700','房屋建筑业'),
 ('84','C','制造业','17','纺织业','173','麻纺织及染整精加工','1732','麻织造加工'),
 ('840','E','建筑业','48','土木工程建筑业','481','铁路、道路、隧道和桥梁工程建筑','4811','铁路工程建筑'),
 ('841','E','建筑业','48','土木工程建筑业','481','铁路、道路、隧道和桥梁工程建筑','4812','公路工程建筑'),
 ('842','E','建筑业','48','土木工程建筑业','481','铁路、道路、隧道和桥梁工程建筑','4813','市政道路工程建筑'),
 ('843','E','建筑业','48','土木工程建筑业','481','铁路、道路、隧道和桥梁工程建筑','4819','其他道路、隧道和桥梁工程建筑'),
 ('844','E','建筑业','48','土木工程建筑业','482','水利和内河港口工程建筑','4821','水源及供水设施工程建筑'),
 ('845','E','建筑业','48','土木工程建筑业','482','水利和内河港口工程建筑','4822','河湖治理及防洪设施工程建筑'),
 ('846','E','建筑业','48','土木工程建筑业','482','水利和内河港口工程建筑','4823','港口及航运设施工程建筑'),
 ('847','E','建筑业','48','土木工程建筑业','483','海洋工程建筑','4830','海洋工程建筑'),
 ('848','E','建筑业','48','土木工程建筑业','484','工矿工程建筑','4840','工矿工程建筑'),
 ('849','E','建筑业','48','土木工程建筑业','485','架线和管道工程建筑','4851','架线及设备工程建筑'),
 ('85','C','制造业','17','纺织业','173','麻纺织及染整精加工','1733','麻染整精加工'),
 ('850','E','建筑业','48','土木工程建筑业','485','架线和管道工程建筑','4852','管道工程建筑'),
 ('851','E','建筑业','48','土木工程建筑业','489','其他土木工程建筑','4890','其他土木工程建筑'),
 ('852','E','建筑业','49','建筑安装业','491','电气安装','4910','电气安装'),
 ('853','E','建筑业','49','建筑安装业','492','管道和设备安装','4920','管道和设备安装'),
 ('854','E','建筑业','49','建筑安装业','499','其他建筑安装业','4990','其他建筑安装业'),
 ('855','E','建筑业','50','建筑装饰和其他建筑业','501','建筑装饰业','5010','建筑装饰业'),
 ('856','E','建筑业','50','建筑装饰和其他建筑业','502','工程准备活动','5021','建筑物拆除活动'),
 ('857','E','建筑业','50','建筑装饰和其他建筑业','502','工程准备活动','5029','其他工程准备活动'),
 ('858','E','建筑业','50','建筑装饰和其他建筑业','503','提供施工设备服务','5030','提供施工设备服务'),
 ('859','J','金融业','67','资本市场服务','679','其他资本市场服务','6790','其他资本市场服务'),
 ('86','C','制造业','17','纺织业','174','丝绢纺织及印染精加工','1741','缫丝加工'),
 ('860','J','金融业','68','保险业','681','人身保险','6811','人寿保险'),
 ('861','J','金融业','68','保险业','681','人身保险','6812','健康和意外保险'),
 ('862','J','金融业','68','保险业','682','财产保险','6820','财产保险'),
 ('863','J','金融业','68','保险业','683','再保险','6830','再保险'),
 ('864','J','金融业','68','保险业','684','养老金','6840','养老金'),
 ('865','J','金融业','68','保险业','685','保险经纪与代理服务','6850','保险经纪与代理服务'),
 ('866','J','金融业','68','保险业','686','保险监管服务','6860','保险监管服务'),
 ('867','J','金融业','68','保险业','689','其他保险活动','6891','风险和损失评估'),
 ('868','J','金融业','68','保险业','689','其他保险活动','6899','其他未列明保险活动'),
 ('869','J','金融业','69','其他金融业','691','金融信托与管理服务','6910','金融信托与管理服务'),
 ('87','C','制造业','17','纺织业','174','丝绢纺织及印染精加工','1742','绢纺和丝织加工'),
 ('870','J','金融业','69','其他金融业','692','控股公司服务','6920','控股公司服务'),
 ('871','J','金融业','69','其他金融业','693','非金融机构支付服务','6930','非金融机构支付服务'),
 ('872','J','金融业','69','其他金融业','694','金融信息服务','6940','金融信息服务'),
 ('873','J','金融业','69','其他金融业','699','其他未列明金融业','6990','其他未列明金融业'),
 ('874','K','房地产业','70','房地产业','701','房地产开发经营','7010','房地产开发经营'),
 ('875','K','房地产业','70','房地产业','702','物业管理','7020','物业管理'),
 ('876','K','房地产业','70','房地产业','703','房地产中介服务','7030','房地产中介服务'),
 ('877','K','房地产业','70','房地产业','704','自有房地产经营活动','7040','自有房地产经营活动'),
 ('878','K','房地产业','70','房地产业','709','其他房地产业','7090','其他房地产业'),
 ('879','L','租赁和商务服务业','71','租赁业','711','机械设备租赁','7111','汽车租赁'),
 ('88','C','制造业','17','纺织业','174','丝绢纺织及印染精加工','1743','丝印染精加工'),
 ('880','L','租赁和商务服务业','71','租赁业','711','机械设备租赁','7112','农业机械租赁'),
 ('881','L','租赁和商务服务业','71','租赁业','711','机械设备租赁','7113','建筑工程机械与设备租赁'),
 ('882','L','租赁和商务服务业','71','租赁业','711','机械设备租赁','7114','计算机及通讯设备租赁'),
 ('883','L','租赁和商务服务业','71','租赁业','711','机械设备租赁','7119','其他机械与设备租赁'),
 ('884','L','租赁和商务服务业','71','租赁业','712','文化及日用品出租','7121','娱乐及体育设备出租'),
 ('885','L','租赁和商务服务业','71','租赁业','712','文化及日用品出租','7122','图书出租'),
 ('886','L','租赁和商务服务业','71','租赁业','712','文化及日用品出租','7123','音像制品出租'),
 ('887','L','租赁和商务服务业','71','租赁业','712','文化及日用品出租','7129','其他文化及日用品出租'),
 ('888','L','租赁和商务服务业','72','商务服务业','721','企业管理服务','7211','企业总部管理'),
 ('889','L','租赁和商务服务业','72','商务服务业','721','企业管理服务','7212','投资与资产管理'),
 ('89','C','制造业','17','纺织业','175','化纤织造及印染精加工','1751','化纤织造加工'),
 ('890','L','租赁和商务服务业','72','商务服务业','721','企业管理服务','7213','单位后勤管理服务'),
 ('891','L','租赁和商务服务业','72','商务服务业','721','企业管理服务','7219','其他企业管理服务'),
 ('892','L','租赁和商务服务业','72','商务服务业','722','法律服务','7221','律师及相关法律服务'),
 ('893','L','租赁和商务服务业','72','商务服务业','722','法律服务','7222','公证服务'),
 ('894','L','租赁和商务服务业','72','商务服务业','722','法律服务','7229','其他法律服务'),
 ('895','L','租赁和商务服务业','72','商务服务业','723','咨询与调查','7231','会计、审计及税务服务'),
 ('896','L','租赁和商务服务业','72','商务服务业','723','咨询与调查','7232','市场调查'),
 ('897','L','租赁和商务服务业','72','商务服务业','723','咨询与调查','7233','社会经济咨询'),
 ('898','L','租赁和商务服务业','72','商务服务业','723','咨询与调查','7239','其他专业咨询'),
 ('899','L','租赁和商务服务业','72','商务服务业','724','广告业','7240','广告业'),
 ('9','B','采矿业','10','非金属矿采选业','101','土砂石开采','1013','耐火土石开采'),
 ('90','C','制造业','17','纺织业','175','化纤织造及印染精加工','1752','化纤织物染整精加工'),
 ('900','L','租赁和商务服务业','72','商务服务业','725','知识产权服务','7250','知识产权服务'),
 ('901','L','租赁和商务服务业','72','商务服务业','726','人力资源服务','7261','公共就业服务'),
 ('902','L','租赁和商务服务业','72','商务服务业','726','人力资源服务','7262','职业中介服务'),
 ('903','L','租赁和商务服务业','72','商务服务业','726','人力资源服务','7263','劳务派遣服务'),
 ('904','L','租赁和商务服务业','72','商务服务业','726','人力资源服务','7269','其他人力资源服务'),
 ('905','L','租赁和商务服务业','72','商务服务业','727','旅行社及相关服务','7271','旅行社服务'),
 ('906','L','租赁和商务服务业','72','商务服务业','727','旅行社及相关服务','7272','旅游管理服务'),
 ('907','L','租赁和商务服务业','72','商务服务业','727','旅行社及相关服务','7279','其他旅行社相关服务'),
 ('908','L','租赁和商务服务业','72','商务服务业','728','安全保护服务','7281','安全服务');
INSERT INTO `dm_hy_mdzx` (`ID`,`HY_DM_ML`,`HYMC_ML`,`HY_DM_DL`,`HYMC_DL`,`HY_DM_ZL`,`HYMC_ZL`,`HY_DM_XL`,`HYMC_XL`) VALUES 
 ('909','L','租赁和商务服务业','72','商务服务业','728','安全保护服务','7282','安全系统监控服务'),
 ('91','C','制造业','17','纺织业','176','针织或钩针编织物及其制品制造','1761','针织或钩针编织物织造'),
 ('910','L','租赁和商务服务业','72','商务服务业','728','安全保护服务','7289','其他安全保护服务'),
 ('911','L','租赁和商务服务业','72','商务服务业','729','其他商务服务业','7291','市场管理'),
 ('912','L','租赁和商务服务业','72','商务服务业','729','其他商务服务业','7292','会议及展览服务'),
 ('913','L','租赁和商务服务业','72','商务服务业','729','其他商务服务业','7293','包装服务'),
 ('914','L','租赁和商务服务业','72','商务服务业','729','其他商务服务业','7294','办公服务'),
 ('915','L','租赁和商务服务业','72','商务服务业','729','其他商务服务业','7295','信用服务'),
 ('916','L','租赁和商务服务业','72','商务服务业','729','其他商务服务业','7296','担保服务'),
 ('917','L','租赁和商务服务业','72','商务服务业','729','其他商务服务业','7299','其他未列明商务服务业'),
 ('918','M','科学研究和技术服务业','73','研究和试验发展','731','自然科学研究和试验发展','7310','自然科学研究和试验发展'),
 ('919','M','科学研究和技术服务业','73','研究和试验发展','732','工程和技术研究和试验发展','7320','工程和技术研究和试验发展'),
 ('92','C','制造业','17','纺织业','176','针织或钩针编织物及其制品制造','1762','针织或钩针编织物印染精加工'),
 ('920','M','科学研究和技术服务业','73','研究和试验发展','733','农业科学研究和试验发展','7330','农业科学研究和试验发展'),
 ('921','M','科学研究和技术服务业','73','研究和试验发展','734','医学研究和试验发展','7340','医学研究和试验发展'),
 ('922','M','科学研究和技术服务业','73','研究和试验发展','735','社会人文科学研究','7350','社会人文科学研究'),
 ('923','M','科学研究和技术服务业','74','专业技术服务业','741','气象服务','7410','气象服务'),
 ('924','M','科学研究和技术服务业','74','专业技术服务业','742','地震服务','7420','地震服务'),
 ('925','M','科学研究和技术服务业','74','专业技术服务业','743','海洋服务','7430','海洋服务'),
 ('926','M','科学研究和技术服务业','74','专业技术服务业','744','测绘服务','7440','测绘服务'),
 ('927','M','科学研究和技术服务业','74','专业技术服务业','745','质检技术服务','7450','质检技术服务'),
 ('928','M','科学研究和技术服务业','74','专业技术服务业','746','环境与生态监测','7461','环境保护监测'),
 ('929','M','科学研究和技术服务业','74','专业技术服务业','746','环境与生态监测','7462','生态监测'),
 ('93','C','制造业','17','纺织业','176','针织或钩针编织物及其制品制造','1763','针织或钩针编织品制造'),
 ('930','M','科学研究和技术服务业','74','专业技术服务业','747','地质勘查','7471','能源矿产地质勘查'),
 ('931','M','科学研究和技术服务业','74','专业技术服务业','747','地质勘查','7472','固体矿产地质勘查'),
 ('932','M','科学研究和技术服务业','74','专业技术服务业','747','地质勘查','7473','水、二氧化碳等矿产地质勘查'),
 ('933','M','科学研究和技术服务业','74','专业技术服务业','747','地质勘查','7474','基础地质勘查'),
 ('934','M','科学研究和技术服务业','74','专业技术服务业','747','地质勘查','7475','地质勘查技术服务'),
 ('935','M','科学研究和技术服务业','74','专业技术服务业','748','工程技术','7481','工程管理服务'),
 ('936','M','科学研究和技术服务业','74','专业技术服务业','748','工程技术','7482','工程勘察设计'),
 ('937','M','科学研究和技术服务业','74','专业技术服务业','748','工程技术','7483','规划管理'),
 ('938','M','科学研究和技术服务业','74','专业技术服务业','749','其他专业技术服务业','7491','专业化设计服务'),
 ('939','M','科学研究和技术服务业','74','专业技术服务业','749','其他专业技术服务业','7492','摄影扩印服务'),
 ('94','C','制造业','17','纺织业','177','家用纺织制成品制造','1771','床上用品制造'),
 ('940','M','科学研究和技术服务业','74','专业技术服务业','749','其他专业技术服务业','7493','兽医服务'),
 ('941','M','科学研究和技术服务业','74','专业技术服务业','749','其他专业技术服务业','7499','其他未列明专业技术服务业'),
 ('942','M','科学研究和技术服务业','75','科技推广和应用服务业','751','技术推广服务','7511','农业技术推广服务'),
 ('943','M','科学研究和技术服务业','75','科技推广和应用服务业','751','技术推广服务','7512','生物技术推广服务'),
 ('944','M','科学研究和技术服务业','75','科技推广和应用服务业','751','技术推广服务','7513','新材料技术推广服务'),
 ('945','M','科学研究和技术服务业','75','科技推广和应用服务业','751','技术推广服务','7514','节能技术推广服务'),
 ('946','M','科学研究和技术服务业','75','科技推广和应用服务业','751','技术推广服务','7519','其他技术推广服务'),
 ('947','M','科学研究和技术服务业','75','科技推广和应用服务业','752','科技中介服务','7520','科技中介服务'),
 ('948','M','科学研究和技术服务业','75','科技推广和应用服务业','759','其他科技推广和应用服务业','7590','其他科技推广和应用服务业'),
 ('949','N','水利、环境和公共设施管理业','76','水利管理业','761','防洪除涝设施管理','7610','防洪除涝设施管理'),
 ('95','C','制造业','17','纺织业','177','家用纺织制成品制造','1772','毛巾类制品制造'),
 ('950','N','水利、环境和公共设施管理业','76','水利管理业','762','水资源管理','7620','水资源管理'),
 ('951','N','水利、环境和公共设施管理业','76','水利管理业','763','天然水收集与分配','7630','天然水收集与分配'),
 ('952','N','水利、环境和公共设施管理业','76','水利管理业','764','水文服务','7640','水文服务'),
 ('953','N','水利、环境和公共设施管理业','76','水利管理业','769','其他水利管理业','7690','其他水利管理业'),
 ('954','N','水利、环境和公共设施管理业','77','生态保护和环境治理业','771','生态保护','7711','自然保护区管理'),
 ('955','N','水利、环境和公共设施管理业','77','生态保护和环境治理业','771','生态保护','7712','野生动物保护'),
 ('956','N','水利、环境和公共设施管理业','77','生态保护和环境治理业','771','生态保护','7713','野生植物保护'),
 ('957','N','水利、环境和公共设施管理业','77','生态保护和环境治理业','771','生态保护','7719','其他自然保护'),
 ('958','N','水利、环境和公共设施管理业','77','生态保护和环境治理业','772','环境治理业','7721','水污染治理'),
 ('959','N','水利、环境和公共设施管理业','77','生态保护和环境治理业','772','环境治理业','7722','大气污染治理'),
 ('96','C','制造业','17','纺织业','177','家用纺织制成品制造','1773','窗帘、布艺类产品制造'),
 ('960','N','水利、环境和公共设施管理业','77','生态保护和环境治理业','772','环境治理业','7723','固体废物治理'),
 ('961','N','水利、环境和公共设施管理业','77','生态保护和环境治理业','772','环境治理业','7724','危险废物治理'),
 ('962','N','水利、环境和公共设施管理业','77','生态保护和环境治理业','772','环境治理业','7725','放射性废物治理'),
 ('963','N','水利、环境和公共设施管理业','77','生态保护和环境治理业','772','环境治理业','7729','其他污染治理'),
 ('964','N','水利、环境和公共设施管理业','78','公共设施管理业','781','市政设施管理','7810','市政设施管理'),
 ('965','N','水利、环境和公共设施管理业','78','公共设施管理业','782','环境卫生管理','7820','环境卫生管理'),
 ('966','N','水利、环境和公共设施管理业','78','公共设施管理业','783','城乡市容管理','7830','城乡市容管理'),
 ('967','N','水利、环境和公共设施管理业','78','公共设施管理业','784','绿化管理','7840','绿化管理'),
 ('968','N','水利、环境和公共设施管理业','78','公共设施管理业','785','公园和游览景区管理','7851','公园管理'),
 ('969','N','水利、环境和公共设施管理业','78','公共设施管理业','785','公园和游览景区管理','7852','游览景区管理'),
 ('97','C','制造业','17','纺织业','177','家用纺织制成品制造','1779','其他家用纺织制成品制造'),
 ('970','O','居民服务、修理和其他服务业','79','居民服务业','791','家庭服务','7910','家庭服务'),
 ('971','O','居民服务、修理和其他服务业','79','居民服务业','792','托儿所服务','7920','托儿所服务'),
 ('972','O','居民服务、修理和其他服务业','79','居民服务业','793','洗染服务','7930','洗染服务'),
 ('973','O','居民服务、修理和其他服务业','79','居民服务业','794','理发及美容服务','7940','理发及美容服务'),
 ('974','O','居民服务、修理和其他服务业','79','居民服务业','795','洗浴服务','7950','洗浴服务'),
 ('975','O','居民服务、修理和其他服务业','79','居民服务业','796','保健服务','7960','保健服务'),
 ('976','O','居民服务、修理和其他服务业','79','居民服务业','797','婚姻服务','7970','婚姻服务'),
 ('977','O','居民服务、修理和其他服务业','79','居民服务业','798','殡葬服务','7980','殡葬服务'),
 ('978','O','居民服务、修理和其他服务业','79','居民服务业','799','其他居民服务业','7990','其他居民服务业'),
 ('979','O','居民服务、修理和其他服务业','80','机动车、电子产品和日用产品修理业','801','汽车、摩托车修理与维护','8011','汽车修理与维护'),
 ('98','C','制造业','17','纺织业','178','非家用纺织制成品制造','1781','非织造布制造'),
 ('980','O','居民服务、修理和其他服务业','80','机动车、电子产品和日用产品修理业','801','汽车、摩托车修理与维护','8012','摩托车修理与维护'),
 ('981','O','居民服务、修理和其他服务业','80','机动车、电子产品和日用产品修理业','802','计算机和办公设备维修','8021','计算机和辅助设备修理'),
 ('982','O','居民服务、修理和其他服务业','80','机动车、电子产品和日用产品修理业','802','计算机和办公设备维修','8022','通讯设备修理'),
 ('983','O','居民服务、修理和其他服务业','80','机动车、电子产品和日用产品修理业','802','计算机和办公设备维修','8029','其他办公设备维修'),
 ('984','O','居民服务、修理和其他服务业','80','机动车、电子产品和日用产品修理业','803','家用电器修理','8031','家用电子产品修理'),
 ('985','O','居民服务、修理和其他服务业','80','机动车、电子产品和日用产品修理业','803','家用电器修理','8032','日用电器修理'),
 ('986','O','居民服务、修理和其他服务业','80','机动车、电子产品和日用产品修理业','809','其他日用产品修理业','8091','自行车修理'),
 ('987','O','居民服务、修理和其他服务业','80','机动车、电子产品和日用产品修理业','809','其他日用产品修理业','8092','鞋和皮革修理'),
 ('988','O','居民服务、修理和其他服务业','80','机动车、电子产品和日用产品修理业','809','其他日用产品修理业','8093','家具和相关物品修理'),
 ('989','O','居民服务、修理和其他服务业','80','机动车、电子产品和日用产品修理业','809','其他日用产品修理业','8099','其他未列明日用产品修理业'),
 ('99','C','制造业','17','纺织业','178','非家用纺织制成品制造','1782','绳、索、缆制造'),
 ('990','O','居民服务、修理和其他服务业','81','其他服务业','811','清洁服务','8111','建筑物清洁服务'),
 ('991','O','居民服务、修理和其他服务业','81','其他服务业','811','清洁服务','8119','其他清洁服务'),
 ('992','O','居民服务、修理和其他服务业','81','其他服务业','819','其他未列明服务业','8190','其他未列明服务业'),
 ('993','P','教育','82','教育','821','学前教育','8210','学前教育'),
 ('994','P','教育','82','教育','822','初等教育','8221','普通小学教育'),
 ('995','P','教育','82','教育','822','初等教育','8222','成人小学教育'),
 ('996','P','教育','82','教育','823','中等教育','8231','普通初中教育'),
 ('997','P','教育','82','教育','823','中等教育','8232','职业初中教育'),
 ('998','P','教育','82','教育','823','中等教育','8233','成人初中教育'),
 ('999','P','教育','82','教育','823','中等教育','8234','普通高中教育');
/*!40000 ALTER TABLE `dm_hy_mdzx` ENABLE KEYS */;


--
-- Definition of table `fxjb`
--

DROP TABLE IF EXISTS `fxjb`;
CREATE TABLE `fxjb` (
  `ID` varchar(32) NOT NULL,
  `CJR` varchar(32) DEFAULT NULL,
  `RWH` varchar(32) DEFAULT NULL,
  `SZLX` int(11) DEFAULT NULL,
  `DJ` int(11) DEFAULT NULL,
  `JB` varchar(128) DEFAULT NULL,
  `ZDZ` double DEFAULT NULL,
  `ZXZ` double DEFAULT NULL,
  `CJSJ` datetime DEFAULT NULL,
  PRIMARY KEY (`ID`)
) ENGINE=InnoDB DEFAULT CHARSET=utf8;

--
-- Dumping data for table `fxjb`
--

/*!40000 ALTER TABLE `fxjb` DISABLE KEYS */;
INSERT INTO `fxjb` (`ID`,`CJR`,`RWH`,`SZLX`,`DJ`,`JB`,`ZDZ`,`ZXZ`,`CJSJ`) VALUES 
 ('4028808b5ab1f8da015ab1f9a0ff0001','11111111',NULL,1,1,'高风险',0.08,0,'2017-03-09 15:30:11'),
 ('4028808b5ab1f8da015ab1f9a1050002','11111111',NULL,1,2,'中等风险',0.4,0.08,'2017-03-09 15:30:11'),
 ('4028808b5ab1f8da015ab1f9a1050003','11111111',NULL,1,3,'低风险',1,0.4,'2017-03-09 15:30:11');
/*!40000 ALTER TABLE `fxjb` ENABLE KEYS */;


--
-- Definition of table `fxrw`
--

DROP TABLE IF EXISTS `fxrw`;
CREATE TABLE `fxrw` (
  `ID` varchar(32) NOT NULL,
  `RWH` varchar(32) DEFAULT NULL,
  `CJR` varchar(32) DEFAULT NULL,
  `MC` varchar(64) DEFAULT NULL,
  `MS` varchar(1024) DEFAULT NULL,
  `JD` int(11) DEFAULT NULL,
  `ZT` int(11) DEFAULT NULL,
  `SBYY` varchar(1024) DEFAULT NULL,
  `SJYBH` varchar(32) DEFAULT NULL,
  `GXSJ` datetime DEFAULT NULL,
  `CJSJ` datetime DEFAULT NULL,
  `SJKSSJ` datetime DEFAULT NULL,
  `SJJSSJ` datetime DEFAULT NULL,
  `ZHS` int(11) DEFAULT NULL,
  `SBHS` int(11) DEFAULT NULL,
  `REPORTZHS` int(11) DEFAULT NULL,
  `REPORTSBHS` int(11) DEFAULT NULL,
  `RESULTZHS` int(11) DEFAULT NULL,
  `RESULTSBHS` int(11) DEFAULT NULL,
  PRIMARY KEY (`ID`)
) ENGINE=InnoDB DEFAULT CHARSET=utf8;

--
-- Dumping data for table `fxrw`
--

/*!40000 ALTER TABLE `fxrw` DISABLE KEYS */;
/*!40000 ALTER TABLE `fxrw` ENABLE KEYS */;


--
-- Definition of table `fxsjcj`
--

DROP TABLE IF EXISTS `fxsjcj`;
CREATE TABLE `fxsjcj` (
  `ID` varchar(32) NOT NULL,
  `CJR` varchar(32) DEFAULT NULL,
  `SJKLX` int(11) DEFAULT NULL,
  `SJKDZ` varchar(1024) DEFAULT NULL,
  `DKH` varchar(32) DEFAULT NULL,
  `YHM` varchar(32) DEFAULT NULL,
  `MM` varchar(32) DEFAULT NULL,
  `CJSJ` datetime DEFAULT NULL,
  `ZT` int(11) DEFAULT NULL,
  `GXSJ` datetime DEFAULT NULL,
  `SJKMC` varchar(64) DEFAULT NULL,
  PRIMARY KEY (`ID`)
) ENGINE=InnoDB DEFAULT CHARSET=utf8;

--
-- Dumping data for table `fxsjcj`
--

/*!40000 ALTER TABLE `fxsjcj` DISABLE KEYS */;
/*!40000 ALTER TABLE `fxsjcj` ENABLE KEYS */;


--
-- Definition of table `fxsjy`
--

DROP TABLE IF EXISTS `fxsjy`;
CREATE TABLE `fxsjy` (
  `ID` varchar(32) NOT NULL,
  `CJR` varchar(32) DEFAULT NULL,
  `LX` int(11) DEFAULT NULL,
  `MC` varchar(64) DEFAULT NULL,
  `MS` varchar(1024) DEFAULT NULL,
  `JQH` varchar(64) DEFAULT NULL,
  `SY` varchar(64) DEFAULT NULL,
  `SYLX` varchar(64) DEFAULT NULL,
  `CJSJ` datetime DEFAULT NULL,
  `ZT` int(11) DEFAULT NULL,
  `SJKSSJ` datetime DEFAULT NULL,
  `SJJSSJ` datetime DEFAULT NULL,
  `CJWJLJ` varchar(1024) DEFAULT NULL,
  `SJYH` varchar(64) DEFAULT NULL,
  PRIMARY KEY (`ID`)
) ENGINE=InnoDB DEFAULT CHARSET=utf8;

--
-- Dumping data for table `fxsjy`
--

/*!40000 ALTER TABLE `fxsjy` DISABLE KEYS */;
/*!40000 ALTER TABLE `fxsjy` ENABLE KEYS */;


--
-- Definition of table `fxsjysjgxb`
--

DROP TABLE IF EXISTS `fxsjysjgxb`;
CREATE TABLE `fxsjysjgxb` (
  `ID` varchar(32) NOT NULL,
  `FXSJYBH` varchar(32) DEFAULT NULL,
  `FXSJCJBH` varchar(32) DEFAULT NULL,
  `CJSJ` datetime DEFAULT NULL,
  PRIMARY KEY (`ID`)
) ENGINE=InnoDB DEFAULT CHARSET=utf8;

--
-- Dumping data for table `fxsjysjgxb`
--

/*!40000 ALTER TABLE `fxsjysjgxb` DISABLE KEYS */;
/*!40000 ALTER TABLE `fxsjysjgxb` ENABLE KEYS */;


--
-- Definition of table `fxsxtj`
--

DROP TABLE IF EXISTS `fxsxtj`;
CREATE TABLE `fxsxtj` (
  `ID` varchar(32) NOT NULL,
  `SJYBH` varchar(32) DEFAULT NULL,
  `DM` varchar(32) NOT NULL,
  `MC` varchar(128) NOT NULL,
  `LX` int(11) DEFAULT NULL,
  `LM` varchar(128) DEFAULT NULL,
  `SFDM` varchar(32) DEFAULT NULL,
  `SFMC` varchar(128) DEFAULT NULL,
  PRIMARY KEY (`ID`)
) ENGINE=InnoDB DEFAULT CHARSET=utf8;

--
-- Dumping data for table `fxsxtj`
--

/*!40000 ALTER TABLE `fxsxtj` DISABLE KEYS */;
/*!40000 ALTER TABLE `fxsxtj` ENABLE KEYS */;


--
-- Definition of table `menu`
--

DROP TABLE IF EXISTS `menu`;
CREATE TABLE `menu` (
  `id` varchar(32) NOT NULL,
  `name` varchar(1024) DEFAULT NULL,
  `permission_id` varchar(32) DEFAULT NULL,
  `pid` varchar(32) DEFAULT NULL,
  `sort` int(11) DEFAULT NULL,
  `rank` int(11) DEFAULT NULL,
  `html_id` varchar(64) DEFAULT NULL,
  `html_class` varchar(64) DEFAULT NULL,
  PRIMARY KEY (`id`)
) ENGINE=InnoDB DEFAULT CHARSET=utf8;

--
-- Dumping data for table `menu`
--

/*!40000 ALTER TABLE `menu` DISABLE KEYS */;
INSERT INTO `menu` (`id`,`name`,`permission_id`,`pid`,`sort`,`rank`,`html_id`,`html_class`) VALUES 
 ('40288016572295d5015722b1fe72003f','系统管理','40288016572295d50157229bfa80000d',NULL,8,0,'manage','menu-icon fa fa-tachometer'),
 ('40288016572295d5015722b36c410040','用户管理','40288016572295d50157229cd05a000e','40288016572295d5015722b1fe72003f',5,1,'userManage','menu-icon fa fa-caret-right'),
 ('40288016572295d5015722b3d0240041','权限管理','40288016572295d50157229fdb7e0014','40288016572295d5015722b1fe72003f',3,1,'permissionManage','menu-icon fa fa-caret-right'),
 ('40288016572295d5015722b43b1c0042','角色管理','40288016572295d5015722a0e8be0017','40288016572295d5015722b1fe72003f',4,1,'roleManage','menu-icon fa fa-caret-right'),
 ('40288016572295d5015722b4a0110043','菜单管理','40288016572295d5015722a2b7d6001c','40288016572295d5015722b1fe72003f',1,1,'menuManage','menu-icon fa fa-caret-right'),
 ('40288016572295d5015722b550900044','模块管理','40288016572295d5015722a4550f0020','40288016572295d5015722b1fe72003f',2,1,'moduleManage','menu-icon fa fa-caret-right'),
 ('40288016572295d5015722b5c0580045','用户中心','40288016572295d5015722a59b3f0024',NULL,7,0,'user','menu-icon fa fa-user'),
 ('40288016572295d5015722b65a4c0046','基础资料','40288016572295d5015722a5fde10025','40288016572295d5015722b5c0580045',8,1,'basicData','menu-icon fa fa-caret-right'),
 ('40288016572295d5015722b702300047','密码设置','40288016572295d5015722a73ae60028','40288016572295d5015722b5c0580045',9,1,'passwordSettings','menu-icon fa fa-caret-right'),
 ('402880505be69e48015be6a02d840001','风险等级','402880505be69e48015be6a17f900003','40288016572295d5015722b1fe72003f',48,1,'fxjbList','menu-icon fa fa-caret-right'),
 ('402880ae5ad5b9bf015ad5bae2b00001','系统设置','402880ae5ad5b9bf015ad5bbd4dd0003','40288016572295d5015722b1fe72003f',18,1,'systemManage','menu-icon fa fa-caret-right'),
 ('402880ae5ae9b2fe015ae9b840710001','日志管理','402880ae5ae9b2fe015ae9ba685e0005',NULL,32,0,'logManage','menu-icon fa fa-file-word-o'),
 ('402880ae5ae9b2fe015ae9b89e630002','告警日志','402880ae5ae9b2fe015ae9b9b9b30004','402880ae5ae9b2fe015ae9b840710001',33,1,'alarm','menu-icon fa fa-caret-right'),
 ('402880ae5bcccd04015bccd04c720001','首页','402880ae5bcccd04015bccd1b05e0003',NULL,1,0,'home','menu-icon fa fa-home'),
 ('402880ae5bcccd04015bccd3259f0004','选案任务','402880ae5bcccd04015bccd6fa940009',NULL,2,0,'analyse','menu-icon fa fa-cubes'),
 ('402880ae5bcccd04015bccd3e2840005','新建任务','402880ae5bcccd04015bccd7fd08000a','402880ae5bcccd04015bccd3259f0004',43,1,'task','menu-icon fa fa-caret-right'),
 ('402880ae5bcccd04015bccd4bf650006','任务管理','402880ae5bcccd04015bccd8aa16000b','402880ae5bcccd04015bccd3259f0004',44,1,'taskManage','menu-icon fa fa-caret-right'),
 ('402880ae5bcccd04015bcce00268000d','分析结果','402880ae5bcccd04015bcce0dd8a000f',NULL,3,0,'analyseResult','menu-icon fa fa-file-text-o'),
 ('402880ae5bd728b6015bd72ad4200001','操作导航','402880ae5bd728b6015bd72c5ade0005',NULL,46,0,'navigat','menu-icon fa fa-list'),
 ('402880ae5bd728b6015bd72b3b660002','技术支持','402880ae5bd728b6015bd72cbf840006',NULL,47,0,'support','menu-icon fa fa-headphones'),
 ('4028b8815ab2c9de015ab2cb34d00001','模型管理','4028b8815ab2c9de015ab2cc86420004',NULL,5,0,'model','menu-icon fa fa-modx'),
 ('4028b8815ab2c9de015ab2cbbc7a0002','模型列表','4028b8815ab2c9de015ab2ccff8e0005','4028b8815ab2c9de015ab2cb34d00001',14,1,'models','menu-icon fa fa-caret-right'),
 ('4028b8815ad5c889015ad5d024420001','预测任务','4028b8815ab2c9de015ab2d01227000b',NULL,6,0,'task','menu-icon fa fa-tasks'),
 ('4028b8815ad5c889015ad5d14fbc0002','新建任务','4028b8815ab2c9de015ab2d10980000d','4028b8815ad5c889015ad5d024420001',17,1,'new','menu-icon fa fa-caret-right'),
 ('4028b8815ad5c889015ad5daeb5f0003','任务跟踪','4028b8815ab2c9de015ab2d090ac000c','4028b8815ad5c889015ad5d024420001',18,1,'track','menu-icon fa fa-caret-right'),
 ('4028b8815ad5c889015ad5dccbb30004','结果概览','4028b8815ab2c9de015ab2d1a090000e','4028b8815ad5c889015ad5d024420001',19,1,'overview','menu-icon fa fa-caret-right'),
 ('4028b8815ad5c889015ad5ddb4170005','一户式报告','4028b8815ad64aa0015ad64eed660001','4028b8815ad5c889015ad5d024420001',20,1,'report','menu-icon fa fa-caret-right'),
 ('4028b8815ad6b526015ad6b737ad0001','模型报告','4028b8815ad6b526015ad6be2c5d0008',NULL,4,0,'modelReport','menu-icon fa fa-file-text-o'),
 ('4028b8815ad6b526015ad6b8120e0002','宏观分析','4028b8815ad6b526015ad6c0fbd10009','4028b8815ad6b526015ad6b737ad0001',26,1,'macroscopic','menu-icon fa fa-caret-right'),
 ('4028b8815ad6b526015ad6b88d540003','微观分析','4028b8815ad6b526015ad6c2d41d000a','4028b8815ad6b526015ad6b737ad0001',28,1,'microcosmic','menu-icon fa fa-caret-right'),
 ('4028b8815ad6b526015ad6b9d8ab0004','中观分析','4028b8815ad6b526015ad6c3d0dd000b','4028b8815ad6b526015ad6b737ad0001',27,1,'intermediate','menu-icon fa fa-caret-right'),
 ('4028b8815b1cd161015b1cfbcce20021','数据管理','4028b8815b1cd161015b1d190a3a006e',NULL,2,0,'data','menu-icon fa fa-cubes'),
 ('4028b8815b1cd161015b1cfcde6d0022','数据采集','4028b8815b1cd161015b1d1a2435006f','4028b8815b1cd161015b1cfbcce20021',32,1,'dataCollect','menu-icon fa fa-caret-right'),
 ('4028b8815b1cd161015b1cfdb0df0023','样本数据','4028b8815b1cd161015b1d1abb0d0070','4028b8815b1cd161015b1cfbcce20021',33,1,'sampleData','menu-icon fa fa-caret-right'),
 ('4028b8815b1cd161015b1cff1d770024','人工导入','4028b8815b1cd161015b1d1d94940071','4028b8815b1cd161015b1cfcde6d0022',34,2,'peopleImport','menu-icon fa fa-caret-right'),
 ('4028b8815b1cd161015b1cffd4f20025','智能导入','4028b8815b1cd161015b1d1e36ce0072','4028b8815b1cd161015b1cfcde6d0022',35,2,'cleverImport','menu-icon fa fa-caret-right'),
 ('4028b8815b1cd161015b1d006c740026','人工导入','4028b8815b1cd161015b1d1edf910073','4028b8815b1cd161015b1cfdb0df0023',36,2,'peopleImport','menu-icon fa fa-caret-right'),
 ('4028b8815b1cd161015b1d0128ee0027','智能导入','4028b8815b1cd161015b1d209f480076','4028b8815b1cd161015b1cfdb0df0023',37,2,'cleverImport','menu-icon fa fa-caret-right'),
 ('4028b8815b1cd161015b1d445cfe0089','主题目录','4028b8815b1cd161015b1d460d99008b','4028b8815ab2c9de015ab2cb34d00001',38,1,'theme','menu-icon fa fa-caret-right'),
 ('4028b8815b1cd161015b1d4bc18e008d','任务管理','4028b8815b1cd161015b1d5733e50098','4028b8815ad5c889015ad5d024420001',40,1,'taskManage','menu-icon fa fa-caret-right'),
 ('4028b8815b1cd161015b1d9c232f00b9','模型构建','4028b8815b1cd161015b1dafb08500dc',NULL,3,0,'modelBuild','menu-icon fa fa-cog'),
 ('4028b8815b1cd161015b1d9e9e6f00c2','新建任务','4028b8815b1cd161015b1db065e300dd','4028b8815b1cd161015b1d9c232f00b9',37,1,'newMission','menu-icon fa fa-caret-right'),
 ('4028b8815b1cd161015b1da0568a00cb','任务跟踪','4028b8815b1cd161015b1db0e54a00de','4028b8815b1cd161015b1d9c232f00b9',38,1,'missionTrack','menu-icon fa fa-caret-right'),
 ('4028b8815b1cd161015b1da1f4e400cc','模型结果','4028b8815b1cd161015b1db154e600df','4028b8815b1cd161015b1d9c232f00b9',40,1,'modelResult','menu-icon fa fa-caret-right'),
 ('4028b8815b1cd161015b1da4a73700cd','模型评价','4028b8815b1cd161015b1db2981d00e0','4028b8815b1cd161015b1d9c232f00b9',39,1,'productEvaluat','menu-icon fa fa-caret-right'),
 ('4028b8815b1cd161015b1da66db900ce','任务管理','4028b8815b1cd161015b1db3191900e1','4028b8815b1cd161015b1d9c232f00b9',41,1,'taskManage','menu-icon fa fa-caret-right'),
 ('4028b8815b1cd161015b1dbcc0bf00e2','首页','4028b8815b1cd161015b1dbde33200e4',NULL,1,0,'home','menu-icon fa fa-home'),
 ('4028b8815b1deb36015b1def41590001','结果评价','402880ae5af05cfc015af0615c990003','4028b8815ad5c889015ad5d024420001',41,1,'evaluate','menu-icon fa fa-caret-right');
/*!40000 ALTER TABLE `menu` ENABLE KEYS */;


--
-- Definition of table `module`
--

DROP TABLE IF EXISTS `module`;
CREATE TABLE `module` (
  `id` varchar(32) NOT NULL,
  `sort` int(11) DEFAULT NULL,
  `name` varchar(1024) DEFAULT NULL,
  `description` varchar(1024) DEFAULT NULL,
  `menu_id` varchar(32) DEFAULT NULL,
  `main_menu_permission_id` varchar(32) DEFAULT NULL,
  `code` int(4) DEFAULT NULL,
  `yes_code` varchar(255) DEFAULT NULL,
  `no_code` varchar(255) DEFAULT NULL,
  PRIMARY KEY (`id`)
) ENGINE=InnoDB DEFAULT CHARSET=utf8;

--
-- Dumping data for table `module`
--

/*!40000 ALTER TABLE `module` DISABLE KEYS */;
INSERT INTO `module` (`id`,`sort`,`name`,`description`,`menu_id`,`main_menu_permission_id`,`code`,`yes_code`,`no_code`) VALUES 
 ('402880165745901e01574593d9c80002',1,'用户列表','用户列表','40288016572295d5015722b36c410040','40288016572295d50157229bfa80000d',1,NULL,'2-3'),
 ('402880165745901e015745942b820003',2,'启/禁用用户','启/禁用用户','40288016572295d5015722b36c410040','40288016572295d50157229bfa80000d',2,'1',NULL),
 ('402880165745901e0157459484bd0005',1,'权限列表','权限列表','40288016572295d5015722b3d0240041','40288016572295d50157229bfa80000d',4,NULL,'5-6-7'),
 ('402880165745901e01574594bf860006',2,'添加权限','添加权限','40288016572295d5015722b3d0240041','40288016572295d50157229bfa80000d',5,'4-6-7','6-7'),
 ('402880165745901e01574594f3c20007',3,'删除权限','删除权限','40288016572295d5015722b3d0240041','40288016572295d50157229bfa80000d',6,'4-5-7','5-7'),
 ('402880165745901e015745954bb90008',1,'角色列表','角色列表','40288016572295d5015722b43b1c0042','40288016572295d50157229bfa80000d',8,NULL,'9-10-11'),
 ('402880165745901e01574595c5340009',2,'添加角色','添加角色','40288016572295d5015722b43b1c0042','40288016572295d50157229bfa80000d',9,'8-10-11','10-11'),
 ('402880165745901e0157459609a5000a',3,'删除角色','删除角色','40288016572295d5015722b43b1c0042','40288016572295d50157229bfa80000d',10,'8-9-11','9-11'),
 ('402880165745901e0157459632d0000b',4,'添加角色权限','添加角色权限','40288016572295d5015722b43b1c0042','40288016572295d50157229bfa80000d',11,'8-9-10','9-10'),
 ('40288016574bc42501574be6c4650005',11,'菜单列表','菜单列表','40288016572295d5015722b4a0110043','40288016572295d50157229bfa80000d',12,NULL,'13-14-15'),
 ('40288016574bc42501574be721fe0006',12,'添加菜单','添加菜单','40288016572295d5015722b4a0110043','40288016572295d50157229bfa80000d',13,'12-14-15','14-15'),
 ('40288016574bc42501574be761af0007',13,'删除菜单','删除菜单','40288016572295d5015722b4a0110043','40288016572295d50157229bfa80000d',14,'12-13-15','13-15'),
 ('40288016574bc42501574be7f2440008',14,'编辑菜单','编辑菜单','40288016572295d5015722b4a0110043','40288016572295d50157229bfa80000d',15,'12-13-14','13-14'),
 ('40288016574bef7801574bf11c000002',15,'编辑权限','编辑权限','40288016572295d5015722b3d0240041','40288016572295d50157229bfa80000d',7,'4-5-6','5-6'),
 ('40288016574f817c01574f84605d0002',16,'模块列表','模块列表','40288016572295d5015722b550900044','40288016572295d50157229bfa80000d',16,NULL,'17-18'),
 ('40288016574f817c01574f87d0560003',17,'添加模块','添加模块','40288016572295d5015722b550900044','40288016572295d50157229bfa80000d',17,'16-18','18'),
 ('40288016574f817c01574f8829450004',18,'删除模块','删除模块','40288016572295d5015722b550900044','40288016572295d50157229bfa80000d',18,'16-17','17'),
 ('40288016574f817c01574f88b0e60005',19,'编辑用户','编辑用户','40288016572295d5015722b65a4c0046','40288016572295d5015722a59b3f0024',19,NULL,NULL),
 ('40288016574f817c01574f8910270006',20,'修改密码','修改密码','40288016572295d5015722b702300047','40288016572295d5015722a59b3f0024',20,NULL,NULL),
 ('402880505be69e48015be6a081db0002',50,'风险等级','风险等级','402880505be69e48015be6a02d840001','40288016572295d50157229bfa80000d',50,NULL,NULL),
 ('402880ae5ad5b9bf015ad5bb2e8b0002',25,'参数设置修改','参数设置修改logging','402880ae5ad5b9bf015ad5bae2b00001','40288016572295d50157229bfa80000d',25,NULL,NULL),
 ('402880ae5ae9b2fe015ae9b8ff570003',38,'告警日志','日志管理--告警日志','402880ae5ae9b2fe015ae9b89e630002','402880ae5ae9b2fe015ae9ba685e0005',38,NULL,NULL),
 ('402880ae5b5afdfd015b5aff51e30001',43,'主题目录添加模型类型','主题目录添加模型类型','4028b8815b1cd161015b1d445cfe0089','4028b8815ab2c9de015ab2cc86420004',43,NULL,NULL),
 ('402880ae5bcccd04015bccd0bd7a0002',44,'分析首页模块','分析首页模块','402880ae5bcccd04015bccd04c720001',NULL,44,NULL,NULL),
 ('402880ae5bcccd04015bccd5c4d50007',45,'分析-新建任务','分析-新建任务','402880ae5bcccd04015bccd3e2840005','402880ae5bcccd04015bccd6fa940009',45,NULL,NULL),
 ('402880ae5bcccd04015bccd5fd310008',46,'分析-任务管理','分析-任务管理','402880ae5bcccd04015bccd4bf650006','402880ae5bcccd04015bccd6fa940009',46,NULL,NULL),
 ('402880ae5bcccd04015bcce04584000e',47,'分析结果','分析结果','402880ae5bcccd04015bcce00268000d',NULL,47,NULL,NULL),
 ('402880ae5bd728b6015bd72b998b0003',48,'操作导航模块','操作导航模块','402880ae5bd728b6015bd72ad4200001',NULL,48,NULL,NULL),
 ('402880ae5bd728b6015bd72bc64c0004',49,'技术支持模块','技术支持模块','402880ae5bd728b6015bd72b3b660002',NULL,49,NULL,NULL),
 ('4028b8815ab2c9de015ab2cc07e80003',22,'模型列表','模型列表','4028b8815ab2c9de015ab2cbbc7a0002','4028b8815ab2c9de015ab2cc86420004',22,NULL,NULL),
 ('4028b8815ad5c889015ad613e8d3002d',24,'新建任务','新建任务(预测任务)','4028b8815ad5c889015ad5d14fbc0002','4028b8815ab2c9de015ab2d01227000b',24,NULL,NULL),
 ('4028b8815ad5c889015ad614bb31002e',25,'任务跟踪','任务跟踪(预测任务)','4028b8815ad5c889015ad5daeb5f0003','4028b8815ab2c9de015ab2d01227000b',25,NULL,NULL),
 ('4028b8815ad5c889015ad614efee002f',26,'结果概览','结果概览','4028b8815ad5c889015ad5dccbb30004','4028b8815ab2c9de015ab2d01227000b',26,NULL,NULL),
 ('4028b8815ad5c889015ad6152cd20030',27,'一户式报告','一户式报告','4028b8815ad5c889015ad5ddb4170005','4028b8815ab2c9de015ab2d01227000b',27,NULL,NULL),
 ('4028b8815ad6b526015ad6ba56fb0005',31,'宏观分析','宏观分析','4028b8815ad6b526015ad6b8120e0002','4028b8815ad6b526015ad6be2c5d0008',31,NULL,NULL),
 ('4028b8815ad6b526015ad6ba85c60006',32,'微观分析','微观分析','4028b8815ad6b526015ad6b88d540003','4028b8815ad6b526015ad6be2c5d0008',32,NULL,NULL),
 ('4028b8815ad6b526015ad6bab35e0007',33,'中观分析','中观分析','4028b8815ad6b526015ad6b9d8ab0004','4028b8815ad6b526015ad6be2c5d0008',33,NULL,NULL),
 ('4028b8815b1cd161015b1d06ae130042',40,'人工导入','人工导入(数据采集)','4028b8815b1cd161015b1cfcde6d0022','4028b8815b1cd161015b1d190a3a006e',40,NULL,NULL),
 ('4028b8815b1cd161015b1d0720550043',41,'智能导入','智能导入(数据采集)','4028b8815b1cd161015b1cfcde6d0022','4028b8815b1cd161015b1d190a3a006e',41,NULL,NULL),
 ('4028b8815b1cd161015b1d0b762f0054',42,'人工导入','人工导入(样本数据)','4028b8815b1cd161015b1cfdb0df0023','4028b8815b1cd161015b1d190a3a006e',42,NULL,NULL),
 ('4028b8815b1cd161015b1d0be83c0055',43,'智能导入','智能导入(样本数据)','4028b8815b1cd161015b1cfdb0df0023','4028b8815b1cd161015b1d190a3a006e',43,NULL,NULL),
 ('4028b8815b1cd161015b1d44fa94008a',44,'主题目录','主题目录','4028b8815b1cd161015b1d445cfe0089','4028b8815ab2c9de015ab2cc86420004',44,NULL,NULL),
 ('4028b8815b1cd161015b1d5016fb0096',44,'结果评价','结果评价(预测任务)','4028b8815b1deb36015b1def41590001','4028b8815ab2c9de015ab2d01227000b',44,NULL,NULL),
 ('4028b8815b1cd161015b1d5072f40097',42,'任务管理','任务管理(预测任务)','4028b8815b1cd161015b1d4bc18e008d','4028b8815ab2c9de015ab2d01227000b',42,NULL,NULL),
 ('4028b8815b1cd161015b1da80aeb00cf',39,'新建任务','新建任务(模型构建)','4028b8815b1cd161015b1d9e9e6f00c2','4028b8815b1cd161015b1dafb08500dc',39,NULL,NULL),
 ('4028b8815b1cd161015b1da8c32700d0',40,'任务跟踪','任务跟踪(模型构建)','4028b8815b1cd161015b1da0568a00cb','4028b8815b1cd161015b1dafb08500dc',40,NULL,NULL),
 ('4028b8815b1cd161015b1dabb88900d9',41,'模型结果','模型结果(模型构建)','4028b8815b1cd161015b1da1f4e400cc','4028b8815b1cd161015b1dafb08500dc',41,NULL,NULL),
 ('4028b8815b1cd161015b1dac46d500da',42,'结果评价','结果评价(模型构建)','4028b8815b1cd161015b1da4a73700cd','4028b8815b1cd161015b1dafb08500dc',42,NULL,NULL),
 ('4028b8815b1cd161015b1dac9c9400db',43,'任务管理','任务管理(模型构建)','4028b8815b1cd161015b1da66db900ce','4028b8815b1cd161015b1dafb08500dc',43,NULL,NULL),
 ('4028b8815b1cd161015b1dd206d000ed',44,'首页','首页','4028b8815b1cd161015b1dbcc0bf00e2','4028b8815b1cd161015b1dbde33200e4',44,NULL,NULL);
/*!40000 ALTER TABLE `module` ENABLE KEYS */;


--
-- Definition of table `mx`
--

DROP TABLE IF EXISTS `mx`;
CREATE TABLE `mx` (
  `ID` varchar(32) NOT NULL,
  `CJR` varchar(32) DEFAULT NULL,
  `MXH` varchar(32) DEFAULT NULL,
  `MXLX` int(11) DEFAULT NULL,
  `SJYBH` varchar(32) DEFAULT NULL,
  `MC` varchar(64) DEFAULT NULL,
  `MS` varchar(1024) DEFAULT NULL,
  `BB` int(11) DEFAULT NULL,
  `CJSJ` datetime DEFAULT NULL,
  `MXFLBH` varchar(32) DEFAULT NULL,
  PRIMARY KEY (`ID`)
) ENGINE=InnoDB DEFAULT CHARSET=utf8;

--
-- Dumping data for table `mx`
--

/*!40000 ALTER TABLE `mx` DISABLE KEYS */;
/*!40000 ALTER TABLE `mx` ENABLE KEYS */;


--
-- Definition of table `mxflb`
--

DROP TABLE IF EXISTS `mxflb`;
CREATE TABLE `mxflb` (
  `ID` varchar(32) NOT NULL,
  `MC` varchar(32) DEFAULT NULL,
  `XH` int(11) DEFAULT NULL,
  `BZ` varchar(1024) DEFAULT NULL,
  `CJSJ` datetime DEFAULT NULL,
  PRIMARY KEY (`ID`)
) ENGINE=InnoDB DEFAULT CHARSET=utf8;

--
-- Dumping data for table `mxflb`
--

/*!40000 ALTER TABLE `mxflb` DISABLE KEYS */;
/*!40000 ALTER TABLE `mxflb` ENABLE KEYS */;


--
-- Definition of table `mxsxtj`
--

DROP TABLE IF EXISTS `mxsxtj`;
CREATE TABLE `mxsxtj` (
  `ID` varchar(32) NOT NULL,
  `MXH` varchar(32) DEFAULT NULL,
  `DM` varchar(32) DEFAULT NULL,
  `MC` varchar(128) DEFAULT NULL,
  `LX` int(11) DEFAULT NULL,
  `LM` varchar(128) DEFAULT NULL,
  `SFDM` varchar(32) DEFAULT NULL,
  `SFMC` varchar(128) DEFAULT NULL,
  PRIMARY KEY (`ID`)
) ENGINE=InnoDB DEFAULT CHARSET=utf8;

--
-- Dumping data for table `mxsxtj`
--

/*!40000 ALTER TABLE `mxsxtj` DISABLE KEYS */;
/*!40000 ALTER TABLE `mxsxtj` ENABLE KEYS */;


--
-- Definition of table `organization_info`
--

DROP TABLE IF EXISTS `organization_info`;
CREATE TABLE `organization_info` (
  `id` varchar(32) NOT NULL,
  `oi_user_id` varchar(32) DEFAULT NULL,
  `oi_name` varchar(1024) DEFAULT NULL,
  `oi_email` varchar(1024) DEFAULT NULL,
  `oi_address` varchar(1024) DEFAULT NULL,
  `oi_postcode` varchar(32) DEFAULT NULL,
  `oi_document_type` int(11) DEFAULT NULL,
  `oi_reg_no` varchar(256) DEFAULT NULL,
  `oi_reg_add` varchar(256) DEFAULT NULL,
  `oi_reg_date` datetime DEFAULT NULL,
  `oi_reg_time` varchar(32) DEFAULT NULL,
  `oi_tax_no` varchar(64) DEFAULT NULL,
  `oi_reg_url` varchar(1024) DEFAULT NULL,
  `oi_tax_url` varchar(1024) DEFAULT NULL,
  `oi_maker_name` varchar(64) DEFAULT NULL,
  `oi_maker_id` varchar(32) DEFAULT NULL,
  `oi_maker_url` varchar(1024) DEFAULT NULL,
  `oi_phone` varchar(32) DEFAULT NULL,
  `oi_create_time` datetime DEFAULT NULL,
  `oi_update_time` datetime DEFAULT NULL,
  `oi_job_type` int(11) DEFAULT NULL,
  PRIMARY KEY (`id`)
) ENGINE=InnoDB DEFAULT CHARSET=utf8;

--
-- Dumping data for table `organization_info`
--

/*!40000 ALTER TABLE `organization_info` DISABLE KEYS */;
/*!40000 ALTER TABLE `organization_info` ENABLE KEYS */;


--
-- Definition of table `rel_role_permission`
--

DROP TABLE IF EXISTS `rel_role_permission`;
CREATE TABLE `rel_role_permission` (
  `id` varchar(32) NOT NULL,
  `role_id` varchar(32) DEFAULT NULL,
  `permission_id` varchar(32) DEFAULT NULL,
  PRIMARY KEY (`id`)
) ENGINE=InnoDB DEFAULT CHARSET=utf8;

--
-- Dumping data for table `rel_role_permission`
--

/*!40000 ALTER TABLE `rel_role_permission` DISABLE KEYS */;
INSERT INTO `rel_role_permission` (`id`,`role_id`,`permission_id`) VALUES 
 ('402880505be69e48015be6a4ba4a0005','402880fb5285d6f0015286216bd8004e','40288016572295d5015722a4a2be0021'),
 ('402880505be69e48015be6a4ba4a0006','402880fb5285d6f0015286216bd8004e','40288016574bef7801574bf2de2a0004'),
 ('402880505be69e48015be6a4ba4a0007','402880fb5285d6f0015286216bd8004e','40288016572295d50157229fdb7e0014'),
 ('402880505be69e48015be6a4ba4a0008','402880fb5285d6f0015286216bd8004e','40288016572295d5015722a1a6bb0019'),
 ('402880505be69e48015be6a4ba4a0009','402880fb5285d6f0015286216bd8004e','40288016572295d5015722a24d38001b'),
 ('402880505be69e48015be6a4ba4b000a','402880fb5285d6f0015286216bd8004e','40288016572295d5015722a3128c001d'),
 ('402880505be69e48015be6a4ba4b000b','402880fb5285d6f0015286216bd8004e','40288016572295d5015722a4ed3c0022'),
 ('402880505be69e48015be6a4ba4b000c','402880fb5285d6f0015286216bd8004e','40288016574bef7801574bf218580003'),
 ('402880505be69e48015be6a4ba4b000d','402880fb5285d6f0015286216bd8004e','402880ae5ad5b9bf015ad5bbd4dd0003'),
 ('402880505be69e48015be6a4ba4b000e','402880fb5285d6f0015286216bd8004e','40288016572295d5015722a0e8be0017'),
 ('402880505be69e48015be6a4ba4b000f','402880fb5285d6f0015286216bd8004e','40288016572295d5015722a153510018'),
 ('402880505be69e48015be6a4ba4b0010','402880fb5285d6f0015286216bd8004e','40288016572295d5015722a73ae60028'),
 ('402880505be69e48015be6a4ba4b0011','402880fb5285d6f0015286216bd8004e','40288016572295d5015722a2b7d6001c'),
 ('402880505be69e48015be6a4ba4b0012','402880fb5285d6f0015286216bd8004e','40288016572295d50157229bfa80000d'),
 ('402880505be69e48015be6a4ba4b0013','402880fb5285d6f0015286216bd8004e','40288016572295d5015722a366e9001e'),
 ('402880505be69e48015be6a4ba4c0014','402880fb5285d6f0015286216bd8004e','40288016572295d5015722a1f1c9001a'),
 ('402880505be69e48015be6a4ba4c0015','402880fb5285d6f0015286216bd8004e','40288016572295d5015722a6453b0026'),
 ('402880505be69e48015be6a4ba4c0016','402880fb5285d6f0015286216bd8004e','40288016572295d5015722a7891c0029'),
 ('402880505be69e48015be6a4ba4d0017','402880fb5285d6f0015286216bd8004e','40288016572295d5015722a5fde10025'),
 ('402880505be69e48015be6a4ba4d0018','402880fb5285d6f0015286216bd8004e','40288016572295d5015722a4550f0020'),
 ('402880505be69e48015be6a4ba4d0019','402880fb5285d6f0015286216bd8004e','40288016572295d5015722a546500023'),
 ('402880505be69e48015be6a4ba4d001a','402880fb5285d6f0015286216bd8004e','402880505be69e48015be6a2f07d0004'),
 ('402880505be69e48015be6a4ba4d001b','402880fb5285d6f0015286216bd8004e','40288016574bc42501574becf4430009'),
 ('402880505be69e48015be6a4ba4d001c','402880fb5285d6f0015286216bd8004e','40288016572295d5015722a3c45e001f'),
 ('402880505be69e48015be6a4ba4d001d','402880fb5285d6f0015286216bd8004e','40288016572295d5015722a094330016'),
 ('402880505be69e48015be6a4ba4d001e','402880fb5285d6f0015286216bd8004e','40288016572295d5015722a040190015'),
 ('402880505be69e48015be6a4ba4e001f','402880fb5285d6f0015286216bd8004e','40288016572295d5015722a59b3f0024'),
 ('402880505be69e48015be6a4ba4e0020','402880fb5285d6f0015286216bd8004e','402880505be69e48015be6a17f900003'),
 ('402880505be69e48015be6a4ba4e0021','402880fb5285d6f0015286216bd8004e','40288016574bc42501574bee0018000a'),
 ('402880ae5af4c236015af4c4528b0001','402880b551f1f0d80151f1f102700001','40288016572295d5015722a59b3f0024'),
 ('402880ae5af4c236015af4c4528d0002','402880b551f1f0d80151f1f102700001','40288016572295d5015722a6453b0026'),
 ('402880ae5af4c236015af4c4528d0003','402880b551f1f0d80151f1f102700001','40288016572295d5015722a73ae60028'),
 ('402880ae5af4c236015af4c4528d0004','402880b551f1f0d80151f1f102700001','40288016572295d5015722a7891c0029'),
 ('402880ae5af4c236015af4c4528d0005','402880b551f1f0d80151f1f102700001','40288016572295d5015722a5fde10025'),
 ('402880ae5af4c236015af4c4528d0006','402880b551f1f0d80151f1f102700001','40288016572295d50157229cd05a000e'),
 ('402880ae5af4c236015af4c4528d0007','402880b551f1f0d80151f1f102700001','40288016572295d50157229d5bc5000f'),
 ('402880ae5af4c236015af4c4528d0008','402880b551f1f0d80151f1f102700001','40288016572295d50157229bfa80000d'),
 ('402880ae5af4c236015af4c4528d0009','402880b551f1f0d80151f1f102700001','40288016572295d50157229df5760010'),
 ('402880ae5bd728b6015bd72e33a20008','402880b551f1f0d80151f1f21a0a0004','402880ae5bcccd04015bcce823850018'),
 ('402880ae5bd728b6015bd72e33a20009','402880b551f1f0d80151f1f21a0a0004','402880ae5bd728b6015bd72c5ade0005'),
 ('402880ae5bd728b6015bd72e33a3000a','402880b551f1f0d80151f1f21a0a0004','402880ae5bcccd04015bcce8aa650019'),
 ('402880ae5bd728b6015bd72e33a3000b','402880b551f1f0d80151f1f21a0a0004','402880ae5bcccd04015bcce623db0014'),
 ('402880ae5bd728b6015bd72e33a3000c','402880b551f1f0d80151f1f21a0a0004','402880ae5bcccd04015bcce73a9e0016'),
 ('402880ae5bd728b6015bd72e33a3000d','402880b551f1f0d80151f1f21a0a0004','402880ae5bcccd04015bcceb0715001d'),
 ('402880ae5bd728b6015bd72e33a3000e','402880b551f1f0d80151f1f21a0a0004','402880ae5bcccd04015bcce7b03f0017'),
 ('402880ae5bd728b6015bd72e33a3000f','402880b551f1f0d80151f1f21a0a0004','402880ae5bcccd04015bcce93653001a'),
 ('402880ae5bd728b6015bd72e33a30010','402880b551f1f0d80151f1f21a0a0004','402880ae5bcccd04015bccd6fa940009'),
 ('402880ae5bd728b6015bd72e33a30011','402880b551f1f0d80151f1f21a0a0004','402880ae5bcccd04015bcce0dd8a000f'),
 ('402880ae5bd728b6015bd72e33a30012','402880b551f1f0d80151f1f21a0a0004','402880ae5bcccd04015bccd956bb000c'),
 ('402880ae5bd728b6015bd72e33a30013','402880b551f1f0d80151f1f21a0a0004','402880ae5bcccd04015bcce24d880010'),
 ('402880ae5bd728b6015bd72e33a30014','402880b551f1f0d80151f1f21a0a0004','402880ae5bcccd04015bcce9abf4001b'),
 ('402880ae5bd728b6015bd72e33a30015','402880b551f1f0d80151f1f21a0a0004','402880ae5bcccd04015bccd8aa16000b'),
 ('402880ae5bd728b6015bd72e33a30016','402880b551f1f0d80151f1f21a0a0004','402880ae5bcccd04015bcce55c890013'),
 ('402880ae5bd728b6015bd72e33a40017','402880b551f1f0d80151f1f21a0a0004','402880ae5bcccd04015bccea8951001c'),
 ('402880ae5bd728b6015bd72e33a40018','402880b551f1f0d80151f1f21a0a0004','402880ae5bd728b6015bd72cbf840006'),
 ('402880ae5bd728b6015bd72e33a40019','402880b551f1f0d80151f1f21a0a0004','402880ae5bcccd04015bcce6ba5f0015'),
 ('402880ae5bd728b6015bd72e33a4001a','402880b551f1f0d80151f1f21a0a0004','402880ae5bcccd04015bcce2e7580011'),
 ('402880ae5bd728b6015bd72e33a4001b','402880b551f1f0d80151f1f21a0a0004','402880ae5bcccd04015bccd1b05e0003'),
 ('402880ae5bd728b6015bd72e33a4001c','402880b551f1f0d80151f1f21a0a0004','402880ae5bcccd04015bcce44db80012'),
 ('402880ae5bd728b6015bd72e33a4001d','402880b551f1f0d80151f1f21a0a0004','402880ae5bcccd04015bccd7fd08000a');
/*!40000 ALTER TABLE `rel_role_permission` ENABLE KEYS */;


--
-- Definition of table `rel_user_role`
--

DROP TABLE IF EXISTS `rel_user_role`;
CREATE TABLE `rel_user_role` (
  `id` varchar(32) NOT NULL,
  `user_id` varchar(32) DEFAULT NULL,
  `role_id` varchar(32) DEFAULT NULL,
  PRIMARY KEY (`id`)
) ENGINE=InnoDB DEFAULT CHARSET=utf8;

--
-- Dumping data for table `rel_user_role`
--

/*!40000 ALTER TABLE `rel_user_role` DISABLE KEYS */;
INSERT INTO `rel_user_role` (`id`,`user_id`,`role_id`) VALUES 
 ('40288048557bfa4801557bfc86a70002','402880b55083a97b015083aab8650001','402880b551f1f0d80151f1f102700001'),
 ('402880fb5285d6f00152861fb790004c','402880fb5285d6f00152861fb78f004a','402880fb5285d6f0015286216bd8004e');
/*!40000 ALTER TABLE `rel_user_role` ENABLE KEYS */;


--
-- Definition of table `rwjg`
--

DROP TABLE IF EXISTS `rwjg`;
CREATE TABLE `rwjg` (
  `ID` varchar(32) NOT NULL,
  `RWH` varchar(32) DEFAULT NULL,
  `WJM` varchar(1024) DEFAULT NULL,
  `WJLJ` varchar(1024) DEFAULT NULL,
  `CJSJ` datetime DEFAULT NULL,
  `WJDX` varchar(32) DEFAULT NULL,
  `WJHASH` varchar(32) DEFAULT NULL,
  PRIMARY KEY (`ID`)
) ENGINE=InnoDB DEFAULT CHARSET=utf8;

--
-- Dumping data for table `rwjg`
--

/*!40000 ALTER TABLE `rwjg` DISABLE KEYS */;
/*!40000 ALTER TABLE `rwjg` ENABLE KEYS */;


--
-- Definition of table `sjcj`
--

DROP TABLE IF EXISTS `sjcj`;
CREATE TABLE `sjcj` (
  `ID` varchar(32) NOT NULL,
  `CJR` varchar(32) DEFAULT NULL,
  `SJKLX` int(11) DEFAULT NULL,
  `SJKDZ` varchar(1024) DEFAULT NULL,
  `DKH` varchar(32) DEFAULT NULL,
  `YHM` varchar(32) DEFAULT NULL,
  `MM` varchar(32) DEFAULT NULL,
  `CJSJ` datetime DEFAULT NULL,
  `ZT` int(11) DEFAULT NULL,
  `GXSJ` datetime DEFAULT NULL,
  `SJKMC` varchar(64) DEFAULT NULL,
  PRIMARY KEY (`ID`)
) ENGINE=InnoDB DEFAULT CHARSET=utf8;

--
-- Dumping data for table `sjcj`
--

/*!40000 ALTER TABLE `sjcj` DISABLE KEYS */;
/*!40000 ALTER TABLE `sjcj` ENABLE KEYS */;


--
-- Definition of table `sjy`
--

DROP TABLE IF EXISTS `sjy`;
CREATE TABLE `sjy` (
  `ID` varchar(32) NOT NULL,
  `CJR` varchar(32) DEFAULT NULL,
  `LX` int(11) DEFAULT NULL,
  `MC` varchar(64) DEFAULT NULL,
  `MS` varchar(1024) DEFAULT NULL,
  `JQH` varchar(64) DEFAULT NULL,
  `SY` varchar(64) DEFAULT NULL,
  `SYLX` varchar(64) DEFAULT NULL,
  `CJSJ` datetime DEFAULT NULL,
  `ZT` int(11) DEFAULT NULL,
  `SJKSSJ` datetime DEFAULT NULL,
  `SJJSSJ` datetime DEFAULT NULL,
  `CJWJLJ` varchar(1024) DEFAULT NULL,
  `SJYH` varchar(64) DEFAULT NULL,
  PRIMARY KEY (`ID`)
) ENGINE=InnoDB DEFAULT CHARSET=utf8;

--
-- Dumping data for table `sjy`
--

/*!40000 ALTER TABLE `sjy` DISABLE KEYS */;
/*!40000 ALTER TABLE `sjy` ENABLE KEYS */;


--
-- Definition of table `sjysjcjgxb`
--

DROP TABLE IF EXISTS `sjysjcjgxb`;
CREATE TABLE `sjysjcjgxb` (
  `ID` varchar(32) NOT NULL,
  `SJYBH` varchar(32) DEFAULT NULL,
  `SJCJBH` varchar(32) DEFAULT NULL,
  `CJSJ` datetime DEFAULT NULL,
  PRIMARY KEY (`ID`)
) ENGINE=InnoDB DEFAULT CHARSET=utf8;

--
-- Dumping data for table `sjysjcjgxb`
--

/*!40000 ALTER TABLE `sjysjcjgxb` DISABLE KEYS */;
/*!40000 ALTER TABLE `sjysjcjgxb` ENABLE KEYS */;


--
-- Definition of table `sjysjgxb`
--

DROP TABLE IF EXISTS `sjysjgxb`;
CREATE TABLE `sjysjgxb` (
  `ID` varchar(32) NOT NULL,
  `XLSJYBH` varchar(32) DEFAULT NULL,
  `XLSJCJBH` varchar(32) DEFAULT NULL,
  `XLSJDRBH` varchar(32) DEFAULT NULL,
  `LX` int(11) DEFAULT NULL,
  `CJSJ` datetime DEFAULT NULL,
  PRIMARY KEY (`ID`)
) ENGINE=InnoDB DEFAULT CHARSET=utf8;

--
-- Dumping data for table `sjysjgxb`
--

/*!40000 ALTER TABLE `sjysjgxb` DISABLE KEYS */;
/*!40000 ALTER TABLE `sjysjgxb` ENABLE KEYS */;


--
-- Definition of table `system_config`
--

DROP TABLE IF EXISTS `system_config`;
CREATE TABLE `system_config` (
  `id` varchar(32) NOT NULL,
  `sc_name` varchar(32) DEFAULT NULL,
  `sc_value` varchar(1024) DEFAULT NULL,
  `sc_describe` varchar(1024) DEFAULT NULL,
  PRIMARY KEY (`id`)
) ENGINE=InnoDB DEFAULT CHARSET=utf8;

--
-- Dumping data for table `system_config`
--

/*!40000 ALTER TABLE `system_config` DISABLE KEYS */;
INSERT INTO `system_config` (`id`,`sc_name`,`sc_value`,`sc_describe`) VALUES 
 ('100001','mail_smtp_server','smtp.exmail.qq.com','SMTP服务器地址'),
 ('100002','mail_user_name','marketing@zsyun.com','邮件服务器用户名'),
 ('100003','mail_password','Suteam2006','邮件服务器密码'),
 ('100004','mail_life_time','24','激活链接失效时间 单位：小时'),
 ('100005','mail_sender','中数云计算','邮件发送者名称'),
 ('100007','app_code','xf9yqkvjhedhxbbbfrqxo66v3ckgz4nz','App Code'),
 ('100008','app_key','9t1srfvbqlffvfevffy4gsfwdcmuxwab','App Key'),
 ('100009','user_number','00000001','User Number'),
 ('100010','auth_server','http://192.168.0.59/authServer','授权服务器地址'),
 ('100011','esgateway_server','http://192.168.0.57/esGateway','esGateWay服务器地址'),
 ('100012','system_logo','高风险纳税人定向稽查大数据智能分析引擎','logo名称'),
 ('100013','dataworker_server','http://192.168.0.206:8992/TaxDataWorker','dataworker服务器地址'),
 ('100014','result_server','http://192.168.0.215:8100/TaxResultWorker','result服务器地址'),
 ('100015','modeler_server','','modeler服务器地址'),
 ('100016','es_file_http_reciever','http://192.168.0.61/esFileHttpReciever','文件上传服务器地址'),
 ('100017','file_server','http://192.168.0.184','文件服务器地址'),
 ('100018','upload_file_path','\\\\192.168.0.184\\share','上传文件路径'),
 ('100019','service_life_time','999999999','每次接口请求有效时间（毫秒）'),
 ('100020','service_number','service14815247618409yl5','esGateway开放接口服务号'),
 ('100021','task_manager_server','http://192.168.0.56/TaskManager','TaskManager服务器地址'),
 ('100022','taxview_server','http://192.168.0.37:8080/taxview','taxview服务器地址'),
 ('100023','reportWorker_server','http://192.168.0.56/taxReportWorker','report服务器地址');
/*!40000 ALTER TABLE `system_config` ENABLE KEYS */;


--
-- Definition of table `user`
--

DROP TABLE IF EXISTS `user`;
CREATE TABLE `user` (
  `id` varchar(32) NOT NULL,
  `u_user_number` varchar(32) DEFAULT NULL,
  `u_user_name` varchar(32) DEFAULT NULL,
  `u_phone` varchar(32) DEFAULT NULL,
  `u_email` varchar(256) DEFAULT NULL,
  `u_password` varchar(64) DEFAULT NULL,
  `u_status` int(11) DEFAULT NULL,
  `u_create_time` datetime DEFAULT NULL,
  `u_qualification_type` int(11) DEFAULT NULL,
  `u_role_type` int(11) DEFAULT NULL,
  `u_update_time` datetime DEFAULT NULL,
  `u_qualification_status` int(11) DEFAULT NULL,
  `u_auth_passed_time` datetime DEFAULT NULL,
  `u_auth_apply_time` datetime DEFAULT NULL,
  `u_auth_nopass_reason` varchar(1024) DEFAULT NULL,
  PRIMARY KEY (`id`)
) ENGINE=InnoDB DEFAULT CHARSET=utf8;

--
-- Dumping data for table `user`
--

/*!40000 ALTER TABLE `user` DISABLE KEYS */;
INSERT INTO `user` (`id`,`u_user_number`,`u_user_name`,`u_phone`,`u_email`,`u_password`,`u_status`,`u_create_time`,`u_qualification_type`,`u_role_type`,`u_update_time`,`u_qualification_status`,`u_auth_passed_time`,`u_auth_apply_time`,`u_auth_nopass_reason`) VALUES 
 ('402880b55083a97b015083aab8650001','88888888','admin','13800000000','admin@zsyun.com','0d88f485a99b411444da84ebc13064ee02438226',1,NULL,0,0,NULL,2,NULL,NULL,NULL),
 ('402880fb5285d6f00152861fb78f004a','99999999','system','13900000000','system@zsyun.com','6286dd3b1917e404fd38ab1110a6ee200ae2b9d7',1,NULL,0,1,NULL,2,NULL,NULL,NULL);
/*!40000 ALTER TABLE `user` ENABLE KEYS */;


--
-- Definition of table `user_info`
--

DROP TABLE IF EXISTS `user_info`;
CREATE TABLE `user_info` (
  `id` varchar(32) NOT NULL,
  `ui_user_id` varchar(32) DEFAULT NULL,
  `ui_name` varchar(32) DEFAULT NULL,
  `ui_sex` int(11) DEFAULT NULL,
  `ui_province` varchar(32) DEFAULT NULL,
  `ui_city` varchar(32) DEFAULT NULL,
  `ui_area` varchar(32) DEFAULT NULL,
  `ui_address` varchar(1024) DEFAULT NULL,
  `ui_phone` varchar(32) DEFAULT NULL,
  `ui_postcode` varchar(32) DEFAULT NULL,
  `ui_email` varchar(64) DEFAULT NULL,
  `ui_head_url` varchar(1024) DEFAULT NULL,
  `ui_id_card_name` varchar(64) DEFAULT NULL,
  `ui_id_card_url` varchar(1024) DEFAULT NULL,
  `ui_create_time` datetime DEFAULT NULL,
  `ui_update_time` datetime DEFAULT NULL,
  `ui_document_type` int(11) DEFAULT NULL,
  `ui_document_id` varchar(1024) DEFAULT NULL,
  `ui_email_start_date` datetime DEFAULT NULL,
  PRIMARY KEY (`id`)
) ENGINE=InnoDB DEFAULT CHARSET=utf8;

--
-- Dumping data for table `user_info`
--

/*!40000 ALTER TABLE `user_info` DISABLE KEYS */;
INSERT INTO `user_info` (`id`,`ui_user_id`,`ui_name`,`ui_sex`,`ui_province`,`ui_city`,`ui_area`,`ui_address`,`ui_phone`,`ui_postcode`,`ui_email`,`ui_head_url`,`ui_id_card_name`,`ui_id_card_url`,`ui_create_time`,`ui_update_time`,`ui_document_type`,`ui_document_id`,`ui_email_start_date`) VALUES 
 ('4028802a5580012601558001b21b0001','402880fb5285d6f00152861fb78f004a','系统管理员',0,'','','','','13900000000','','system@zsyun.com','',NULL,NULL,NULL,'2016-07-13 14:00:29',NULL,NULL,NULL),
 ('402880b55590ffa001559101af5f0018','402880b55083a97b015083aab8650001','超级管理员',0,'','','','','13800000000','','admin@zsyun.com','',NULL,NULL,NULL,'2016-07-11 11:25:54',NULL,NULL,NULL);
/*!40000 ALTER TABLE `user_info` ENABLE KEYS */;


--
-- Definition of table `user_permission`
--

DROP TABLE IF EXISTS `user_permission`;
CREATE TABLE `user_permission` (
  `id` varchar(32) NOT NULL,
  `name` varchar(1024) DEFAULT NULL,
  `url` varchar(1024) DEFAULT NULL,
  `type` varchar(32) DEFAULT NULL,
  `description` varchar(1024) DEFAULT NULL,
  `module_id` varchar(32) DEFAULT NULL,
  `module_type` int(255) DEFAULT NULL,
  PRIMARY KEY (`id`)
) ENGINE=InnoDB DEFAULT CHARSET=utf8;

--
-- Dumping data for table `user_permission`
--

/*!40000 ALTER TABLE `user_permission` DISABLE KEYS */;
INSERT INTO `user_permission` (`id`,`name`,`url`,`type`,`description`,`module_id`,`module_type`) VALUES 
 ('40288016572295d50157229bfa80000d','manage:manage','/manage.do','perms','管理',NULL,1),
 ('40288016572295d50157229cd05a000e','userManage:userList','/v1/html/manage/userManage/query/userList.do','perms','用户列表页面','402880165745901e01574593d9c80002',2),
 ('40288016572295d50157229d5bc5000f','userManage:enableUser','/v1/html/manage/userManage/update/enableUser.do','perms','启用用户','402880165745901e015745942b820003',2),
 ('40288016572295d50157229df5760010','usreManage:disableUser','/v1/html/manage/userManage/update/disableUser.do','perms','禁用用户','402880165745901e015745942b820003',2),
 ('40288016572295d50157229fdb7e0014','permissionManage:permissionList','/v1/html/manage/permissionManage/query/permissionList.do','perms','权限列表','402880165745901e0157459484bd0005',2),
 ('40288016572295d5015722a040190015','permissionManage:createUserPermission','/v1/html/manage/permissionManage/create/createUserPermission.do','perms','保存权限信息','402880165745901e01574594bf860006',2),
 ('40288016572295d5015722a094330016','permissionManage:deletePermission','/v1/html/manage/permissionManage/delete/deletePermission.do','perms','删除权限','402880165745901e01574594f3c20007',2),
 ('40288016572295d5015722a0e8be0017','roleManage:roleList','/v1/html/manage/roleManage/query/roleList.do','perms','角色列表页面','402880165745901e015745954bb90008',2),
 ('40288016572295d5015722a153510018','roleManage:createRole','/v1/html/manage/roleManage/create/createRole.do','perms','保存角色信息','402880165745901e01574595c5340009',2),
 ('40288016572295d5015722a1a6bb0019','roleManage:deleteRole','/v1/html/manage/roleManage/delete/deleteRole.do','perms','删除角色信息','402880165745901e0157459609a5000a',2),
 ('40288016572295d5015722a1f1c9001a','roleManage:toRolePermission','/v1/html/manage/roleManage/create/toRolePermission.do','perms','添加角色权限页面','402880165745901e0157459632d0000b',2),
 ('40288016572295d5015722a24d38001b','roleManage:createRolePermission','/v1/html/manage/roleManage/create/createRolePermission.do','perms','保存角色权限信息','402880165745901e0157459632d0000b',2),
 ('40288016572295d5015722a2b7d6001c','menuManage:menuList','/v1/html/manage/menuManage/query/menuList.do','perms','菜单列表','40288016574bc42501574be6c4650005',2),
 ('40288016572295d5015722a3128c001d','menuManage:toMenu','/v1/html/manage/menuManage/create/toMenu.do','perms','添加菜单页面','40288016574bc42501574be721fe0006',2),
 ('40288016572295d5015722a366e9001e','menuManage:createMenu','/v1/html/manage/menuManage/create/createMenu.do','perms','保存菜单信息','40288016574bc42501574be721fe0006',2),
 ('40288016572295d5015722a3c45e001f','menuManage:deleteMenu','/v1/html/manage/menuManage/delete/deleteMenu.do','perms','删除菜单信息','40288016574bc42501574be761af0007',2),
 ('40288016572295d5015722a4550f0020','moduleManage:moduleList','/v1/html/manage/moduleManage/query/moduleList.do','perms','模块列表页面','40288016574f817c01574f84605d0002',2),
 ('40288016572295d5015722a4a2be0021','moduleManage:toModule','/v1/html/manage/moduleManage/create/toModule.do','perms','添加模块页面','40288016574f817c01574f87d0560003',2),
 ('40288016572295d5015722a4ed3c0022','moduleManage:createmodule','/v1/html/manage/moduleManage/create/createModule.do','perms','保存模块信息','40288016574f817c01574f87d0560003',2),
 ('40288016572295d5015722a546500023','moduleManage:deleteModule','/v1/html/manage/moduleManage/delete/deleteModule.do','perms','删除模块信息','40288016574f817c01574f8829450004',2),
 ('40288016572295d5015722a59b3f0024','user:user','/user.do','perms','用户中心菜单',NULL,1),
 ('40288016572295d5015722a5fde10025','basicData:userInfo','/v1/html/user/basicData/query/userInfo.do','perms','用户信息显示页面','40288016574f817c01574f88b0e60005',2),
 ('40288016572295d5015722a6453b0026','basicData:updateUserInfo','/v1/html/user/basicData/update/updateUserInfo.do','perms','保存用户信息','40288016574f817c01574f88b0e60005',2),
 ('40288016572295d5015722a73ae60028','passwordSettings:toUpdatePassword','/v1/html/user/passwordSettings/update/toUpdatePassword.do','perms','修改密码页面','40288016574f817c01574f8910270006',2),
 ('40288016572295d5015722a7891c0029','passwordSettings:updatePassword','/v1/html/user/passwordSettings/update/updatePassword.do','perms','更新用户密码','40288016574f817c01574f8910270006',2),
 ('40288016574bc42501574becf4430009','menuManage:toUpdateMenu','/v1/html/manage/menuManage/update/toUpdateMenu.do','perms','编辑菜单页面','40288016574bc42501574be7f2440008',2),
 ('40288016574bc42501574bee0018000a','menuManage:updateMenu','/v1/html/manage/menuManage/update/updateMenu.do','perms','更新菜单信息','40288016574bc42501574be7f2440008',2),
 ('40288016574bef7801574bf218580003','permissionManage:toUpdatePermission','/v1/html/manage/permissionManage/update/toUpdatePermission.do','perms','编辑权限页面','40288016574bef7801574bf11c000002',2),
 ('40288016574bef7801574bf2de2a0004','permissionManage:updatePermission','/v1/html/manage/permissionManage/update/updatePermission.do','perms','更新权限信息','40288016574bef7801574bf11c000002',2),
 ('402880505be69e48015be6a17f900003','query:fxjbList','/v1/html/manage/systemManage/query/fxjbList.do','perms','风险等级页面','402880505be69e48015be6a081db0002',2),
 ('402880505be69e48015be6a2f07d0004','update:fxjb','/v1/html/manage/systemManage/update/fxjb.do','perms','自定义风险等级提交','402880505be69e48015be6a081db0002',2),
 ('4028808b5778d0ad015778d5bad90002','port','/v1/port/**','anon','开放接口',NULL,1),
 ('402880ae5ad5b9bf015ad5bbd4dd0003','systemManage:system','/v1/html/manage/systemManage/update/system.do','perms','参数设置修改logging页面','402880ae5ad5b9bf015ad5bb2e8b0002',2),
 ('402880ae5ae9b2fe015ae9b9b9b30004','alarm:log','/v1/html/logManage/alarm/log.do','perms','告警日志页面','402880ae5ae9b2fe015ae9b8ff570003',2),
 ('402880ae5ae9b2fe015ae9b9b9b31111','alarm:logDetail','/v1/html/logManage/alarm/logDetail.do','perms','告警日志详情','402880ae5ae9b2fe015ae9b8ff570003',2),
 ('402880ae5ae9b2fe015ae9ba685e0005','log:log','/log.do','perms','日志管理',NULL,1),
 ('402880ae5af05cfc015af0615c990003','evaluate:evaluateList','/v1/html/task/evaluate/evaluateList.do','perms','结果评价列表页面（预测任务）','4028b8815b1cd161015b1d5016fb0096',2),
 ('402880ae5b5afdfd015b5b0000c50002','theme:addTheme','/v1/html/model/theme/addTheme.do','perms','主题目录添加模型类型','402880ae5b5afdfd015b5aff51e30001',2),
 ('402880ae5bcccd04015bccd1b05e0003','分析首页权限','/v1/html/fxhome.do','perms','分析首页权限','402880ae5bcccd04015bccd0bd7a0002',2),
 ('402880ae5bcccd04015bccd6fa940009','analyse:analyse','/analyse.do','perms','选案任务',NULL,1),
 ('402880ae5bcccd04015bccd7fd08000a','analyse:add','/v1/html/analyse/task/add.do','perms','分析-新建任务页面','402880ae5bcccd04015bccd5c4d50007',2),
 ('402880ae5bcccd04015bccd8aa16000b','analyse:list','/v1/html/analyse/taskManage/list.do','perms','分析-任务管理列表页面','402880ae5bcccd04015bccd5fd310008',2),
 ('402880ae5bcccd04015bccd956bb000c','analyse:detail','/v1/html/analyse/taskManage/detail.do','perms','分析-任务详情页面','402880ae5bcccd04015bccd5fd310008',2),
 ('402880ae5bcccd04015bcce0dd8a000f','analyse:resultList','/v1/html/analyse/result/resultList.do','perms','分析结果页面','402880ae5bcccd04015bcce04584000e',2),
 ('402880ae5bcccd04015bcce24d880010','analyse:detail','/v1/html/analyse/result/detail.do','perms','分析结果概览列表页面','402880ae5bcccd04015bcce04584000e',2),
 ('402880ae5bcccd04015bcce2e7580011','analyse:taxpayerList','/v1/html/analyse/result/taxpayerList.do','perms','分析结果-一户式报告','402880ae5bcccd04015bcce04584000e',2),
 ('402880ae5bcccd04015bcce44db80012','analyse:detailList','/v1/html/analyse/result/detailList.do','perms','分析结果-详情页面','402880ae5bcccd04015bcce04584000e',2),
 ('402880ae5bcccd04015bcce55c890013','analyse:report1','/v1/html/analyse/result/report1.do','perms','分析结果-企业基础信息','402880ae5bcccd04015bcce04584000e',2),
 ('402880ae5bcccd04015bcce623db0014','analyse:report2','/v1/html/analyse/result/report2.do','perms','分析结果-企业纳税遵从风险报告摘要','402880ae5bcccd04015bcce04584000e',2),
 ('402880ae5bcccd04015bcce6ba5f0015','analyse:report3','/v1/html/analyse/result/report3.do','perms','分析结果-纳税申报以及疑点科目指向','402880ae5bcccd04015bcce04584000e',2),
 ('402880ae5bcccd04015bcce73a9e0016','analyse:report4','/v1/html/analyse/result/report4.do','perms','分析结果-一般企业收入以及疑点科目指向','402880ae5bcccd04015bcce04584000e',2),
 ('402880ae5bcccd04015bcce7b03f0017','analyse:report5','/v1/html/analyse/result/report5.do','perms','分析结果-一般企业成本支出以及疑点科目指向','402880ae5bcccd04015bcce04584000e',2),
 ('402880ae5bcccd04015bcce823850018','analyse:report6','/v1/html/analyse/result/report6.do','perms','分析结果-企业期间费用以及疑点科目指向','402880ae5bcccd04015bcce04584000e',2),
 ('402880ae5bcccd04015bcce8aa650019','analyse:detail1','/v1/html/analyse/result/detail1.do','perms','分析结果-参照企业列表跳转页面','402880ae5bcccd04015bcce04584000e',2),
 ('402880ae5bcccd04015bcce93653001a','analyse:ajaxdetail1','/v1/html/analyse/result/ajaxdetail1.do','perms','分析结果-参照企业列表跳转页面(异步)','402880ae5bcccd04015bcce04584000e',2),
 ('402880ae5bcccd04015bcce9abf4001b','analyse:detail2','/v1/html/analyse/result/detail2.do','perms','分析结果-科目重要性排序跳转页面','402880ae5bcccd04015bcce04584000e',2),
 ('402880ae5bcccd04015bccea8951001c','analyse:ajaxdetail2','/v1/html/analyse/result/ajaxdetail2.do','perms','分析结果-科目重要性排序跳转页面(异步)','402880ae5bcccd04015bcce04584000e',2),
 ('402880ae5bcccd04015bcceb0715001d','analyse:getBatchData','/v1/html/analyse/result/getBatchData.do','perms','分析结果-纳税人清单 异步获取数据','402880ae5bcccd04015bcce04584000e',2),
 ('402880ae5bd728b6015bd72c5ade0005','navigat:navigat','/v1/html/navigat.do','perms','操作导航页面','402880ae5bd728b6015bd72b998b0003',2),
 ('402880ae5bd728b6015bd72cbf840006','support:support','/v1/html/support.do','perms','技术支持页面','402880ae5bd728b6015bd72bc64c0004',2),
 ('402880b551f1e09b0151f1e16f200002','anon','/','anon','根目录访问授权',NULL,3),
 ('402880b551f62c3b0151f69abe4b0002','anon','/v1/anon/**','anon','匿名访问接口功能',NULL,3),
 ('4028b8815ab2c9de015ab2cc86420004','model:model','/model.do','perms','模型管理菜单',NULL,1),
 ('4028b8815ab2c9de015ab2ccff8e0005','models:list','/v1/html/model/models/list.do','perms','模型列表页面','4028b8815ab2c9de015ab2cc07e80003',2),
 ('4028b8815ab2c9de015ab2d01227000b','task:task','/task.do','perms','预测任务管理菜单',NULL,1),
 ('4028b8815ab2c9de015ab2d090ac000c','predict:list','/v1/html/task/predict/list.do','perms','任务跟踪列表页面(预测任务)','4028b8815ad5c889015ad614bb31002e',2),
 ('4028b8815ab2c9de015ab2d10980000d','predict:add','/v1/html/task/predict/add.do','perms','新建预测任务页面（预测任务）','4028b8815ad5c889015ad613e8d3002d',2),
 ('4028b8815ab2c9de015ab2d10981111d','predict:getDataSource','/v1/html/task/predict/getDataSource.do','perms','获取数据源信息','4028b8815ad5c889015ad613e8d3002d',2),
 ('4028b8815ab2c9de015ab2d10982222d','predict:save','/v1/html/task/predict/save.do','perms','保存预测任务','4028b8815ad5c889015ad613e8d3002d',2),
 ('4028b8815ab2c9de015ab2d1a090000e','result:overviewList','/v1/html/task/result/overviewList.do','perms','结果概览列表页面','4028b8815ad5c889015ad614efee002f',2),
 ('4028b8815ab2c9de015ab2d20552000f','result:detail','/v1/html/task/result/detail.do','perms','预测结果概览页面','4028b8815ad5c889015ad614efee002f',2),
 ('4028b8815ab2c9de015ab2d322810010','result:detailList','/v1/html/task/result/detailList.do','perms','预测结果概览详情列表页面','4028b8815ad5c889015ad614efee002f',2),
 ('4028b8815ab2c9de015ab2d3a01a0011','result:taxpayerList','/v1/html/task/result/taxpayerList.do','perms','纳税人清单列表页面','4028b8815ad5c889015ad6152cd20030',2),
 ('4028b8815ab2c9de015ab2d405ce0012','result:report1','/v1/html/task/result/report1.do','perms','纳税人一户式报告（企业基础信息）','4028b8815ad5c889015ad6152cd20030',2),
 ('4028b8815ab2c9de015ab2d482f30013','result:report2','/v1/html/task/result/report2.do','perms','纳税人一户式报告（企业纳税遵从风险报告摘要）','4028b8815ad5c889015ad6152cd20030',2),
 ('4028b8815ab2c9de015ab2d4f6820014','result:report3','/v1/html/task/result/report3.do','perms','纳税人一户式报告（纳税申报以及疑点科目指向）','4028b8815ad5c889015ad6152cd20030',2),
 ('4028b8815ab2c9de015ab2d557a10015','result:report4','/v1/html/task/result/report4.do','perms','纳税人一户式报告（一般企业收入以及疑点科目指向）','4028b8815ad5c889015ad6152cd20030',2),
 ('4028b8815ab2c9de015ab2d5bf5c0016','result:report5','/v1/html/task/result/report5.do','perms','纳税人一户式报告（一般企业成本支出以及疑点科目指向）','4028b8815ad5c889015ad6152cd20030',2),
 ('4028b8815ab2c9de015ab2d61ae10017','result:report6','/v1/html/task/result/report6.do','perms','纳税人一户式报告（企业期间费用以及疑点科目指向）','4028b8815ad5c889015ad6152cd20030',2),
 ('4028b8815ac6a99e015ac6b312980002','predict:update','/v1/html/task/predict/update.do','perms','预测任务编辑功能信息展示','4028b8815b1cd161015b1d5072f40097',2),
 ('4028b8815ac6a99e015ac6b3cb850004','predict:confirmUpdate','/v1/html/task/predict/confirmUpdate.do','perms','预测任务确认编辑功能','4028b8815b1cd161015b1d5072f40097',2),
 ('4028b8815ac6a99e015ac6b48e8b0006','predict:delete','/v1/html/task/predict/delete.do','perms','预测任务删除功能','4028b8815b1cd161015b1d5072f40097',2),
 ('4028b8815ad64aa0015ad64eed660001','result:reportList','/v1/html/task/result/reportList.do','perms','一户式报告列表页面','4028b8815ad5c889015ad6152cd20030',2),
 ('4028b8815ad6b526015ad6be2c5d0008','modelReport:modelReport','/modelReport.do','perms','模型报告管理菜单',NULL,1),
 ('4028b8815ad6b526015ad6c0fbd10009','macroscopic:list','/v1/html/modelReport/macroscopic/list.do','perms','宏观页面','4028b8815ad6b526015ad6ba56fb0005',2),
 ('4028b8815ad6b526015ad6c2d41d000a','microcosmic:list','/v1/html/modelReport/microcosmic/list.do','perms','微观页面','4028b8815ad6b526015ad6ba85c60006',2),
 ('4028b8815ad6b526015ad6c3d0dd000b','intermediate:list','/v1/html/modelReport/intermediate/list.do','perms','中观页面','4028b8815ad6b526015ad6bab35e0007',2),
 ('4028b8815adb69b3015adb6afd1b0001','macroscopic:picture1','/v1/html/modelReport/macroscopic/picture1.do','perms','内蒙地区主要地市税收征管质量(全国空气质量图)','4028b8815ad6b526015ad6ba56fb0005',2),
 ('4028b8815adb69b3015adb6c5cda0003','macroscopic:picture2','/v1/html/modelReport/macroscopic/picture2.do','perms','北京地区税收收入状况（入库额）','4028b8815ad6b526015ad6ba56fb0005',2),
 ('4028b8815adb69b3015adb6e57630005','macroscopic:picture3','/v1/html/modelReport/macroscopic/picture3.do','perms','北京地区各区营业收入状况（营业收入）','4028b8815ad6b526015ad6ba56fb0005',2),
 ('4028b8815adb69b3015adb6f8e210007','macroscopic:picture4','/v1/html/modelReport/macroscopic/picture4.do','perms','内蒙地区GDP与税收收入发展状况(k线图)','4028b8815ad6b526015ad6ba56fb0005',2),
 ('4028b8815adb69b3015adb70c6d00009','macroscopic:picture5','/v1/html/modelReport/macroscopic/picture5.do','perms','内蒙地区税收收入波动情况(雨量流量关系图)','4028b8815ad6b526015ad6ba56fb0005',2),
 ('4028b8815adb69b3015adb73faa5000b','intermediate:picture1','/v1/html/modelReport/intermediate/picture1.do','perms','广东地区各行业税负对比图(柱形图)','4028b8815ad6b526015ad6bab35e0007',2),
 ('4028b8815adb69b3015adb75185a000d','intermediate:picture2','/v1/html/modelReport/intermediate/picture2.do','perms','税收流失区域矩形图','4028b8815ad6b526015ad6bab35e0007',2),
 ('4028b8815adb69b3015adb7614fb000f','intermediate:picture3','/v1/html/modelReport/intermediate/picture3.do','perms','北京地区各区流失户分布（流失户数）','4028b8815ad6b526015ad6bab35e0007',2),
 ('4028b8815adb69b3015adb76edd40011','intermediate:picture4','/v1/html/modelReport/intermediate/picture4.do','perms','2012~2016各行业税收流失金额趋势图','4028b8815ad6b526015ad6bab35e0007',2),
 ('4028b8815adb69b3015adb781a8a0013','intermediate:picture5','/v1/html/modelReport/intermediate/picture5.do','perms','流失情况散点图','4028b8815ad6b526015ad6bab35e0007',2),
 ('4028b8815adb69b3015adb78f81d0015','intermediate:picture6','/v1/html/modelReport/intermediate/picture6.do','perms','北京地区各区流失户及流失户比统计','4028b8815ad6b526015ad6bab35e0007',2),
 ('4028b8815adb69b3015adb79dd8b0017','intermediate:picture7','/v1/html/modelReport/intermediate/picture7.do','perms','不同类型下的流失额','4028b8815ad6b526015ad6bab35e0007',2),
 ('4028b8815adb69b3015adb7c92e70019','microcosmic:picture1','/v1/html/modelReport/microcosmic/picture1.do','perms','企业关联关系网状图（内蒙地区煤炭业关联关系图）','4028b8815ad6b526015ad6ba85c60006',2),
 ('4028b8815adb69b3015adb7d3c62001b','microcosmic:picture2','/v1/html/modelReport/microcosmic/picture2.do','perms','北上广发票流向图','4028b8815ad6b526015ad6ba85c60006',2),
 ('4028b8815b1cd161015b1d190a3a006e','data:data','/data.do','perms','数据管理菜单',NULL,1),
 ('4028b8815b1cd161015b1d1a2435006f','data:dataCollect','/dataCollect.do','perms','数据采集菜单',NULL,2),
 ('4028b8815b1cd161015b1d1abb0d0070','data:sampleData','/sampleData.do','perms','样本数据菜单',NULL,2),
 ('4028b8815b1cd161015b1d1d94940071','peopleImport:add','/v1/html/data/dataCollect/peopleImport/add.do','perms','人工导入添加页面','4028b8815b1cd161015b1d06ae130042',2),
 ('4028b8815b1cd161015b1d1e36ce0072','cleverImport:add','/v1/html/data/dataCollect/cleverImport/add.do','perms','智能导入添加页面','4028b8815b1cd161015b1d0720550043',2),
 ('4028b8815b1cd161015b1d1edf910073','peopleImport:list','/v1/html/data/sampleData/peopleImport/list.do','perms','数据源列表页面(人工导入)','4028b8815b1cd161015b1d0b762f0054',2),
 ('4028b8815b1cd161015b1d1f80db0074','peopleImport:detail','/v1/html/data/sampleData/peopleImport/detail.do','perms','数据源数据详情页面(人工导入)','4028b8815b1cd161015b1d0b762f0054',2),
 ('4028b8815b1cd161015b1d202a250075','peopleImport:overview','/v1/html/data/sampleData/peopleImport/overview.do','perms','数据源数据概览页面(人工导入)','4028b8815b1cd161015b1d0b762f0054',2),
 ('4028b8815b1cd161015b1d209f480076','cleverImport:list','/v1/html/data/sampleData/cleverImport/list.do','perms','数据源列表页面(智能导入)','4028b8815b1cd161015b1d0be83c0055',2),
 ('4028b8815b1cd161015b1d2107590077','cleverImport:detail','/v1/html/data/sampleData/cleverImport/detail.do','perms','数据源数据详情页面(智能导入)','4028b8815b1cd161015b1d0be83c0055',2),
 ('4028b8815b1cd161015b1d2168890080','cleverImport:overview','/v1/html/data/sampleData/cleverImport/overview.do','perms','数据源数据概览页面(智能导入)','4028b8815b1cd161015b1d0be83c0055',2),
 ('4028b8815b1cd161015b1d460d99008b','theme:list','/v1/html/model/theme/list.do','perms','主题目录列表页面','4028b8815b1cd161015b1d44fa94008a',2),
 ('4028b8815b1cd161015b1d5733e50098','taskControl:list','/v1/html/task/taskControl/list.do','perms','任务管理列表页面（预测任务）','4028b8815b1cd161015b1d5072f40097',2),
 ('4028b8815b1cd161015b1dafb08500dc','modelBuild:modelBuild','/modelBuild.do','perms','模型构建管理菜单',NULL,1),
 ('4028b8815b1cd161015b1db065e300dd','newMission:add','/v1/html/modelBuild/newMission/add.do','perms','新建任务页面(模型构建)','4028b8815b1cd161015b1da80aeb00cf',2),
 ('4028b8815b1cd161015b1db0e54a00de','missionTrack:list','/v1/html/modelBuild/missionTrack/list.do','perms','任务跟踪列表页面(模型构建)','4028b8815b1cd161015b1da8c32700d0',2),
 ('4028b8815b1cd161015b1db154e600df','modelResult:list','/v1/html/modelBuild/modelResult/list.do','perms','模型结果列表页面','4028b8815b1cd161015b1dabb88900d9',2),
 ('4028b8815b1cd161015b1db2981d00e0','productEvaluat:list','/v1/html/modelBuild/productEvaluat/list.do','perms','结果评价列表页面(模型构建)','4028b8815b1cd161015b1dac46d500da',2),
 ('4028b8815b1cd161015b1db3191900e1','taskManage:list','/v1/html/modelBuild/taskManage/list.do','perms','任务管理列表页面(模型构建)','4028b8815b1cd161015b1dac9c9400db',2),
 ('4028b8815b1cd161015b1dbde33200e4','home:home','/v1/html/home.do','perms','首页功能模块页面','4028b8815b1cd161015b1dd206d000ed',2),
 ('4028b8815b220b87015b222737290001','models:updateBb','/v1/html/model/models/updateBb.do','perms','设置正式版本按钮功能','4028b8815ab2c9de015ab2cc07e80003',2),
 ('4028b8815b220b87015b2227a7cb0003','models:update','/v1/html/model/models/update.do','perms','模型列表编辑功能信息展示','4028b8815ab2c9de015ab2cc07e80003',2),
 ('4028b8815b220b87015b222849f60005','models:confirmUpdate','/v1/html/model/models/confirmUpdate.do','perms','模型列表确认编辑功能','4028b8815ab2c9de015ab2cc07e80003',2),
 ('4028b8815b220b87015b2228f0c80007','theme:updateTheme','/v1/html/model/theme/updateTheme.do','perms','主题目录列表编辑功能信息展示','4028b8815b1cd161015b1d44fa94008a',2),
 ('4028b8815b220b87015b2229a0ff0009','theme:confirmTheme','/v1/html/model/theme/confirmTheme.do','perms','主题目录列表确认编辑功能','4028b8815b1cd161015b1d44fa94008a',2),
 ('4028b8815b220b87015b222a742e000d','theme:delete','/v1/html/model/theme/delete.do','perms','主题目录删除模型','4028b8815b1cd161015b1d44fa94008a',2),
 ('4028b8815b220b87015b226938d0000f','newMission:getDataSource','/v1/html/modelBuild/newMission/getDataSource.do','perms','异步获取数据源信息(模型构建)','4028b8815b1cd161015b1da80aeb00cf',2),
 ('4028b8815b220b87015b2269b32c0011','newMission:save','/v1/html/modelBuild/newMission/save.do','perms','保存新建任务(模型构建)','4028b8815b1cd161015b1da80aeb00cf',2),
 ('4028b8815b220b87015b226a73910013','modelResult:taxpayerList','/v1/html/modelBuild/modelResult/taxpayerList.do','perms','纳税人清单列表页面(模型构建)','4028b8815b1cd161015b1dabb88900d9',2),
 ('4028b8815b220b87015b226b25560015','modelResult:report1','/v1/html/modelBuild/modelResult/report1.do','perms','企业基础信息(模型构建)','4028b8815b1cd161015b1dabb88900d9',2),
 ('4028b8815b220b87015b226bb64d0017','modelResult:report2','/v1/html/modelBuild/modelResult/report2.do','perms','企业纳税遵从风险报告摘要(模型构建)','4028b8815b1cd161015b1dabb88900d9',2),
 ('4028b8815b220b87015b226c37820019','modelResult:report3','/v1/html/modelBuild/modelResult/report3.do','perms','纳税申报以及疑点科目指向(模型构建)','4028b8815b1cd161015b1dabb88900d9',2),
 ('4028b8815b220b87015b226ca803001b','modelResult:report4','/v1/html/modelBuild/modelResult/report4.do','perms','一般企业收入以及疑点科目指向(模型构建)','4028b8815b1cd161015b1dabb88900d9',2),
 ('4028b8815b220b87015b226e5bf8001d','modelResult:report5','/v1/html/modelBuild/modelResult/report5.do','perms','一般企业成本支出以及疑点科目指向(模型构建)','4028b8815b1cd161015b1dabb88900d9',2),
 ('4028b8815b220b87015b226ed3ee001f','modelResult:report6','/v1/html/modelBuild/modelResult/report6.do','perms','企业期间费用以及疑点科目指向(模型构建)','4028b8815b1cd161015b1dabb88900d9',2),
 ('4028b8815b220b87015b226fbdda0021','modelResult:getBatchData','/v1/html/modelBuild/modelResult/getBatchData.do','perms','纳税人清单异步获取数据','4028b8815b1cd161015b1dabb88900d9',2),
 ('4028b8815b220b87015b2270afbe0023','modelResult:detail','/v1/html/modelBuild/modelResult/detail.do','perms','预测结果概览页面(模型构建)','4028b8815b1cd161015b1dabb88900d9',2),
 ('4028b8815b220b87015b227131710025','modelResult:detailList','/v1/html/modelBuild/modelResult/detailList.do','perms','预测结果概览详情列表页面(模型构建)','4028b8815b1cd161015b1dabb88900d9',2),
 ('4028b8815b220b87015b2271f5c90027','taskManage:update','/v1/html/modelBuild/taskManage/update.do','perms','预测任务编辑功能信息展示(模型构建)','4028b8815b1cd161015b1dac9c9400db',2),
 ('4028b8815b220b87015b2275294a0029','taskManage:confirmUpdate','/v1/html/modelBuild/taskManage/confirmUpdate.do','perms','预测任务确认编辑功能(模型构建)','4028b8815b1cd161015b1dac9c9400db',2),
 ('4028b8815b220b87015b22762c28002b','taskManage:delete','/v1/html/modelBuild/taskManage/delete.do','perms','预测任务删除功能(模型构建)','4028b8815b1cd161015b1dac9c9400db',2),
 ('4028b8815b239a5f015b23ae8be60019','peopleImport:updateArt','/v1/html/data/dataCollect/peopleImport/updateArt.do','perms','人工导入回调(数据采集)','4028b8815b1cd161015b1d06ae130042',2),
 ('4028b8815b239a5f015b23b18b87001b','peopleImport:saveArt','/v1/html/data/dataCollect/peopleImport/saveArt.do','perms','人工导入保存(数据采集)','4028b8815b1cd161015b1d06ae130042',2),
 ('4028b8815b239a5f015b23b2325a001d','cleverImport:save','/v1/html/data/dataCollect/cleverImport/save.do','perms','智能导入-保存(数据采集)','4028b8815b1cd161015b1d0720550043',2),
 ('4028b8815b239a5f015b23b2a4f8001f','cleverImport:addDataBase','/v1/html/data/dataCollect/cleverImport/addDataBase.do','perms','智能导入-新增数据采集(数据采集)','4028b8815b1cd161015b1d0720550043',2),
 ('4028b8815b239a5f015b23b383f30021','cleverImport:getCity','/v1/html/data/dataCollect/cleverImport/getCity.do','perms','智能导入-获取城市集合(数据采集)','4028b8815b1cd161015b1d0720550043',2),
 ('4028b8815b239a5f015b23b463800023','peopleImport:getBatchData','/v1/html/data/sampleData/peopleImport/getBatchData.do','perms','人工导入异步请求批次数据(样本数据)','4028b8815b1cd161015b1d0b762f0054',2),
 ('4028b8815b239a5f015b23b4d8070025','peopleImport:getData','/v1/html/data/sampleData/peopleImport/getData.do','perms','人工导入异步获取计算信息(样本数据)','4028b8815b1cd161015b1d0b762f0054',2),
 ('4028b8815b239a5f015b23b56adb0027','cleverImport:getBatchData','/v1/html/data/sampleData/cleverImport/getBatchData.do','perms','智能导入异步请求批次数据(样本数据)','4028b8815b1cd161015b1d0be83c0055',2),
 ('4028b8815b239a5f015b23b5f38d0029','cleverImport:getData','/v1/html/data/sampleData/cleverImport/getData.do','perms','智能导入异步获取计算信息(样本数据)','4028b8815b1cd161015b1d0be83c0055',2),
 ('4028b8815b239a5f015b23b683ce002b','result:detail2','/v1/html/task/result/detail2.do','perms','科目重要性排序跳转页面(预测任务)','4028b8815ad5c889015ad6152cd20030',2),
 ('4028b8815b239a5f015b23b6f955002d','result:detail1','/v1/html/task/result/detail1.do','perms','参照企业列表跳转页面(预测任务)','4028b8815ad5c889015ad6152cd20030',2),
 ('4028b8815b239a5f015b23b78a61002f','modelResult:detail2','/v1/html/modelBuild/modelResult/detail2.do','perms','科目重要性排序跳转页面(模型构建)','4028b8815b1cd161015b1dabb88900d9',2),
 ('4028b8815b239a5f015b23b80be50031','modelResult:detail1','/v1/html/modelBuild/modelResult/detail1.do','perms','参照企业列表跳转页面(模型构建)','4028b8815b1cd161015b1dabb88900d9',2),
 ('4028b8815b4128e6015b414800c40001','taskManage:detail','/v1/html/modelBuild/taskManage/detail.do','perms','训练任务详情页面','4028b8815b1cd161015b1dac9c9400db',2),
 ('4028b8815b46ca21015b46cb1d8c0001','modelResult:ajaxdetail2','/v1/html/modelBuild/modelResult/ajaxdetail2.do','perms','科目重要性排序跳转页面(异步)','4028b8815b1cd161015b1dabb88900d9',2),
 ('4028b8815b46ca21015b46cbe5a20003','modelResult:customFxjb','/v1/html/modelBuild/modelResult/customFxjb.do','perms','自定义风险级别功能','4028b8815b1cd161015b1dabb88900d9',2);
/*!40000 ALTER TABLE `user_permission` ENABLE KEYS */;


--
-- Definition of table `user_role`
--

DROP TABLE IF EXISTS `user_role`;
CREATE TABLE `user_role` (
  `id` varchar(32) NOT NULL,
  `name` varchar(32) DEFAULT NULL,
  `description` varchar(1024) DEFAULT NULL,
  `default_role` int(11) DEFAULT NULL,
  PRIMARY KEY (`id`)
) ENGINE=InnoDB DEFAULT CHARSET=utf8;

--
-- Dumping data for table `user_role`
--

/*!40000 ALTER TABLE `user_role` DISABLE KEYS */;
INSERT INTO `user_role` (`id`,`name`,`description`,`default_role`) VALUES 
 ('402880b551f1f0d80151f1f102700001','超级管理员','拥有业务最高权限',1),
 ('402880b551f1f0d80151f1f21a0a0004','普通用户','普通用户权限',1),
 ('402880fb5285d6f0015286216bd8004e','系统管理员','拥有系统最高权限',1);
/*!40000 ALTER TABLE `user_role` ENABLE KEYS */;


--
-- Definition of table `xlrw`
--

DROP TABLE IF EXISTS `xlrw`;
CREATE TABLE `xlrw` (
  `ID` varchar(32) NOT NULL,
  `RWH` varchar(32) DEFAULT NULL,
  `CJR` varchar(32) DEFAULT NULL,
  `MC` varchar(64) DEFAULT NULL,
  `MS` varchar(1024) DEFAULT NULL,
  `JD` int(11) DEFAULT NULL,
  `ZT` int(11) DEFAULT NULL,
  `SBYY` varchar(1024) DEFAULT NULL,
  `SJYBH` varchar(32) DEFAULT NULL,
  `MXH` varchar(32) DEFAULT NULL,
  `GXSJ` datetime DEFAULT NULL,
  `CJSJ` datetime DEFAULT NULL,
  `SJKSSJ` datetime DEFAULT NULL,
  `SJJSSJ` datetime DEFAULT NULL,
  PRIMARY KEY (`ID`)
) ENGINE=InnoDB DEFAULT CHARSET=utf8;

--
-- Dumping data for table `xlrw`
--

/*!40000 ALTER TABLE `xlrw` DISABLE KEYS */;
/*!40000 ALTER TABLE `xlrw` ENABLE KEYS */;


--
-- Definition of table `xlsjcj`
--

DROP TABLE IF EXISTS `xlsjcj`;
CREATE TABLE `xlsjcj` (
  `ID` varchar(32) NOT NULL,
  `CJR` varchar(32) DEFAULT NULL,
  `SJKLX` int(11) DEFAULT NULL,
  `SJKDZ` varchar(1024) DEFAULT NULL,
  `DKH` varchar(32) DEFAULT NULL,
  `YHM` varchar(32) DEFAULT NULL,
  `MM` varchar(32) DEFAULT NULL,
  `CJSJ` datetime DEFAULT NULL,
  `ZT` int(11) DEFAULT NULL,
  `GXSJ` datetime DEFAULT NULL,
  `SJKMC` varchar(64) DEFAULT NULL,
  PRIMARY KEY (`ID`)
) ENGINE=InnoDB DEFAULT CHARSET=utf8;

--
-- Dumping data for table `xlsjcj`
--

/*!40000 ALTER TABLE `xlsjcj` DISABLE KEYS */;
/*!40000 ALTER TABLE `xlsjcj` ENABLE KEYS */;


--
-- Definition of table `xlsjdr`
--

DROP TABLE IF EXISTS `xlsjdr`;
CREATE TABLE `xlsjdr` (
  `ID` varchar(32) NOT NULL,
  `WJM` varchar(1024) DEFAULT NULL,
  `WJLJ` varchar(1024) DEFAULT NULL,
  `WJHASH` varchar(128) DEFAULT NULL,
  `CJR` varchar(32) DEFAULT NULL,
  `CJSJ` datetime DEFAULT NULL,
  `ZT` int(11) DEFAULT NULL,
  `GXSJ` datetime DEFAULT NULL,
  `WJLX` int(11) DEFAULT NULL,
  `DRLX` int(11) DEFAULT NULL,
  PRIMARY KEY (`ID`)
) ENGINE=InnoDB DEFAULT CHARSET=utf8;

--
-- Dumping data for table `xlsjdr`
--

/*!40000 ALTER TABLE `xlsjdr` DISABLE KEYS */;
/*!40000 ALTER TABLE `xlsjdr` ENABLE KEYS */;


--
-- Definition of table `xlsjy`
--

DROP TABLE IF EXISTS `xlsjy`;
CREATE TABLE `xlsjy` (
  `ID` varchar(32) NOT NULL,
  `CJR` varchar(32) DEFAULT NULL,
  `LX` int(11) DEFAULT NULL,
  `MC` varchar(64) DEFAULT NULL,
  `MS` varchar(1024) DEFAULT NULL,
  `JQH` varchar(64) DEFAULT NULL,
  `SY` varchar(64) DEFAULT NULL,
  `SYLX` varchar(64) DEFAULT NULL,
  `CJSJ` datetime DEFAULT NULL,
  `ZT` int(11) DEFAULT NULL,
  `SJKSSJ` datetime DEFAULT NULL,
  `SJJSSJ` datetime DEFAULT NULL,
  `CJWJLJ` varchar(1024) DEFAULT NULL,
  `SJYH` varchar(64) DEFAULT NULL,
  PRIMARY KEY (`ID`)
) ENGINE=InnoDB DEFAULT CHARSET=utf8;

--
-- Dumping data for table `xlsjy`
--

/*!40000 ALTER TABLE `xlsjy` DISABLE KEYS */;
/*!40000 ALTER TABLE `xlsjy` ENABLE KEYS */;


--
-- Definition of table `xlsxtj`
--

DROP TABLE IF EXISTS `xlsxtj`;
CREATE TABLE `xlsxtj` (
  `ID` varchar(32) NOT NULL,
  `SJYBH` varchar(32) DEFAULT NULL,
  `DM` varchar(32) DEFAULT NULL,
  `MC` varchar(128) DEFAULT NULL,
  `LX` int(11) DEFAULT NULL,
  `LM` varchar(128) DEFAULT NULL,
  `SFDM` varchar(32) DEFAULT NULL,
  `SFMC` varchar(128) DEFAULT NULL,
  PRIMARY KEY (`ID`)
) ENGINE=InnoDB DEFAULT CHARSET=utf8;

--
-- Dumping data for table `xlsxtj`
--

/*!40000 ALTER TABLE `xlsxtj` DISABLE KEYS */;
/*!40000 ALTER TABLE `xlsxtj` ENABLE KEYS */;


--
-- Definition of table `ycrw`
--

DROP TABLE IF EXISTS `ycrw`;
CREATE TABLE `ycrw` (
  `ID` varchar(32) NOT NULL,
  `RWH` varchar(32) DEFAULT NULL,
  `CJR` varchar(32) DEFAULT NULL,
  `MC` varchar(64) DEFAULT NULL,
  `MS` varchar(1024) DEFAULT NULL,
  `JD` int(11) DEFAULT NULL,
  `ZT` int(11) DEFAULT NULL,
  `SBYY` varchar(1024) DEFAULT NULL,
  `SJYBH` varchar(32) DEFAULT NULL,
  `MXH` varchar(32) DEFAULT NULL,
  `GXSJ` datetime DEFAULT NULL,
  `CJSJ` datetime DEFAULT NULL,
  `SJKSSJ` datetime DEFAULT NULL,
  `SJJSSJ` datetime DEFAULT NULL,
  PRIMARY KEY (`ID`)
) ENGINE=InnoDB DEFAULT CHARSET=utf8;

--
-- Dumping data for table `ycrw`
--

/*!40000 ALTER TABLE `ycrw` DISABLE KEYS */;
/*!40000 ALTER TABLE `ycrw` ENABLE KEYS */;




/*!40101 SET SQL_MODE=@OLD_SQL_MODE */;
/*!40014 SET FOREIGN_KEY_CHECKS=@OLD_FOREIGN_KEY_CHECKS */;
/*!40014 SET UNIQUE_CHECKS=@OLD_UNIQUE_CHECKS */;
/*!40101 SET CHARACTER_SET_CLIENT=@OLD_CHARACTER_SET_CLIENT */;
/*!40101 SET CHARACTER_SET_RESULTS=@OLD_CHARACTER_SET_RESULTS */;
/*!40101 SET COLLATION_CONNECTION=@OLD_COLLATION_CONNECTION */;
/*!40101 SET CHARACTER_SET_CLIENT=@OLD_CHARACTER_SET_CLIENT */;
